id,subject,predicate,object,source,confidence,score,is_sr
1,academic/wiki/papers/D001-2010-distorted-kagome,来源,academic/raw/references/D001-2010-distorted-kagome/paper,raw-not-distributed/D001-2010-distorted-kagome/paper.md,可追溯,,0
2,academic/wiki/papers/D001-2010-distorted-kagome,发表于,Phys. Rev. B,raw-not-distributed/D001-2010-distorted-kagome/wiki.md#semantic,可追溯,,0
3,Wei Li,第一作者,academic/wiki/papers/D001-2010-distorted-kagome,raw-not-distributed/D001-2010-distorted-kagome/wiki.md#semantic,可追溯,,0
4,Shou-Shu Gong,作者,academic/wiki/papers/D001-2010-distorted-kagome,raw-not-distributed/D001-2010-distorted-kagome/wiki.md#semantic,可追溯,,0
5,Yang Zhao,作者,academic/wiki/papers/D001-2010-distorted-kagome,raw-not-distributed/D001-2010-distorted-kagome/wiki.md#semantic,可追溯,,0
6,Shi-Ju Ran,作者,academic/wiki/papers/D001-2010-distorted-kagome,raw-not-distributed/D001-2010-distorted-kagome/wiki.md#semantic,可追溯,,0
7,Song Gao,作者,academic/wiki/papers/D001-2010-distorted-kagome,raw-not-distributed/D001-2010-distorted-kagome/wiki.md#semantic,可追溯,,0
8,Gang Su,作者,academic/wiki/papers/D001-2010-distorted-kagome,raw-not-distributed/D001-2010-distorted-kagome/wiki.md#semantic,可追溯,,0
9,academic/wiki/papers/D001-2010-distorted-kagome,核心方法,精确解,raw-not-distributed/D001-2010-distorted-kagome/wiki.md#semantic,可追溯,,0
10,academic/wiki/papers/D001-2010-distorted-kagome,核心方法,TRG,raw-not-distributed/D001-2010-distorted-kagome/wiki.md#semantic,可追溯,,0
11,academic/wiki/papers/D001-2010-distorted-kagome,研究基础,二维模型,raw-not-distributed/D001-2010-distorted-kagome/wiki.md#semantic,可追溯,,0
12,academic/wiki/papers/D001-2010-distorted-kagome,研究基础,扭曲格点,raw-not-distributed/D001-2010-distorted-kagome/wiki.md#semantic,可追溯,,0
13,academic/wiki/papers/D001-2010-distorted-kagome,核心创新点,扭曲kagome格点上二维Ising模型的精确解与TRG数值结合,raw-not-distributed/D001-2010-distorted-kagome/wiki.md#semantic,可追溯,,0
14,academic/wiki/papers/D001-2010-distorted-kagome,核心创新点,外磁场下m=1/3磁化平台的发现,raw-not-distributed/D001-2010-distorted-kagome/wiki.md#semantic,可追溯,,0
15,academic/wiki/papers/D001-2010-distorted-kagome,核心创新点,拟合DMF磁化率并提取交换耦合常数,raw-not-distributed/D001-2010-distorted-kagome/wiki.md#semantic,可追溯,,0
16,academic/wiki/papers/D001-2010-distorted-kagome,应用于,DMF,raw-not-distributed/D001-2010-distorted-kagome/wiki.md#semantic,可追溯,,0
17,academic/wiki/papers/D001-2010-distorted-kagome,对比方法,各向同性反铁磁模型,raw-not-distributed/D001-2010-distorted-kagome/wiki.md#semantic,可追溯,,0
18,二维模型,属于,扭曲格点,raw-not-distributed/D001-2010-distorted-kagome/wiki.md#semantic,可追溯,,0
19,TRG,对比,精确解,raw-not-distributed/D001-2010-distorted-kagome/wiki.md#semantic,可追溯,,0
20,扭曲格点,基于,kagome格点,raw-not-distributed/D001-2010-distorted-kagome/wiki.md#semantic,可追溯,,0
21,DMF,包含,钴离子,raw-not-distributed/D001-2010-distorted-kagome/wiki.md#semantic,推断,,0
22,扭曲格点,包含,kagome格点,raw-not-distributed/D001-2010-distorted-kagome/paper.md,推断,,0
23,扭曲kagome格点上二维Ising模型的精确解与TRG数值结合,包含,TRG,raw-not-distributed/D001-2010-distorted-kagome/paper.md,推断,,0
24,扭曲kagome格点上二维Ising模型的精确解与TRG数值结合,包含,扭曲格点,raw-not-distributed/D001-2010-distorted-kagome/paper.md,推断,,0
25,扭曲kagome格点上二维Ising模型的精确解与TRG数值结合,包含,精确解,raw-not-distributed/D001-2010-distorted-kagome/paper.md,推断,,0
26,扭曲kagome格点上二维Ising模型的精确解与TRG数值结合,包含,二维模型,raw-not-distributed/D001-2010-distorted-kagome/paper.md,推断,,0
27,academic/wiki/papers/D002-2010-ltrg,来源,academic/raw/references/D002-2010-ltrg/paper,raw-not-distributed/D002-2010-ltrg/paper.md,可追溯,,0
28,Wei Li,第一作者,academic/wiki/papers/D002-2010-ltrg,raw-not-distributed/D002-2010-ltrg/wiki.md#semantic,可追溯,,0
29,Shi-Ju Ran,作者,academic/wiki/papers/D002-2010-ltrg,raw-not-distributed/D002-2010-ltrg/wiki.md#semantic,可追溯,,0
30,Shou-Shu Gong,作者,academic/wiki/papers/D002-2010-ltrg,raw-not-distributed/D002-2010-ltrg/wiki.md#semantic,可追溯,,0
31,Yang Zhao,作者,academic/wiki/papers/D002-2010-ltrg,raw-not-distributed/D002-2010-ltrg/wiki.md#semantic,可追溯,,0
32,Bin Xi,作者,academic/wiki/papers/D002-2010-ltrg,raw-not-distributed/D002-2010-ltrg/wiki.md#semantic,可追溯,,0
33,Fei Ye,作者,academic/wiki/papers/D002-2010-ltrg,raw-not-distributed/D002-2010-ltrg/wiki.md#semantic,可追溯,,0
34,Gang Su,作者,academic/wiki/papers/D002-2010-ltrg,raw-not-distributed/D002-2010-ltrg/wiki.md#semantic,可追溯,,0
35,academic/wiki/papers/D002-2010-ltrg,核心方法,LTRG,raw-not-distributed/D002-2010-ltrg/wiki.md#semantic,可追溯,,0
36,academic/wiki/papers/D002-2010-ltrg,核心方法,无限时间演化分块删截,raw-not-distributed/D002-2010-ltrg/wiki.md#semantic,可追溯,,0
37,academic/wiki/papers/D002-2010-ltrg,研究基础,转移矩阵张量网络,raw-not-distributed/D002-2010-ltrg/wiki.md#semantic,可追溯,,0
38,academic/wiki/papers/D002-2010-ltrg,应用于,一维XY自旋链,raw-not-distributed/D002-2010-ltrg/wiki.md#semantic,可追溯,,0
39,academic/wiki/papers/D002-2010-ltrg,应用于,蜂巢晶格上海森堡反铁磁体,raw-not-distributed/D002-2010-ltrg/wiki.md#semantic,可追溯,,0
40,academic/wiki/papers/D002-2010-ltrg,研究基础,热力学量,raw-not-distributed/D002-2010-ltrg/wiki.md#semantic,可追溯,,0
41,academic/wiki/papers/D002-2010-ltrg,对比方法,二维转移网络直接粗粒化,raw-not-distributed/D002-2010-ltrg/wiki.md#semantic,可追溯,,0
42,LTRG,基于,无限时间演化分块删截,raw-not-distributed/D002-2010-ltrg/wiki.md#semantic,可追溯,,0
43,LTRG,替代,二维转移网络直接粗粒化,raw-not-distributed/D002-2010-ltrg/wiki.md#semantic,可追溯,,0
44,academic/wiki/papers/D003-2012-spin-1-chain-闫,来源,academic/raw/references/D003-2012-spin-1-chain-闫/paper,raw-not-distributed/D003-2012-spin-1-chain-闫/paper.md,可追溯,,0
45,academic/wiki/papers/D003-2012-spin-1-chain-闫,发表于,Phys. Rev. B,raw-not-distributed/D003-2012-spin-1-chain-闫/wiki.md#semantic,可追溯,,0
46,Xin Yan,第一作者,academic/wiki/papers/D003-2012-spin-1-chain-闫,raw-not-distributed/D003-2012-spin-1-chain-闫/wiki.md#semantic,可追溯,,0
47,Wei Li,作者,academic/wiki/papers/D003-2012-spin-1-chain-闫,raw-not-distributed/D003-2012-spin-1-chain-闫/wiki.md#semantic,可追溯,,0
48,Yang Zhao,作者,academic/wiki/papers/D003-2012-spin-1-chain-闫,raw-not-distributed/D003-2012-spin-1-chain-闫/wiki.md#semantic,可追溯,,0
49,Shi-Ju Ran,作者,academic/wiki/papers/D003-2012-spin-1-chain-闫,raw-not-distributed/D003-2012-spin-1-chain-闫/wiki.md#semantic,可追溯,,0
50,Gang Su,作者,academic/wiki/papers/D003-2012-spin-1-chain-闫,raw-not-distributed/D003-2012-spin-1-chain-闫/wiki.md#semantic,可追溯,,0
51,academic/wiki/papers/D003-2012-spin-1-chain-闫,核心方法,无限时间演化分块删截,raw-not-distributed/D003-2012-spin-1-chain-闫/wiki.md#semantic,可追溯,,0
52,academic/wiki/papers/D003-2012-spin-1-chain-闫,核心方法,LTRG,raw-not-distributed/D003-2012-spin-1-chain-闫/wiki.md#semantic,可追溯,,0
53,academic/wiki/papers/D003-2012-spin-1-chain-闫,核心方法,DMRG,raw-not-distributed/D003-2012-spin-1-chain-闫/wiki.md#semantic,可追溯,,0
54,academic/wiki/papers/D003-2012-spin-1-chain-闫,研究基础,自旋-1键交错海森堡反铁磁链,raw-not-distributed/D003-2012-spin-1-chain-闫/wiki.md#semantic,可追溯,,0
55,academic/wiki/papers/D003-2012-spin-1-chain-闫,研究基础,单离子各向异性,raw-not-distributed/D003-2012-spin-1-chain-闫/wiki.md#semantic,可追溯,,0
56,academic/wiki/papers/D003-2012-spin-1-chain-闫,研究基础,纵场与横场下的塞曼项,raw-not-distributed/D003-2012-spin-1-chain-闫/wiki.md#semantic,可追溯,,0
57,academic/wiki/papers/D003-2012-spin-1-chain-闫,核心创新点,纵场下量子临界区对应中心荷c=1的共形场论普适类,raw-not-distributed/D003-2012-spin-1-chain-闫/wiki.md#semantic,可追溯,,0
58,academic/wiki/papers/D003-2012-spin-1-chain-闫,核心创新点,横场下量子临界区对应中心荷c=1/2的共形场论普适类,raw-not-distributed/D003-2012-spin-1-chain-闫/wiki.md#semantic,可追溯,,0
59,academic/wiki/papers/D003-2012-spin-1-chain-闫,核心创新点,纵场α-hz平面基态相图包含单态二聚体相、Haldane相、TLL相、m=1/2磁化平台相与自旋极化相,raw-not-distributed/D003-2012-spin-1-chain-闫/wiki.md#semantic,可追溯,,0
60,academic/wiki/papers/D003-2012-spin-1-chain-闫,核心创新点,横场基态相图中Z2对称性破缺相的识别,raw-not-distributed/D003-2012-spin-1-chain-闫/wiki.md#semantic,可追溯,,0
61,academic/wiki/papers/D003-2012-spin-1-chain-闫,核心创新点,横场下交错磁化出现再入行为,raw-not-distributed/D003-2012-spin-1-chain-闫/wiki.md#semantic,可追溯,,0
62,academic/wiki/papers/D003-2012-spin-1-chain-闫,对比方法,Haldane,raw-not-distributed/D003-2012-spin-1-chain-闫/wiki.md#semantic,可追溯,,0
63,academic/wiki/papers/D003-2012-spin-1-chain-闫,核心创新点,对NTENP纵场与横场实验数据同时拟合确定材料参数,raw-not-distributed/D003-2012-spin-1-chain-闫/wiki.md#semantic,可追溯,,0
64,academic/wiki/papers/D003-2012-spin-1-chain-闫,研究基础,NTENP化合物实验数据,raw-not-distributed/D003-2012-spin-1-chain-闫/wiki.md#semantic,可追溯,,0
65,academic/wiki/papers/D003-2012-spin-1-chain-闫,研究基础,纠缠熵标定中心荷,raw-not-distributed/D003-2012-spin-1-chain-闫/wiki.md#semantic,可追溯,,0
66,academic/wiki/papers/D003-2012-spin-1-chain-闫,研究基础,判据,raw-not-distributed/D003-2012-spin-1-chain-闫/wiki.md#semantic,可追溯,,0
67,纠缠熵,基于,中心荷标定,raw-not-distributed/D003-2012-spin-1-chain-闫/wiki.md#semantic,可追溯,,0
68,无限时间演化分块删截,结合,LTRG,raw-not-distributed/D003-2012-spin-1-chain-闫/wiki.md#semantic,可追溯,,0
69,LTRG,结合,DMRG,raw-not-distributed/D003-2012-spin-1-chain-闫/wiki.md#semantic,可追溯,,0
70,纠缠熵标定中心荷,包含,纠缠熵,raw-not-distributed/D003-2012-spin-1-chain-闫/paper.md,推断,,0
71,纵场α-hz平面基态相图包含单态二聚体相、Haldane相、TLL相、m=1/2磁化平台相与自旋极化相,包含,Haldane,raw-not-distributed/D003-2012-spin-1-chain-闫/paper.md,推断,,0
72,对NTENP纵场与横场实验数据同时拟合确定材料参数,包含,NTENP化合物实验数据,raw-not-distributed/D003-2012-spin-1-chain-闫/paper.md,推断,,0
73,academic/wiki/papers/D004-2012-odtns,来源,academic/raw/references/D004-2012-odtns/paper,raw-not-distributed/D004-2012-odtns/paper.md,可追溯,,0
74,academic/wiki/papers/D004-2012-odtns,发表于,Phys. Rev. B,raw-not-distributed/D004-2012-odtns/wiki.md#semantic,可追溯,,0
75,Shi-Ju Ran,第一作者,academic/wiki/papers/D004-2012-odtns,raw-not-distributed/D004-2012-odtns/wiki.md#semantic,可追溯,,0
76,Wei Li,作者,academic/wiki/papers/D004-2012-odtns,raw-not-distributed/D004-2012-odtns/wiki.md#semantic,可追溯,,0
77,Bin Xi,作者,academic/wiki/papers/D004-2012-odtns,raw-not-distributed/D004-2012-odtns/wiki.md#semantic,可追溯,,0
78,Zhe Zhang,作者,academic/wiki/papers/D004-2012-odtns,raw-not-distributed/D004-2012-odtns/wiki.md#semantic,可追溯,,0
79,Gang Su,作者,academic/wiki/papers/D004-2012-odtns,raw-not-distributed/D004-2012-odtns/wiki.md#semantic,可追溯,,0
80,academic/wiki/papers/D004-2012-odtns,核心方法,二维量子模型映射为三维闭合张量网络,raw-not-distributed/D004-2012-odtns/wiki.md#semantic,可追溯,,0
81,二维量子模型映射为三维闭合张量网络,拆分,二维量子模型,raw-not-distributed/D004-2012-odtns/wiki.md#semantic,可追溯,,0
82,二维量子模型映射为三维闭合张量网络,拆分,三维闭合张量网络,raw-not-distributed/D004-2012-odtns/wiki.md#semantic,可追溯,,0
83,二维量子模型映射为三维闭合张量网络,拆分,有限温度密度算符,raw-not-distributed/D004-2012-odtns/wiki.md#semantic,可追溯,,0
84,三维闭合张量网络,表示,有限温度密度算符,raw-not-distributed/D004-2012-odtns/wiki.md#semantic,可追溯,,0
85,academic/wiki/papers/D004-2012-odtns,核心创新点,NTD,raw-not-distributed/D004-2012-odtns/wiki.md#semantic,可追溯,,0
86,NTD,基于,Tucker分解,raw-not-distributed/D004-2012-odtns/wiki.md#semantic,可追溯,,0
87,NTD,推广,Tucker分解,raw-not-distributed/D004-2012-odtns/wiki.md#semantic,可追溯,,0
88,academic/wiki/papers/D004-2012-odtns,核心方法,NTD,raw-not-distributed/D004-2012-odtns/wiki.md#semantic,可追溯,,0
89,academic/wiki/papers/D004-2012-odtns,研究基础,TPDO,raw-not-distributed/D004-2012-odtns/wiki.md#semantic,可追溯,,0
90,academic/wiki/papers/D004-2012-odtns,研究基础,三维砖墙张量网络,raw-not-distributed/D004-2012-odtns/wiki.md#semantic,可追溯,,0
91,academic/wiki/papers/D004-2012-odtns,研究基础,PEPS,raw-not-distributed/D004-2012-odtns/wiki.md#semantic,可追溯,,0
92,academic/wiki/papers/D004-2012-odtns,研究基础,TTN,raw-not-distributed/D004-2012-odtns/wiki.md#semantic,可追溯,,0
93,academic/wiki/papers/D004-2012-odtns,研究基础,MERA,raw-not-distributed/D004-2012-odtns/wiki.md#semantic,可追溯,,0
94,academic/wiki/papers/D004-2012-odtns,研究基础,TRG,raw-not-distributed/D004-2012-odtns/wiki.md#semantic,可追溯,,0
95,academic/wiki/papers/D004-2012-odtns,研究基础,DMRG,raw-not-distributed/D004-2012-odtns/wiki.md#semantic,可追溯,,0
96,academic/wiki/papers/D004-2012-odtns,对比方法,量子蒙特卡洛,raw-not-distributed/D004-2012-odtns/wiki.md#semantic,可追溯,,0
97,academic/wiki/papers/D004-2012-odtns,核心方法,超正交化,raw-not-distributed/D004-2012-odtns/wiki.md#semantic,可追溯,,0
98,academic/wiki/papers/D004-2012-odtns,应用于,蜂窝格自旋海森堡反铁磁体,raw-not-distributed/D004-2012-odtns/wiki.md#semantic,可追溯,,0
99,academic/wiki/papers/D004-2012-odtns,扩展,双层蜂窝格阻挫模型,raw-not-distributed/D004-2012-odtns/wiki.md#semantic,可追溯,,0
100,academic/wiki/papers/D004-2012-odtns,未来展望,推广至二维关联电子系统,raw-not-distributed/D004-2012-odtns/wiki.md#semantic,可追溯,,0
101,academic/wiki/papers/D004-2012-odtns,优势体现,不受负符号问题困扰,raw-not-distributed/D004-2012-odtns/wiki.md#semantic,可追溯,,0
102,无限投影纠缠对态,属于,二维张量网络方法,raw-not-distributed/D004-2012-odtns/wiki.md#semantic,可追溯,,0
103,NTD,应用于,键空间最优低维近似,raw-not-distributed/D004-2012-odtns/wiki.md#semantic,可追溯,,0
104,academic/wiki/papers/D004-2012-odtns,局限性,虚时方向线性收缩,raw-not-distributed/D004-2012-odtns/wiki.md#semantic,可追溯,,0
105,二维量子模型映射为三维闭合张量网络,包含,二维量子模型,raw-not-distributed/D004-2012-odtns/paper.md,推断,,0
106,二维量子模型映射为三维闭合张量网络,包含,三维闭合张量网络,raw-not-distributed/D004-2012-odtns/paper.md,推断,,0
107,NTD,包含,Tucker分解,raw-not-distributed/D004-2012-odtns/paper.md,推断,,0
108,academic/wiki/papers/D005-2014-zhaoyanghoneycombladder,来源,academic/raw/references/D005-2014-zhaoyanghoneycombladder/paper,raw-not-distributed/D005-2014-zhaoyanghoneycombladder/paper.md,可追溯,,0
109,academic/wiki/papers/D005-2014-zhaoyanghoneycombladder,发表于,EPL,raw-not-distributed/D005-2014-zhaoyanghoneycombladder/wiki.md#semantic,可追溯,,0
110,Yang Zhao,第一作者,academic/wiki/papers/D005-2014-zhaoyanghoneycombladder,raw-not-distributed/D005-2014-zhaoyanghoneycombladder/wiki.md#semantic,可追溯,,0
111,Wei Li,作者,academic/wiki/papers/D005-2014-zhaoyanghoneycombladder,raw-not-distributed/D005-2014-zhaoyanghoneycombladder/wiki.md#semantic,可追溯,,0
112,Bin Xi,作者,academic/wiki/papers/D005-2014-zhaoyanghoneycombladder,raw-not-distributed/D005-2014-zhaoyanghoneycombladder/wiki.md#semantic,可追溯,,0
113,Shi-Ju Ran,作者,academic/wiki/papers/D005-2014-zhaoyanghoneycombladder,raw-not-distributed/D005-2014-zhaoyanghoneycombladder/wiki.md#semantic,可追溯,,0
114,Yuan-Yuan Zhu,作者,academic/wiki/papers/D005-2014-zhaoyanghoneycombladder,raw-not-distributed/D005-2014-zhaoyanghoneycombladder/wiki.md#semantic,可追溯,,0
115,Bing-Wu Wang,作者,academic/wiki/papers/D005-2014-zhaoyanghoneycombladder,raw-not-distributed/D005-2014-zhaoyanghoneycombladder/wiki.md#semantic,可追溯,,0
116,Song Gao,作者,academic/wiki/papers/D005-2014-zhaoyanghoneycombladder,raw-not-distributed/D005-2014-zhaoyanghoneycombladder/wiki.md#semantic,可追溯,,0
117,Gang Su,作者,academic/wiki/papers/D005-2014-zhaoyanghoneycombladder,raw-not-distributed/D005-2014-zhaoyanghoneycombladder/wiki.md#semantic,可追溯,,0
118,academic/wiki/papers/D005-2014-zhaoyanghoneycombladder,研究基础,自旋梯spin ladder,raw-not-distributed/D005-2014-zhaoyanghoneycombladder/wiki.md#semantic,可追溯,,0
119,academic/wiki/papers/D005-2014-zhaoyanghoneycombladder,研究基础,方型自旋梯,raw-not-distributed/D005-2014-zhaoyanghoneycombladder/wiki.md#semantic,可追溯,,0
120,academic/wiki/papers/D005-2014-zhaoyanghoneycombladder,研究基础,spin-,raw-not-distributed/D005-2014-zhaoyanghoneycombladder/wiki.md#semantic,可追溯,,0
121,academic/wiki/papers/D005-2014-zhaoyanghoneycombladder,核心方法,玻色化bosonization,raw-not-distributed/D005-2014-zhaoyanghoneycombladder/wiki.md#semantic,可追溯,,0
122,academic/wiki/papers/D005-2014-zhaoyanghoneycombladder,核心方法,量子蒙特卡洛,raw-not-distributed/D005-2014-zhaoyanghoneycombladder/wiki.md#semantic,可追溯,,0
123,academic/wiki/papers/D005-2014-zhaoyanghoneycombladder,核心方法,无限张量纠缠态演化iTEBD,raw-not-distributed/D005-2014-zhaoyanghoneycombladder/wiki.md#semantic,可追溯,,0
124,academic/wiki/papers/D005-2014-zhaoyanghoneycombladder,核心方法,LTRG,raw-not-distributed/D005-2014-zhaoyanghoneycombladder/wiki.md#semantic,可追溯,,0
125,academic/wiki/papers/D005-2014-zhaoyanghoneycombladder,核心创新点,在蜂窝梯中发现方型梯中不存在的强相关项,raw-not-distributed/D005-2014-zhaoyanghoneycombladder/wiki.md#semantic,可追溯,,0
126,academic/wiki/papers/D005-2014-zhaoyanghoneycombladder,核心创新点,在蜂窝梯中发现半饱和磁化平台,raw-not-distributed/D005-2014-zhaoyanghoneycombladder/wiki.md#semantic,可追溯,,0
127,academic/wiki/papers/D005-2014-zhaoyanghoneycombladder,核心创新点,解释半饱和磁化平台归因于稀释二聚体态,raw-not-distributed/D005-2014-zhaoyanghoneycombladder/wiki.md#semantic,可追溯,,0
128,academic/wiki/papers/D005-2014-zhaoyanghoneycombladder,对比方法,方型自旋梯,raw-not-distributed/D005-2014-zhaoyanghoneycombladder/wiki.md#semantic,可追溯,,0
129,academic/wiki/papers/D005-2014-zhaoyanghoneycombladder,应用于,Cu2L1(N3)4 n,raw-not-distributed/D005-2014-zhaoyanghoneycombladder/wiki.md#semantic,可追溯,,0
130,academic/wiki/papers/D005-2014-zhaoyanghoneycombladder,核心方法,液体,raw-not-distributed/D005-2014-zhaoyanghoneycombladder/wiki.md#semantic,可追溯,,0
131,Cu2L1(N3)4 n,属于,双腿蜂窝自旋梯,raw-not-distributed/D005-2014-zhaoyanghoneycombladder/wiki.md#semantic,可追溯,,0
132,Cu2L1(N3)4 n,所属,spin-,raw-not-distributed/D005-2014-zhaoyanghoneycombladder/wiki.md#semantic,可追溯,,0
133,spin-,对比,方型自旋梯,raw-not-distributed/D005-2014-zhaoyanghoneycombladder/wiki.md#semantic,可追溯,,0
134,spin-,包含,双腿蜂窝自旋梯,raw-not-distributed/D005-2014-zhaoyanghoneycombladder/paper.md,推断,,0
135,academic/wiki/papers/D006-2013-ncd-physrevb88064407,来源,academic/raw/references/D006-2013-ncd-physrevb88064407/paper,raw-not-distributed/D006-2013-ncd-physrevb88064407/paper.md,可追溯,,0
136,academic/wiki/papers/D006-2013-ncd-physrevb88064407,发表于,Phys. Rev. B,raw-not-distributed/D006-2013-ncd-physrevb88064407/wiki.md#semantic,可追溯,,0
137,Shi-Ju Ran,第一作者,academic/wiki/papers/D006-2013-ncd-physrevb88064407,raw-not-distributed/D006-2013-ncd-physrevb88064407/wiki.md#semantic,可追溯,,0
138,Bin Xi,作者,academic/wiki/papers/D006-2013-ncd-physrevb88064407,raw-not-distributed/D006-2013-ncd-physrevb88064407/wiki.md#semantic,可追溯,,0
139,Tao Liu,作者,academic/wiki/papers/D006-2013-ncd-physrevb88064407,raw-not-distributed/D006-2013-ncd-physrevb88064407/wiki.md#semantic,可追溯,,0
140,Gang Su,作者,academic/wiki/papers/D006-2013-ncd-physrevb88064407,raw-not-distributed/D006-2013-ncd-physrevb88064407/wiki.md#semantic,可追溯,,0
141,academic/wiki/papers/D006-2013-ncd-physrevb88064407,核心方法,NCD,raw-not-distributed/D006-2013-ncd-physrevb88064407/wiki.md#semantic,可追溯,,0
142,academic/wiki/papers/D006-2013-ncd-physrevb88064407,核心方法,ITSA,raw-not-distributed/D006-2013-ncd-physrevb88064407/wiki.md#semantic,可追溯,,0
143,academic/wiki/papers/D006-2013-ncd-physrevb88064407,核心方法,TNS,raw-not-distributed/D006-2013-ncd-physrevb88064407/wiki.md#semantic,可追溯,,0
144,academic/wiki/papers/D006-2013-ncd-physrevb88064407,核心方法,TPDO,raw-not-distributed/D006-2013-ncd-physrevb88064407/wiki.md#semantic,可追溯,,0
145,academic/wiki/papers/D006-2013-ncd-physrevb88064407,核心创新点,引入准纠缠熵、李雅普诺夫指数和环路特征三个非局域量探测相变,raw-not-distributed/D006-2013-ncd-physrevb88064407/wiki.md#semantic,可追溯,,0
146,academic/wiki/papers/D006-2013-ncd-physrevb88064407,核心创新点,基于秩1分解将配分函数无限网络收缩化为局部cell张量收缩,raw-not-distributed/D006-2013-ncd-physrevb88064407/wiki.md#semantic,可追溯,,0
147,academic/wiki/papers/D006-2013-ncd-physrevb88064407,研究基础,秩分解,raw-not-distributed/D006-2013-ncd-physrevb88064407/wiki.md#semantic,可追溯,,0
148,academic/wiki/papers/D006-2013-ncd-physrevb88064407,研究基础,配分函数,raw-not-distributed/D006-2013-ncd-physrevb88064407/wiki.md#semantic,可追溯,,0
149,academic/wiki/papers/D006-2013-ncd-physrevb88064407,研究基础,张量网络,raw-not-distributed/D006-2013-ncd-physrevb88064407/wiki.md#semantic,可追溯,,0
150,academic/wiki/papers/D006-2013-ncd-physrevb88064407,应用于,二维模型,raw-not-distributed/D006-2013-ncd-physrevb88064407/wiki.md#semantic,可追溯,,0
151,academic/wiki/papers/D006-2013-ncd-physrevb88064407,应用于,spin-,raw-not-distributed/D006-2013-ncd-physrevb88064407/wiki.md#semantic,可追溯,,0
152,academic/wiki/papers/D006-2013-ncd-physrevb88064407,对比方法,量子蒙特卡洛,raw-not-distributed/D006-2013-ncd-physrevb88064407/wiki.md#semantic,可追溯,,0
153,academic/wiki/papers/D006-2013-ncd-physrevb88064407,对比方法,精确解,raw-not-distributed/D006-2013-ncd-physrevb88064407/wiki.md#semantic,可追溯,,0
154,academic/wiki/papers/D006-2013-ncd-physrevb88064407,局限性,截断误差随舍弃权重引入,raw-not-distributed/D006-2013-ncd-physrevb88064407/wiki.md#semantic,可追溯,,0
155,academic/wiki/papers/D006-2013-ncd-physrevb88064407,局限性,Trotter-Suzuki分解误差受虚时间片限制,raw-not-distributed/D006-2013-ncd-physrevb88064407/wiki.md#semantic,可追溯,,0
156,academic/wiki/papers/D006-2013-ncd-physrevb88064407,未来展望,推广至任意张量网络可表示的经典或量子格点系统,raw-not-distributed/D006-2013-ncd-physrevb88064407/wiki.md#semantic,可追溯,,0
157,NCD,基于,TNS,raw-not-distributed/D006-2013-ncd-physrevb88064407/wiki.md#semantic,可追溯,,0
158,NCD,基于,秩分解,raw-not-distributed/D006-2013-ncd-physrevb88064407/wiki.md#semantic,可追溯,,0
159,NCD,改进,矩阵乘积态直接演化,raw-not-distributed/D006-2013-ncd-physrevb88064407/wiki.md#semantic,可追溯,,0
160,ITSA,结合,NCD,raw-not-distributed/D006-2013-ncd-physrevb88064407/wiki.md#semantic,可追溯,,0
161,ITSA,替代,量子蒙特卡洛,raw-not-distributed/D006-2013-ncd-physrevb88064407/wiki.md#semantic,可追溯,,0
162,TPDO,属于,TNS,raw-not-distributed/D006-2013-ncd-physrevb88064407/wiki.md#semantic,可追溯,,0
163,准纠缠熵,探索,热力学相变,raw-not-distributed/D006-2013-ncd-physrevb88064407/wiki.md#semantic,可追溯,,0
164,李雅普诺夫指数,探索,热力学相变,raw-not-distributed/D006-2013-ncd-physrevb88064407/wiki.md#semantic,可追溯,,0
165,环路特征,探索,热力学相变,raw-not-distributed/D006-2013-ncd-physrevb88064407/wiki.md#semantic,可追溯,,0
166,引入准纠缠熵、李雅普诺夫指数和环路特征三个非局域量探测相变,包含,纠缠熵,raw-not-distributed/D006-2013-ncd-physrevb88064407/paper.md,推断,,0
167,基于秩1分解将配分函数无限网络收缩化为局部cell张量收缩,包含,配分函数,raw-not-distributed/D006-2013-ncd-physrevb88064407/paper.md,推断,,0
168,推广至任意张量网络可表示的经典或量子格点系统,包含,张量网络,raw-not-distributed/D006-2013-ncd-physrevb88064407/paper.md,推断,,0
169,academic/wiki/papers/D007-2013-kt-phase,来源,academic/raw/references/D007-2013-kt-phase/paper,raw-not-distributed/D007-2013-kt-phase/paper.md,可追溯,,0
170,Yang Zhao,第一作者,academic/wiki/papers/D007-2013-kt-phase,raw-not-distributed/D007-2013-kt-phase/wiki.md#semantic,可追溯,,0
171,Wei Li,作者,academic/wiki/papers/D007-2013-kt-phase,raw-not-distributed/D007-2013-kt-phase/wiki.md#semantic,可追溯,,0
172,Bin Xi,作者,academic/wiki/papers/D007-2013-kt-phase,raw-not-distributed/D007-2013-kt-phase/wiki.md#semantic,可追溯,,0
173,Zhe Zhang,作者,academic/wiki/papers/D007-2013-kt-phase,raw-not-distributed/D007-2013-kt-phase/wiki.md#semantic,可追溯,,0
174,Xin Yan,作者,academic/wiki/papers/D007-2013-kt-phase,raw-not-distributed/D007-2013-kt-phase/wiki.md#semantic,可追溯,,0
175,Shi-Ju Ran,作者,academic/wiki/papers/D007-2013-kt-phase,raw-not-distributed/D007-2013-kt-phase/wiki.md#semantic,可追溯,,0
176,Tao Liu,作者,academic/wiki/papers/D007-2013-kt-phase,raw-not-distributed/D007-2013-kt-phase/wiki.md#semantic,可追溯,,0
177,Gang Su,作者,academic/wiki/papers/D007-2013-kt-phase,raw-not-distributed/D007-2013-kt-phase/wiki.md#semantic,可追溯,,0
178,academic/wiki/papers/D007-2013-kt-phase,核心方法,LTRG,raw-not-distributed/D007-2013-kt-phase/wiki.md#semantic,可追溯,,0
179,academic/wiki/papers/D007-2013-kt-phase,核心方法,三态模型,raw-not-distributed/D007-2013-kt-phase/wiki.md#semantic,可追溯,,0
180,academic/wiki/papers/D007-2013-kt-phase,核心方法,扭曲格点,raw-not-distributed/D007-2013-kt-phase/wiki.md#semantic,可追溯,,0
181,academic/wiki/papers/D007-2013-kt-phase,核心方法,准纠缠熵,raw-not-distributed/D007-2013-kt-phase/wiki.md#semantic,可追溯,,0
182,academic/wiki/papers/D007-2013-kt-phase,核心方法,比热specific heat,raw-not-distributed/D007-2013-kt-phase/wiki.md#semantic,可追溯,,0
183,academic/wiki/papers/D007-2013-kt-phase,核心方法,磁化率,raw-not-distributed/D007-2013-kt-phase/wiki.md#semantic,可追溯,,0
184,academic/wiki/papers/D007-2013-kt-phase,核心方法,关联长度,raw-not-distributed/D007-2013-kt-phase/wiki.md#semantic,可追溯,,0
185,academic/wiki/papers/D007-2013-kt-phase,核心创新点,再入现象可出现在无局域序参量的相之下,raw-not-distributed/D007-2013-kt-phase/wiki.md#semantic,可追溯,,0
186,academic/wiki/papers/D007-2013-kt-phase,核心创新点,再入现象可出现在属于普适类的相之下,raw-not-distributed/D007-2013-kt-phase/wiki.md#semantic,可追溯,,0
187,academic/wiki/papers/D007-2013-kt-phase,核心创新点,浮游相不具有任何局域序参量,raw-not-distributed/D007-2013-kt-phase/wiki.md#semantic,可追溯,,0
188,academic/wiki/papers/D007-2013-kt-phase,对比方法,广义模型,raw-not-distributed/D007-2013-kt-phase/wiki.md#semantic,可追溯,,0
189,广义模型,扩展,扭曲格点,raw-not-distributed/D007-2013-kt-phase/wiki.md#semantic,可追溯,,0
190,广义模型,扩展,三态模型,raw-not-distributed/D007-2013-kt-phase/wiki.md#semantic,可追溯,,0
191,三态模型,包含,广义模型,raw-not-distributed/D007-2013-kt-phase/wiki.md#semantic,推断,,0
192,再入现象,紧密相关于,阻挫frustration,raw-not-distributed/D007-2013-kt-phase/wiki.md#semantic,可追溯,,0
193,再入现象,紧密相关于,几何结构,raw-not-distributed/D007-2013-kt-phase/wiki.md#semantic,可追溯,,0
194,再入现象,紧密相关于,格点自旋自由度,raw-not-distributed/D007-2013-kt-phase/wiki.md#semantic,可追溯,,0
195,KT,属于,普适类,raw-not-distributed/D007-2013-kt-phase/wiki.md#semantic,可追溯,,0
196,浮游相,对比,部分有序相,raw-not-distributed/D007-2013-kt-phase/wiki.md#semantic,可追溯,,0
197,浮游相,对比,顺磁相,raw-not-distributed/D007-2013-kt-phase/wiki.md#semantic,可追溯,,0
198,academic/wiki/papers/D007-2013-kt-phase,局限性,三态Potts模型无精确解,raw-not-distributed/D007-2013-kt-phase/wiki.md#semantic,可追溯,,0
199,academic/wiki/papers/D007-2013-kt-phase,局限性,再入现象在q>3时消失,raw-not-distributed/D007-2013-kt-phase/wiki.md#semantic,可追溯,,0
200,academic/wiki/papers/D007-2013-kt-phase,研究基础,KT,raw-not-distributed/D007-2013-kt-phase/wiki.md#semantic,可追溯,,0
201,academic/wiki/papers/D007-2013-kt-phase,研究基础,堆积模型,raw-not-distributed/D007-2013-kt-phase/wiki.md#semantic,可追溯,,0
202,堆积模型,包含,再入现象,raw-not-distributed/D007-2013-kt-phase/wiki.md#semantic,推断,,0
203,堆积模型,应用于,三态模型,raw-not-distributed/D007-2013-kt-phase/wiki.md#semantic,可追溯,,0
204,堆积模型,应用于,四态模型,raw-not-distributed/D007-2013-kt-phase/wiki.md#semantic,可追溯,,0
205,academic/wiki/papers/D007-2013-kt-phase,主要研究,Potts,raw-not-distributed/D007-2013-kt-phase/wiki.md#semantic,可追溯,,0
206,LTRG,拆分,比热磁化率关联长度与准纠缠熵的计算,raw-not-distributed/D007-2013-kt-phase/wiki.md#semantic,可追溯,,0
207,LTRG,拆分,LTRG,raw-not-distributed/D007-2013-kt-phase/wiki.md#semantic,可追溯,,0
208,LTRG,计算,比热磁化率关联长度与准纠缠熵,raw-not-distributed/D007-2013-kt-phase/wiki.md#semantic,可追溯,,0
209,LTRG,拆分,相变温度的标定与相图的绘制,raw-not-distributed/D007-2013-kt-phase/wiki.md#semantic,可追溯,,0
210,LTRG,标定,相变温度,raw-not-distributed/D007-2013-kt-phase/wiki.md#semantic,可追溯,,0
211,Potts,包含,再入现象,raw-not-distributed/D007-2013-kt-phase/paper.md,推断,,0
212,比热磁化率关联长度与准纠缠熵的计算,包含,比热磁化率关联长度与准纠缠熵,raw-not-distributed/D007-2013-kt-phase/paper.md,推断,,0
213,相变温度的标定与相图的绘制,包含,相变温度,raw-not-distributed/D007-2013-kt-phase/paper.md,推断,,0
214,再入现象可出现在属于普适类的相之下,包含,KT,raw-not-distributed/D007-2013-kt-phase/paper.md,推断,,0
215,三态Potts模型无精确解,包含,三态模型,raw-not-distributed/D007-2013-kt-phase/paper.md,推断,,0
216,三态Potts模型无精确解,包含,精确解,raw-not-distributed/D007-2013-kt-phase/paper.md,推断,,0
217,academic/wiki/papers/D008-2014-husimi,来源,academic/raw/references/D008-2014-husimi/paper,raw-not-distributed/D008-2014-husimi/paper.md,可追溯,,0
218,academic/wiki/papers/D008-2014-husimi,发表于,Phys. Rev. B,raw-not-distributed/D008-2014-husimi/wiki.md#semantic,可追溯,,0
219,Tao Liu,第一作者,academic/wiki/papers/D008-2014-husimi,raw-not-distributed/D008-2014-husimi/wiki.md#semantic,可追溯,,0
220,Shi-Ju Ran,作者,academic/wiki/papers/D008-2014-husimi,raw-not-distributed/D008-2014-husimi/wiki.md#semantic,可追溯,,0
221,Wei Li,作者,academic/wiki/papers/D008-2014-husimi,raw-not-distributed/D008-2014-husimi/wiki.md#semantic,可追溯,,0
222,Xin Yan,作者,academic/wiki/papers/D008-2014-husimi,raw-not-distributed/D008-2014-husimi/wiki.md#semantic,可追溯,,0
223,Yang Zhao,作者,academic/wiki/papers/D008-2014-husimi,raw-not-distributed/D008-2014-husimi/wiki.md#semantic,可追溯,,0
224,Gang Su,作者,academic/wiki/papers/D008-2014-husimi,raw-not-distributed/D008-2014-husimi/wiki.md#semantic,可追溯,,0
225,academic/wiki/papers/D008-2014-husimi,研究基础,无限晶格,raw-not-distributed/D008-2014-husimi/wiki.md#semantic,可追溯,,0
226,academic/wiki/papers/D008-2014-husimi,研究基础,海森堡反铁磁模型,raw-not-distributed/D008-2014-husimi/wiki.md#semantic,可追溯,,0
227,academic/wiki/papers/D008-2014-husimi,核心方法,TTN,raw-not-distributed/D008-2014-husimi/wiki.md#semantic,可追溯,,0
228,academic/wiki/papers/D008-2014-husimi,核心方法,LTRG,raw-not-distributed/D008-2014-husimi/wiki.md#semantic,可追溯,,0
229,academic/wiki/papers/D008-2014-husimi,核心方法,虚时演化,raw-not-distributed/D008-2014-husimi/wiki.md#semantic,可追溯,,0
230,academic/wiki/papers/D008-2014-husimi,核心方法,简单更新方案,raw-not-distributed/D008-2014-husimi/wiki.md#semantic,可追溯,,0
231,academic/wiki/papers/D008-2014-husimi,核心创新点,无能隙量子自旋液体特征刻画,raw-not-distributed/D008-2014-husimi/wiki.md#semantic,可追溯,,0
232,academic/wiki/papers/D008-2014-husimi,核心创新点,1/3磁化平台的稳定机制,raw-not-distributed/D008-2014-husimi/wiki.md#semantic,可追溯,,0
233,academic/wiki/papers/D008-2014-husimi,核心创新点,有限温热力学响应分析,raw-not-distributed/D008-2014-husimi/wiki.md#semantic,可追溯,,0
234,academic/wiki/papers/D008-2014-husimi,对比方法,扭曲格点,raw-not-distributed/D008-2014-husimi/wiki.md#semantic,可追溯,,0
235,TTN,基于,虚时演化,raw-not-distributed/D008-2014-husimi/wiki.md#semantic,可追溯,,0
236,TTN,基于,简单更新方案,raw-not-distributed/D008-2014-husimi/wiki.md#semantic,可追溯,,0
237,LTRG,应用于,有限温演化,raw-not-distributed/D008-2014-husimi/wiki.md#semantic,可追溯,,0
238,海森堡反铁磁模型,定义于,无限晶格,raw-not-distributed/D008-2014-husimi/wiki.md#semantic,可追溯,,0
239,无限晶格,紧密相关于,扭曲格点,raw-not-distributed/D008-2014-husimi/wiki.md#semantic,可追溯,,0
240,磁化平台,选择,自旋构型,raw-not-distributed/D008-2014-husimi/wiki.md#semantic,可追溯,,0
241,量子自旋液体,探索,海森堡反铁磁模型,raw-not-distributed/D008-2014-husimi/wiki.md#semantic,可追溯,,0
242,NTD,应用于,TTN,raw-not-distributed/D008-2014-husimi/wiki.md#semantic,可追溯,,0
243,无能隙量子自旋液体特征刻画,包含,液体,raw-not-distributed/D008-2014-husimi/paper.md,推断,,0
244,academic/wiki/papers/D009-2016-aop-physreve93053310,来源,academic/raw/references/D009-2016-aop-physreve93053310/paper,raw-not-distributed/D009-2016-aop-physreve93053310/paper.md,可追溯,,0
245,Shi-Ju Ran,第一作者,academic/wiki/papers/D009-2016-aop-physreve93053310,raw-not-distributed/D009-2016-aop-physreve93053310/wiki.md#semantic,可追溯,,0
246,academic/wiki/papers/D009-2016-aop-physreve93053310,核心创新点,TRD,raw-not-distributed/D009-2016-aop-physreve93053310/wiki.md#semantic,可追溯,,0
247,academic/wiki/papers/D009-2016-aop-physreve93053310,核心方法,initio optimization principle,raw-not-distributed/D009-2016-aop-physreve93053310/wiki.md#semantic,可追溯,,0
248,academic/wiki/papers/D009-2016-aop-physreve93053310,核心方法,交替最小二乘算法,raw-not-distributed/D009-2016-aop-physreve93053310/wiki.md#semantic,可追溯,,0
249,academic/wiki/papers/D009-2016-aop-physreve93053310,核心方法,奇异值分解重投影,raw-not-distributed/D009-2016-aop-physreve93053310/wiki.md#semantic,可追溯,,0
250,academic/wiki/papers/D009-2016-aop-physreve93053310,研究基础,MPS,raw-not-distributed/D009-2016-aop-physreve93053310/wiki.md#semantic,可追溯,,0
251,academic/wiki/papers/D009-2016-aop-physreve93053310,研究基础,无穷矩阵乘积态,raw-not-distributed/D009-2016-aop-physreve93053310/wiki.md#semantic,可追溯,,0
252,academic/wiki/papers/D009-2016-aop-physreve93053310,研究基础,横向伊辛模型,raw-not-distributed/D009-2016-aop-physreve93053310/wiki.md#semantic,可追溯,,0
253,academic/wiki/papers/D009-2016-aop-physreve93053310,研究基础,二维经典伊辛模型,raw-not-distributed/D009-2016-aop-physreve93053310/wiki.md#semantic,可追溯,,0
254,academic/wiki/papers/D009-2016-aop-physreve93053310,研究基础,超胞,raw-not-distributed/D009-2016-aop-physreve93053310/wiki.md#semantic,可追溯,,0
255,academic/wiki/papers/D009-2016-aop-physreve93053310,研究基础,纠缠浴,raw-not-distributed/D009-2016-aop-physreve93053310/wiki.md#semantic,可追溯,,0
256,academic/wiki/papers/D009-2016-aop-physreve93053310,研究基础,边界态,raw-not-distributed/D009-2016-aop-physreve93053310/wiki.md#semantic,可追溯,,0
257,academic/wiki/papers/D009-2016-aop-physreve93053310,研究基础,张量网络,raw-not-distributed/D009-2016-aop-physreve93053310/wiki.md#semantic,可追溯,,0
258,academic/wiki/papers/D009-2016-aop-physreve93053310,研究基础,转移矩阵,raw-not-distributed/D009-2016-aop-physreve93053310/wiki.md#semantic,可追溯,,0
259,academic/wiki/papers/D009-2016-aop-physreve93053310,对比方法,DMRG,raw-not-distributed/D009-2016-aop-physreve93053310/wiki.md#semantic,可追溯,,0
260,academic/wiki/papers/D009-2016-aop-physreve93053310,对比方法,无限时间演化分块删截,raw-not-distributed/D009-2016-aop-physreve93053310/wiki.md#semantic,可追溯,,0
261,academic/wiki/papers/D009-2016-aop-physreve93053310,对比方法,NCD,raw-not-distributed/D009-2016-aop-physreve93053310/wiki.md#semantic,可追溯,,0
262,academic/wiki/papers/D009-2016-aop-physreve93053310,对比方法,DMET,raw-not-distributed/D009-2016-aop-physreve93053310/wiki.md#semantic,可追溯,,0
263,academic/wiki/papers/D009-2016-aop-physreve93053310,对比方法,无穷投影纠缠对态,raw-not-distributed/D009-2016-aop-physreve93053310/wiki.md#semantic,可追溯,,0
264,academic/wiki/papers/D009-2016-aop-physreve93053310,局限性,当前讨论适用于自旋与玻色子系统,raw-not-distributed/D009-2016-aop-physreve93053310/wiki.md#semantic,可追溯,,0
265,academic/wiki/papers/D009-2016-aop-physreve93053310,局限性,费米子系统需要与密度矩阵嵌入理论结合修正,raw-not-distributed/D009-2016-aop-physreve93053310/wiki.md#semantic,可追溯,,0
266,academic/wiki/papers/D009-2016-aop-physreve93053310,未来展望,无限时间演化分块删截,raw-not-distributed/D009-2016-aop-physreve93053310/wiki.md#semantic,可追溯,,0
267,TRD,基于,张量网络,raw-not-distributed/D009-2016-aop-physreve93053310/wiki.md#semantic,可追溯,,0
268,TRD,扩展,TTD,raw-not-distributed/D009-2016-aop-physreve93053310/wiki.md#semantic,可追溯,,0
269,TRD,扩展,秩分解,raw-not-distributed/D009-2016-aop-physreve93053310/wiki.md#semantic,可追溯,,0
270,initio optimization principle,基于,TRD,raw-not-distributed/D009-2016-aop-physreve93053310/wiki.md#semantic,可追溯,,0
271,initio optimization principle,基于,MPS,raw-not-distributed/D009-2016-aop-physreve93053310/wiki.md#semantic,可追溯,,0
272,initio optimization principle,改进,DMRG,raw-not-distributed/D009-2016-aop-physreve93053310/wiki.md#semantic,可追溯,,0
273,initio optimization principle,改进,无限时间演化分块删截,raw-not-distributed/D009-2016-aop-physreve93053310/wiki.md#semantic,可追溯,,0
274,initio optimization principle,推广,无穷投影纠缠对态,raw-not-distributed/D009-2016-aop-physreve93053310/wiki.md#semantic,可追溯,,0
275,纠缠浴,基于,边界态,raw-not-distributed/D009-2016-aop-physreve93053310/wiki.md#semantic,可追溯,,0
276,纠缠浴,基于,纠缠熵,raw-not-distributed/D009-2016-aop-physreve93053310/wiki.md#semantic,可追溯,,0
277,费米子系统需要与密度矩阵嵌入理论结合修正,包含,DMET,raw-not-distributed/D009-2016-aop-physreve93053310/paper.md,推断,,0
278,academic/wiki/papers/D010-2015-sierpinskie2015-60745-5,来源,academic/raw/references/D010-2015-sierpinskie2015-60745-5/paper,raw-not-distributed/D010-2015-sierpinskie2015-60745-5/paper.md,可追溯,,0
279,Meng Wang,第一作者,academic/wiki/papers/D010-2015-sierpinskie2015-60745-5,raw-not-distributed/D010-2015-sierpinskie2015-60745-5/wiki.md#semantic,可追溯,,0
280,Shi-Ju Ran,作者,academic/wiki/papers/D010-2015-sierpinskie2015-60745-5,raw-not-distributed/D010-2015-sierpinskie2015-60745-5/wiki.md#semantic,可追溯,,0
281,Tao Liu,作者,academic/wiki/papers/D010-2015-sierpinskie2015-60745-5,raw-not-distributed/D010-2015-sierpinskie2015-60745-5/wiki.md#semantic,可追溯,,0
282,Yang Zhao,作者,academic/wiki/papers/D010-2015-sierpinskie2015-60745-5,raw-not-distributed/D010-2015-sierpinskie2015-60745-5/wiki.md#semantic,可追溯,,0
283,Qing-Rong Zheng,作者,academic/wiki/papers/D010-2015-sierpinskie2015-60745-5,raw-not-distributed/D010-2015-sierpinskie2015-60745-5/wiki.md#semantic,可追溯,,0
284,Gang Su,作者,academic/wiki/papers/D010-2015-sierpinskie2015-60745-5,raw-not-distributed/D010-2015-sierpinskie2015-60745-5/wiki.md#semantic,可追溯,,0
285,academic/wiki/papers/D010-2015-sierpinskie2015-60745-5,研究基础,二维模型,raw-not-distributed/D010-2015-sierpinskie2015-60745-5/wiki.md#semantic,可追溯,,0
286,academic/wiki/papers/D010-2015-sierpinskie2015-60745-5,研究基础,几何阻挫,raw-not-distributed/D010-2015-sierpinskie2015-60745-5/wiki.md#semantic,可追溯,,0
287,academic/wiki/papers/D010-2015-sierpinskie2015-60745-5,研究基础,Sierpi,raw-not-distributed/D010-2015-sierpinskie2015-60745-5/wiki.md#semantic,可追溯,,0
288,academic/wiki/papers/D010-2015-sierpinskie2015-60745-5,研究基础,分形格子,raw-not-distributed/D010-2015-sierpinskie2015-60745-5/wiki.md#semantic,可追溯,,0
289,academic/wiki/papers/D010-2015-sierpinskie2015-60745-5,核心方法,实空间重整化群,raw-not-distributed/D010-2015-sierpinskie2015-60745-5/wiki.md#semantic,可追溯,,0
290,academic/wiki/papers/D010-2015-sierpinskie2015-60745-5,核心创新点,二维模型,raw-not-distributed/D010-2015-sierpinskie2015-60745-5/wiki.md#semantic,可追溯,,0
291,academic/wiki/papers/D010-2015-sierpinskie2015-60745-5,核心创新点,超指数关联长度关系,raw-not-distributed/D010-2015-sierpinskie2015-60745-5/wiki.md#semantic,可追溯,,0
292,academic/wiki/papers/D010-2015-sierpinskie2015-60745-5,核心创新点,1/3平台无序相,raw-not-distributed/D010-2015-sierpinskie2015-60745-5/wiki.md#semantic,可追溯,,0
293,academic/wiki/papers/D010-2015-sierpinskie2015-60745-5,核心创新点,5/9平台部分有序亚铁相,raw-not-distributed/D010-2015-sierpinskie2015-60745-5/wiki.md#semantic,可追溯,,0
294,academic/wiki/papers/D010-2015-sierpinskie2015-60745-5,核心创新点,自旋关联图样继承Sierpi旋转对称性,raw-not-distributed/D010-2015-sierpinskie2015-60745-5/wiki.md#semantic,可追溯,,0
295,academic/wiki/papers/D010-2015-sierpinskie2015-60745-5,核心创新点,各向同性反铁磁模型,raw-not-distributed/D010-2015-sierpinskie2015-60745-5/wiki.md#semantic,可追溯,,0
296,academic/wiki/papers/D010-2015-sierpinskie2015-60745-5,局限性,仅基于最近邻耦合,raw-not-distributed/D010-2015-sierpinskie2015-60745-5/wiki.md#semantic,可追溯,,0
297,academic/wiki/papers/D010-2015-sierpinskie2015-60745-5,局限性,不具备平移对称性,raw-not-distributed/D010-2015-sierpinskie2015-60745-5/wiki.md#semantic,可追溯,,0
298,academic/wiki/papers/D010-2015-sierpinskie2015-60745-5,未来展望,各向同性反铁磁模型,raw-not-distributed/D010-2015-sierpinskie2015-60745-5/wiki.md#semantic,可追溯,,0
299,academic/wiki/papers/D010-2015-sierpinskie2015-60745-5,对比方法,checkerboard格子,raw-not-distributed/D010-2015-sierpinskie2015-60745-5/wiki.md#semantic,可追溯,,0
300,academic/wiki/papers/D010-2015-sierpinskie2015-60745-5,对比方法,扭曲格点,raw-not-distributed/D010-2015-sierpinskie2015-60745-5/wiki.md#semantic,可追溯,,0
301,academic/wiki/papers/D010-2015-sierpinskie2015-60745-5,对比方法,TIT,raw-not-distributed/D010-2015-sierpinskie2015-60745-5/wiki.md#semantic,可追溯,,0
302,实空间重整化群,应用于,Sierpi,raw-not-distributed/D010-2015-sierpinskie2015-60745-5/wiki.md#semantic,可追溯,,0
303,二维模型,基于,Sierpi,raw-not-distributed/D010-2015-sierpinskie2015-60745-5/wiki.md#semantic,可追溯,,0
304,各向同性反铁磁模型,推广,二维模型,raw-not-distributed/D010-2015-sierpinskie2015-60745-5/wiki.md#semantic,可追溯,,0
305,二维模型,包含,Sierpi,raw-not-distributed/D010-2015-sierpinskie2015-60745-5/paper.md,推断,,0
306,超指数关联长度关系,包含,关联长度,raw-not-distributed/D010-2015-sierpinskie2015-60745-5/paper.md,推断,,0
307,自旋关联图样继承Sierpi旋转对称性,包含,Sierpi,raw-not-distributed/D010-2015-sierpinskie2015-60745-5/paper.md,推断,,0
308,各向同性反铁磁模型,包含,Sierpi,raw-not-distributed/D010-2015-sierpinskie2015-60745-5/paper.md,推断,,0
309,academic/wiki/papers/D011-2017-ptdmrgphysrevb95064110,来源,academic/raw/references/D011-2017-ptdmrgphysrevb95064110/paper,raw-not-distributed/D011-2017-ptdmrgphysrevb95064110/paper.md,可追溯,,0
310,academic/wiki/papers/D011-2017-ptdmrgphysrevb95064110,发表于,Phys. Rev. B,raw-not-distributed/D011-2017-ptdmrgphysrevb95064110/wiki.md#semantic,可追溯,,0
311,Emanuele Tirrito,第一作者,academic/wiki/papers/D011-2017-ptdmrgphysrevb95064110,raw-not-distributed/D011-2017-ptdmrgphysrevb95064110/wiki.md#semantic,可追溯,,0
312,Shi-Ju Ran,作者,academic/wiki/papers/D011-2017-ptdmrgphysrevb95064110,raw-not-distributed/D011-2017-ptdmrgphysrevb95064110/wiki.md#semantic,可追溯,,0
313,Andrew J. Ferris,作者,academic/wiki/papers/D011-2017-ptdmrgphysrevb95064110,raw-not-distributed/D011-2017-ptdmrgphysrevb95064110/wiki.md#semantic,可追溯,,0
314,Ian P. McCulloch,作者,academic/wiki/papers/D011-2017-ptdmrgphysrevb95064110,raw-not-distributed/D011-2017-ptdmrgphysrevb95064110/wiki.md#semantic,可追溯,,0
315,Maciej Lewenstein,作者,academic/wiki/papers/D011-2017-ptdmrgphysrevb95064110,raw-not-distributed/D011-2017-ptdmrgphysrevb95064110/wiki.md#semantic,可追溯,,0
316,academic/wiki/papers/D011-2017-ptdmrgphysrevb95064110,核心方法,MPS,raw-not-distributed/D011-2017-ptdmrgphysrevb95064110/wiki.md#semantic,可追溯,,0
317,academic/wiki/papers/D011-2017-ptdmrgphysrevb95064110,核心方法,DMRG,raw-not-distributed/D011-2017-ptdmrgphysrevb95064110/wiki.md#semantic,可追溯,,0
318,academic/wiki/papers/D011-2017-ptdmrgphysrevb95064110,核心方法,PT-DMRG,raw-not-distributed/D011-2017-ptdmrgphysrevb95064110/wiki.md#semantic,可追溯,,0
319,academic/wiki/papers/D011-2017-ptdmrgphysrevb95064110,核心创新点,利用被截断Schmidt数构造正交微扰基矢并重建微扰哈密顿量,raw-not-distributed/D011-2017-ptdmrgphysrevb95064110/wiki.md#semantic,可追溯,,0
320,academic/wiki/papers/D011-2017-ptdmrgphysrevb95064110,研究基础,Schmidt系数,raw-not-distributed/D011-2017-ptdmrgphysrevb95064110/wiki.md#semantic,可追溯,,0
321,academic/wiki/papers/D011-2017-ptdmrgphysrevb95064110,研究基础,TFIM,raw-not-distributed/D011-2017-ptdmrgphysrevb95064110/wiki.md#semantic,可追溯,,0
322,academic/wiki/papers/D011-2017-ptdmrgphysrevb95064110,研究基础,海森堡链,raw-not-distributed/D011-2017-ptdmrgphysrevb95064110/wiki.md#semantic,可追溯,,0
323,academic/wiki/papers/D011-2017-ptdmrgphysrevb95064110,对比方法,DMRG,raw-not-distributed/D011-2017-ptdmrgphysrevb95064110/wiki.md#semantic,可追溯,,0
324,academic/wiki/papers/D011-2017-ptdmrgphysrevb95064110,未来展望,推广到二阶以上微扰理论,raw-not-distributed/D011-2017-ptdmrgphysrevb95064110/wiki.md#semantic,可追溯,,0
325,academic/wiki/papers/D011-2017-ptdmrgphysrevb95064110,未来展望,DMRG,raw-not-distributed/D011-2017-ptdmrgphysrevb95064110/wiki.md#semantic,可追溯,,0
326,academic/wiki/papers/D011-2017-ptdmrgphysrevb95064110,未来展望,推广到时演化块消减time-evolving block decimation(TEBD),raw-not-distributed/D011-2017-ptdmrgphysrevb95064110/wiki.md#semantic,可追溯,,0
327,academic/wiki/papers/D011-2017-ptdmrgphysrevb95064110,未来展望,MERA,raw-not-distributed/D011-2017-ptdmrgphysrevb95064110/wiki.md#semantic,可追溯,,0
328,PT-DMRG,基于,DMRG,raw-not-distributed/D011-2017-ptdmrgphysrevb95064110/wiki.md#semantic,可追溯,,0
329,PT-DMRG,基于,MPS,raw-not-distributed/D011-2017-ptdmrgphysrevb95064110/wiki.md#semantic,可追溯,,0
330,PT-DMRG,改进,DMRG,raw-not-distributed/D011-2017-ptdmrgphysrevb95064110/wiki.md#semantic,可追溯,,0
331,PT-DMRG,应用于,TFIM,raw-not-distributed/D011-2017-ptdmrgphysrevb95064110/wiki.md#semantic,可追溯,,0
332,PT-DMRG,应用于,海森堡链,raw-not-distributed/D011-2017-ptdmrgphysrevb95064110/wiki.md#semantic,可追溯,,0
333,利用被截断Schmidt数构造正交微扰基矢并重建微扰哈密顿量,包含,Schmidt系数,raw-not-distributed/D011-2017-ptdmrgphysrevb95064110/paper.md,推断,,0
334,academic/wiki/papers/D012-2017-octa-kagome,来源,academic/raw/references/D012-2017-octa-kagome/paper,raw-not-distributed/D012-2017-octa-kagome/paper.md,可追溯,,0
335,academic/wiki/papers/D012-2017-octa-kagome,发表于,Phys. Rev. B,raw-not-distributed/D012-2017-octa-kagome/wiki.md#semantic,可追溯,,0
336,Cheng Peng,第一作者,academic/wiki/papers/D012-2017-octa-kagome,raw-not-distributed/D012-2017-octa-kagome/wiki.md#semantic,可追溯,,0
337,Shi-Ju Ran,作者,academic/wiki/papers/D012-2017-octa-kagome,raw-not-distributed/D012-2017-octa-kagome/wiki.md#semantic,可追溯,,0
338,Tao Liu,作者,academic/wiki/papers/D012-2017-octa-kagome,raw-not-distributed/D012-2017-octa-kagome/wiki.md#semantic,可追溯,,0
339,Xi Chen,作者,academic/wiki/papers/D012-2017-octa-kagome,raw-not-distributed/D012-2017-octa-kagome/wiki.md#semantic,可追溯,,0
340,Gang Su,作者,academic/wiki/papers/D012-2017-octa-kagome,raw-not-distributed/D012-2017-octa-kagome/wiki.md#semantic,可追溯,,0
341,academic/wiki/papers/D012-2017-octa-kagome,研究基础,spin-,raw-not-distributed/D012-2017-octa-kagome/wiki.md#semantic,可追溯,,0
342,academic/wiki/papers/D012-2017-octa-kagome,研究基础,八角笼目晶格,raw-not-distributed/D012-2017-octa-kagome/wiki.md#semantic,可追溯,,0
343,academic/wiki/papers/D012-2017-octa-kagome,研究基础,几何阻挫,raw-not-distributed/D012-2017-octa-kagome/wiki.md#semantic,可追溯,,0
344,academic/wiki/papers/D012-2017-octa-kagome,研究基础,量子自旋液体,raw-not-distributed/D012-2017-octa-kagome/wiki.md#semantic,可追溯,,0
345,academic/wiki/papers/D012-2017-octa-kagome,核心方法,无限投影纠缠对态,raw-not-distributed/D012-2017-octa-kagome/wiki.md#semantic,可追溯,,0
346,academic/wiki/papers/D012-2017-octa-kagome,核心方法,无限投影纠缠对态的簇更新,raw-not-distributed/D012-2017-octa-kagome/wiki.md#semantic,可追溯,,0
347,academic/wiki/papers/D012-2017-octa-kagome,核心方法,full update,raw-not-distributed/D012-2017-octa-kagome/wiki.md#semantic,可追溯,,0
348,academic/wiki/papers/D012-2017-octa-kagome,核心方法,NCD,raw-not-distributed/D012-2017-octa-kagome/wiki.md#semantic,可追溯,,0
349,academic/wiki/papers/D012-2017-octa-kagome,核心创新点,识别出无隙费米型代数量子自旋液体,raw-not-distributed/D012-2017-octa-kagome/wiki.md#semantic,可追溯,,0
350,academic/wiki/papers/D012-2017-octa-kagome,核心创新点,确定价键固体相与量子自旋液体之间的量子相变,raw-not-distributed/D012-2017-octa-kagome/wiki.md#semantic,可追溯,,0
351,academic/wiki/papers/D012-2017-octa-kagome,对比方法,笼目晶格,raw-not-distributed/D012-2017-octa-kagome/wiki.md#semantic,可追溯,,0
352,academic/wiki/papers/D012-2017-octa-kagome,核心创新点,费米型代数量子自旋液体fermionic algebraic quantum spin liquid,raw-not-distributed/D012-2017-octa-kagome/wiki.md#semantic,可追溯,,0
353,academic/wiki/papers/D012-2017-octa-kagome,核心创新点,价键固体valence bond solid(VBS),raw-not-distributed/D012-2017-octa-kagome/wiki.md#semantic,可追溯,,0
354,academic/wiki/papers/D012-2017-octa-kagome,核心创新点,磁化平台,raw-not-distributed/D012-2017-octa-kagome/wiki.md#semantic,可追溯,,0
355,academic/wiki/papers/D012-2017-octa-kagome,核心创新点,二聚体—二聚体关联dimer-dimer correlation,raw-not-distributed/D012-2017-octa-kagome/wiki.md#semantic,可追溯,,0
356,academic/wiki/papers/D012-2017-octa-kagome,核心创新点,自旋—自旋关联spin-spin correlation,raw-not-distributed/D012-2017-octa-kagome/wiki.md#semantic,可追溯,,0
357,academic/wiki/papers/D012-2017-octa-kagome,核心创新点,手性—手性关联chiral-chiral correlation,raw-not-distributed/D012-2017-octa-kagome/wiki.md#semantic,可追溯,,0
358,academic/wiki/papers/D012-2017-octa-kagome,核心创新点,Wilson比Wilson ratio,raw-not-distributed/D012-2017-octa-kagome/wiki.md#semantic,可追溯,,0
359,academic/wiki/papers/D012-2017-octa-kagome,核心创新点,比热线性行为linear specific heat,raw-not-distributed/D012-2017-octa-kagome/wiki.md#semantic,可追溯,,0
360,无限投影纠缠对态,结合,NCD,raw-not-distributed/D012-2017-octa-kagome/wiki.md#semantic,可追溯,,0
361,识别出无隙费米型代数量子自旋液体,包含,液体,raw-not-distributed/D012-2017-octa-kagome/paper.md,推断,,0
362,识别出无隙费米型代数量子自旋液体,包含,量子自旋液体,raw-not-distributed/D012-2017-octa-kagome/paper.md,推断,,0
363,确定价键固体相与量子自旋液体之间的量子相变,包含,KT,raw-not-distributed/D012-2017-octa-kagome/paper.md,推断,,0
364,确定价键固体相与量子自旋液体之间的量子相变,包含,液体,raw-not-distributed/D012-2017-octa-kagome/paper.md,推断,,0
365,确定价键固体相与量子自旋液体之间的量子相变,包含,量子自旋液体,raw-not-distributed/D012-2017-octa-kagome/paper.md,推断,,0
366,费米型代数量子自旋液体fermionic algebraic quantum spin liquid,包含,液体,raw-not-distributed/D012-2017-octa-kagome/paper.md,推断,,0
367,费米型代数量子自旋液体fermionic algebraic quantum spin liquid,包含,量子自旋液体,raw-not-distributed/D012-2017-octa-kagome/paper.md,推断,,0
377,academic/wiki/papers/D013-2017-criticality-tn-2d,来源,academic/raw/references/D013-2017-criticality-tn-2d/paper,raw-not-distributed/D013-2017-criticality-tn-2d/paper.md,可追溯,,0
378,academic/wiki/papers/D013-2017-criticality-tn-2d,发表于,Phys. Rev. B,raw-not-distributed/D013-2017-criticality-tn-2d/wiki.md#semantic,可追溯,,0
379,Shi-Ju Ran,第一作者,academic/wiki/papers/D013-2017-criticality-tn-2d,raw-not-distributed/D013-2017-criticality-tn-2d/wiki.md#semantic,可追溯,,0
380,Cheng Peng,作者,academic/wiki/papers/D013-2017-criticality-tn-2d,raw-not-distributed/D013-2017-criticality-tn-2d/wiki.md#semantic,可追溯,,0
381,Wei Li,作者,academic/wiki/papers/D013-2017-criticality-tn-2d,raw-not-distributed/D013-2017-criticality-tn-2d/wiki.md#semantic,可追溯,,0
382,Maciej Lewenstein,作者,academic/wiki/papers/D013-2017-criticality-tn-2d,raw-not-distributed/D013-2017-criticality-tn-2d/wiki.md#semantic,可追溯,,0
383,Gang Su,作者,academic/wiki/papers/D013-2017-criticality-tn-2d,raw-not-distributed/D013-2017-criticality-tn-2d/wiki.md#semantic,可追溯,,0
384,academic/wiki/papers/D013-2017-criticality-tn-2d,核心方法,无限投影纠缠对态边界理论,raw-not-distributed/D013-2017-criticality-tn-2d/wiki.md#semantic,可追溯,,0
385,academic/wiki/papers/D013-2017-criticality-tn-2d,核心创新点,通过边界态纠缠谱行为表征二维量子态临界性,raw-not-distributed/D013-2017-criticality-tn-2d/wiki.md#semantic,可追溯,,0
386,academic/wiki/papers/D013-2017-criticality-tn-2d,核心创新点,用一维共形场论中心荷刻画二维临界性,raw-not-distributed/D013-2017-criticality-tn-2d/wiki.md#semantic,可追溯,,0
387,academic/wiki/papers/D013-2017-criticality-tn-2d,核心方法,纠缠谱随键维演化判据,raw-not-distributed/D013-2017-criticality-tn-2d/wiki.md#semantic,可追溯,,0
388,academic/wiki/papers/D013-2017-criticality-tn-2d,研究基础,二维量子多体系统,raw-not-distributed/D013-2017-criticality-tn-2d/wiki.md#semantic,可追溯,,0
389,academic/wiki/papers/D013-2017-criticality-tn-2d,研究基础,无限投影纠缠对态,raw-not-distributed/D013-2017-criticality-tn-2d/wiki.md#semantic,可追溯,,0
390,academic/wiki/papers/D013-2017-criticality-tn-2d,研究基础,边界态纠缠谱,raw-not-distributed/D013-2017-criticality-tn-2d/wiki.md#semantic,可追溯,,0
391,academic/wiki/papers/D013-2017-criticality-tn-2d,研究基础,一维共形场论中心荷,raw-not-distributed/D013-2017-criticality-tn-2d/wiki.md#semantic,可追溯,,0
392,academic/wiki/papers/D013-2017-criticality-tn-2d,应用于,扭曲格点,raw-not-distributed/D013-2017-criticality-tn-2d/wiki.md#semantic,可追溯,,0
393,academic/wiki/papers/D013-2017-criticality-tn-2d,应用于,honeycomb,raw-not-distributed/D013-2017-criticality-tn-2d/wiki.md#semantic,可追溯,,0
394,academic/wiki/papers/D013-2017-criticality-tn-2d,应用于,格子模型基态,raw-not-distributed/D013-2017-criticality-tn-2d/wiki.md#semantic,可追溯,,0
395,academic/wiki/papers/D013-2017-criticality-tn-2d,对比方法,量子蒙特卡洛方法,raw-not-distributed/D013-2017-criticality-tn-2d/wiki.md#semantic,可追溯,,0
396,academic/wiki/papers/D013-2017-criticality-tn-2d,对比方法,DMRG,raw-not-distributed/D013-2017-criticality-tn-2d/wiki.md#semantic,可追溯,,0
397,academic/wiki/papers/D013-2017-criticality-tn-2d,局限性,二维下张量网络优化与物理量提取仍十分困难,raw-not-distributed/D013-2017-criticality-tn-2d/wiki.md#semantic,可追溯,,0
398,academic/wiki/papers/D013-2017-criticality-tn-2d,局限性,标准变分张量网络方法在刻画二维临界基态时面临困难,raw-not-distributed/D013-2017-criticality-tn-2d/wiki.md#semantic,可追溯,,0
399,academic/wiki/papers/D013-2017-criticality-tn-2d,未来展望,推广至其他iPEPS如string-net与手性iPEPS,raw-not-distributed/D013-2017-criticality-tn-2d/wiki.md#semantic,可追溯,,0
400,academic/wiki/papers/D013-2017-criticality-tn-2d,未来展望,与张量乘积密度算符算法结合用于有限温度相变研究,raw-not-distributed/D013-2017-criticality-tn-2d/wiki.md#semantic,可追溯,,0
401,无限投影纠缠对态,基于,张量网络,raw-not-distributed/D013-2017-criticality-tn-2d/wiki.md#semantic,可追溯,,0
402,NN-RVB,属于,二维量子自旋液体,raw-not-distributed/D013-2017-criticality-tn-2d/wiki.md#semantic,可追溯,,0
403,格子模型基态,属于,格子自旋模型,raw-not-distributed/D013-2017-criticality-tn-2d/wiki.md#semantic,可追溯,,0
404,纠缠熵,对比,纠缠谱,raw-not-distributed/D013-2017-criticality-tn-2d/wiki.md#semantic,可追溯,,0
405,纠缠谱entanglement spectrum,基于,Schmidt分解,raw-not-distributed/D013-2017-criticality-tn-2d/wiki.md#semantic,可追溯,,0
406,共形场论中心荷,刻画,二维临界性,raw-not-distributed/D013-2017-criticality-tn-2d/wiki.md#semantic,可追溯,,0
407,无限投影纠缠对态边界理论,基于,一维边界态有效哈密顿量,raw-not-distributed/D013-2017-criticality-tn-2d/wiki.md#semantic,可追溯,,0
408,NN-RVB,应用于,扭曲格点,raw-not-distributed/D013-2017-criticality-tn-2d/wiki.md#semantic,可追溯,,0
409,NN-RVB,应用于,honeycomb格子,raw-not-distributed/D013-2017-criticality-tn-2d/wiki.md#semantic,可追溯,,0
410,无限投影纠缠对态,扩展,MPS,raw-not-distributed/D013-2017-criticality-tn-2d/wiki.md#semantic,可追溯,,0
411,纠缠谱随键维演化判据,包含,纠缠谱,raw-not-distributed/D013-2017-criticality-tn-2d/paper.md,推断,,0
412,边界态纠缠谱,包含,纠缠谱,raw-not-distributed/D013-2017-criticality-tn-2d/paper.md,推断,,0
413,honeycomb,包含,honeycomb格子,raw-not-distributed/D013-2017-criticality-tn-2d/paper.md,推断,,0
414,格子模型基态,包含,honeycomb格子,raw-not-distributed/D013-2017-criticality-tn-2d/paper.md,推断,,0
415,格子自旋模型,包含,honeycomb格子,raw-not-distributed/D013-2017-criticality-tn-2d/paper.md,推断,,0
416,纠缠谱entanglement spectrum,包含,纠缠谱,raw-not-distributed/D013-2017-criticality-tn-2d/paper.md,推断,,0
417,通过边界态纠缠谱行为表征二维量子态临界性,包含,边界态纠缠谱,raw-not-distributed/D013-2017-criticality-tn-2d/paper.md,推断,,0
418,通过边界态纠缠谱行为表征二维量子态临界性,包含,边界态,raw-not-distributed/D013-2017-criticality-tn-2d/paper.md,推断,,0
419,用一维共形场论中心荷刻画二维临界性,包含,一维共形场论中心荷,raw-not-distributed/D013-2017-criticality-tn-2d/paper.md,推断,,0
420,二维下张量网络优化与物理量提取仍十分困难,包含,张量网络,raw-not-distributed/D013-2017-criticality-tn-2d/paper.md,推断,,0
421,标准变分张量网络方法在刻画二维临界基态时面临困难,包含,张量网络,raw-not-distributed/D013-2017-criticality-tn-2d/paper.md,推断,,0
422,与张量乘积密度算符算法结合用于有限温度相变研究,包含,KT,raw-not-distributed/D013-2017-criticality-tn-2d/paper.md,推断,,0
423,与张量乘积密度算符算法结合用于有限温度相变研究,包含,TPDO,raw-not-distributed/D013-2017-criticality-tn-2d/paper.md,推断,,0
430,academic/wiki/papers/D014-2017-fewbody-qes-ground-states,来源,academic/raw/references/D014-2017-fewbody-qes-ground-states/paper,raw-not-distributed/D014-2017-fewbody-qes-ground-states/paper.md,可追溯,,0
431,academic/wiki/papers/D014-2017-fewbody-qes-ground-states,发表于,Phys. Rev. B,raw-not-distributed/D014-2017-fewbody-qes-ground-states/wiki.md#semantic,可追溯,,0
432,Shi-Ju Ran,第一作者,academic/wiki/papers/D014-2017-fewbody-qes-ground-states,raw-not-distributed/D014-2017-fewbody-qes-ground-states/wiki.md#semantic,可追溯,,0
433,Angelo Piga,作者,academic/wiki/papers/D014-2017-fewbody-qes-ground-states,raw-not-distributed/D014-2017-fewbody-qes-ground-states/wiki.md#semantic,可追溯,,0
434,Cheng Peng,作者,academic/wiki/papers/D014-2017-fewbody-qes-ground-states,raw-not-distributed/D014-2017-fewbody-qes-ground-states/wiki.md#semantic,可追溯,,0
435,Gang Su,作者,academic/wiki/papers/D014-2017-fewbody-qes-ground-states,raw-not-distributed/D014-2017-fewbody-qes-ground-states/wiki.md#semantic,可追溯,,0
436,Maciej Lewenstein,作者,academic/wiki/papers/D014-2017-fewbody-qes-ground-states,raw-not-distributed/D014-2017-fewbody-qes-ground-states/wiki.md#semantic,可追溯,,0
437,academic/wiki/papers/D014-2017-fewbody-qes-ground-states,核心方法,初始优化原理张量网络方法,raw-not-distributed/D014-2017-fewbody-qes-ground-states/wiki.md#semantic,可追溯,,0
438,academic/wiki/papers/D014-2017-fewbody-qes-ground-states,核心创新点,把无限多体系统编码为嵌入纠缠浴的少体模型,raw-not-distributed/D014-2017-fewbody-qes-ground-states/wiki.md#semantic,可追溯,,0
439,academic/wiki/papers/D014-2017-fewbody-qes-ground-states,核心方法,边界张量边界张量,raw-not-distributed/D014-2017-fewbody-qes-ground-states/wiki.md#semantic,可追溯,,0
440,academic/wiki/papers/D014-2017-fewbody-qes-ground-states,核心创新点,用少体哈密顿量复现热力学极限体物理量,raw-not-distributed/D014-2017-fewbody-qes-ground-states/wiki.md#semantic,可追溯,,0
441,academic/wiki/papers/D014-2017-fewbody-qes-ground-states,研究基础,横向伊辛模型横场伊辛模型,raw-not-distributed/D014-2017-fewbody-qes-ground-states/wiki.md#semantic,可追溯,,0
442,academic/wiki/papers/D014-2017-fewbody-qes-ground-states,研究基础,蜂窝格子蜂窝格子,raw-not-distributed/D014-2017-fewbody-qes-ground-states/wiki.md#semantic,可追溯,,0
443,academic/wiki/papers/D014-2017-fewbody-qes-ground-states,研究基础,简单立方格子简单立方格子,raw-not-distributed/D014-2017-fewbody-qes-ground-states/wiki.md#semantic,可追溯,,0
444,academic/wiki/papers/D014-2017-fewbody-qes-ground-states,对比方法,精确对角化精确对角化,raw-not-distributed/D014-2017-fewbody-qes-ground-states/wiki.md#semantic,可追溯,,0
445,academic/wiki/papers/D014-2017-fewbody-qes-ground-states,对比方法,DMRG,raw-not-distributed/D014-2017-fewbody-qes-ground-states/wiki.md#semantic,可追溯,,0
446,academic/wiki/papers/D014-2017-fewbody-qes-ground-states,对比方法,DFT,raw-not-distributed/D014-2017-fewbody-qes-ground-states/wiki.md#semantic,可追溯,,0
447,academic/wiki/papers/D014-2017-fewbody-qes-ground-states,核心创新点,无符号问题处理阻挫与费米子模型,raw-not-distributed/D014-2017-fewbody-qes-ground-states/wiki.md#semantic,可追溯,,0
448,academic/wiki/papers/D014-2017-fewbody-qes-ground-states,核心创新点,给出少体哈密顿量实验可实现形式,raw-not-distributed/D014-2017-fewbody-qes-ground-states/wiki.md#semantic,可追溯,,0
449,academic/wiki/papers/D014-2017-fewbody-qes-ground-states,核心创新点,纠缠浴纠缠浴,raw-not-distributed/D014-2017-fewbody-qes-ground-states/wiki.md#semantic,可追溯,,0
450,academic/wiki/papers/D014-2017-fewbody-qes-ground-states,核心方法,贝特近似贝特近似,raw-not-distributed/D014-2017-fewbody-qes-ground-states/wiki.md#semantic,可追溯,,0
451,academic/wiki/papers/D014-2017-fewbody-qes-ground-states,研究基础,量子相变量子相变,raw-not-distributed/D014-2017-fewbody-qes-ground-states/wiki.md#semantic,可追溯,,0
452,academic/wiki/papers/D014-2017-fewbody-qes-ground-states,研究基础,临界指数临界指数,raw-not-distributed/D014-2017-fewbody-qes-ground-states/wiki.md#semantic,可追溯,,0
453,academic/wiki/papers/D014-2017-fewbody-qes-ground-states,研究基础,磁化磁化,raw-not-distributed/D014-2017-fewbody-qes-ground-states/wiki.md#semantic,可追溯,,0
454,academic/wiki/papers/D014-2017-fewbody-qes-ground-states,研究基础,纠缠熵纠缠熵,raw-not-distributed/D014-2017-fewbody-qes-ground-states/wiki.md#semantic,可追溯,,0
455,academic/wiki/papers/D014-2017-fewbody-qes-ground-states,研究基础,关联长度关联长度,raw-not-distributed/D014-2017-fewbody-qes-ground-states/wiki.md#semantic,可追溯,,0
456,academic/wiki/papers/D014-2017-fewbody-qes-ground-states,核心创新点,量子器件设计中利用少体系统调控多体性质,raw-not-distributed/D014-2017-fewbody-qes-ground-states/wiki.md#semantic,可追溯,,0
457,academic/wiki/papers/D014-2017-fewbody-qes-ground-states,未来展望,推广到四维及以上维度,raw-not-distributed/D014-2017-fewbody-qes-ground-states/wiki.md#semantic,可追溯,,0
458,academic/wiki/papers/D014-2017-fewbody-qes-ground-states,未来展望,应用于阻挫与费米子模型,raw-not-distributed/D014-2017-fewbody-qes-ground-states/wiki.md#semantic,可追溯,,0
459,academic/wiki/papers/D014-2017-fewbody-qes-ground-states,未来展望,通过合成规范场与合成维度实现高自旋浴,raw-not-distributed/D014-2017-fewbody-qes-ground-states/wiki.md#semantic,可追溯,,0
460,academic/wiki/papers/D014-2017-fewbody-qes-ground-states,应用于,冷原子实验冷原子实验,raw-not-distributed/D014-2017-fewbody-qes-ground-states/wiki.md#semantic,可追溯,,0
461,academic/wiki/papers/D014-2017-fewbody-qes-ground-states,应用于,囚禁离子实验囚禁离子实验,raw-not-distributed/D014-2017-fewbody-qes-ground-states/wiki.md#semantic,可追溯,,0
462,academic/wiki/papers/D014-2017-fewbody-qes-ground-states,核心创新点,物理-浴相互作用物理-浴相互作用(physical-bath interaction),raw-not-distributed/D014-2017-fewbody-qes-ground-states/wiki.md#semantic,可追溯,,0
463,academic/wiki/papers/D014-2017-fewbody-qes-ground-states,核心创新点,SU(2)对称性下浴自旋成为更高总角动量SU(2)自旋,raw-not-distributed/D014-2017-fewbody-qes-ground-states/wiki.md#semantic,可追溯,,0
464,academic/wiki/papers/D014-2017-fewbody-qes-ground-states,对比方法,张量网络算法张量网络算法,raw-not-distributed/D014-2017-fewbody-qes-ground-states/wiki.md#semantic,可追溯,,0
465,横向伊辛模型横场伊辛模型,属于,量子自旋模型量子自旋模型,raw-not-distributed/D014-2017-fewbody-qes-ground-states/wiki.md#semantic,可追溯,,0
466,初始优化原理张量网络方法,对比,矩阵乘积态方法矩阵乘积态方法,raw-not-distributed/D014-2017-fewbody-qes-ground-states/wiki.md#semantic,可追溯,,0
467,纠缠浴纠缠浴,结合,少体模型少体模型,raw-not-distributed/D014-2017-fewbody-qes-ground-states/wiki.md#semantic,可追溯,,0
468,贝特近似贝特近似,结合,初始优化原理张量网络方法,raw-not-distributed/D014-2017-fewbody-qes-ground-states/wiki.md#semantic,可追溯,,0
469,横向伊辛模型横场伊辛模型,应用于,蜂窝格子蜂窝格子,raw-not-distributed/D014-2017-fewbody-qes-ground-states/wiki.md#semantic,可追溯,,0
470,横向伊辛模型横场伊辛模型,应用于,简单立方格子简单立方格子,raw-not-distributed/D014-2017-fewbody-qes-ground-states/wiki.md#semantic,可追溯,,0
471,把无限多体系统编码为嵌入纠缠浴的少体模型,包含,纠缠浴,raw-not-distributed/D014-2017-fewbody-qes-ground-states/paper.md,推断,,0
472,纠缠浴纠缠浴,包含,纠缠浴,raw-not-distributed/D014-2017-fewbody-qes-ground-states/paper.md,推断,,0
491,academic/wiki/papers/D015-2017-cruezphysrevx7031057,来源,academic/raw/references/D015-2017-cruezphysrevx7031057/paper,raw-not-distributed/D015-2017-cruezphysrevx7031057/paper.md,可追溯,,0
492,J. Jünemann,第一作者,academic/wiki/papers/D015-2017-cruezphysrevx7031057,raw-not-distributed/D015-2017-cruezphysrevx7031057/wiki.md#semantic,可追溯,,0
493,A. Piga,作者,academic/wiki/papers/D015-2017-cruezphysrevx7031057,raw-not-distributed/D015-2017-cruezphysrevx7031057/wiki.md#semantic,可追溯,,0
494,S.-J. Ran,作者,academic/wiki/papers/D015-2017-cruezphysrevx7031057,raw-not-distributed/D015-2017-cruezphysrevx7031057/wiki.md#semantic,可追溯,,0
495,M. Lewenstein,作者,academic/wiki/papers/D015-2017-cruezphysrevx7031057,raw-not-distributed/D015-2017-cruezphysrevx7031057/wiki.md#semantic,可追溯,,0
496,M. Rizzi,作者,academic/wiki/papers/D015-2017-cruezphysrevx7031057,raw-not-distributed/D015-2017-cruezphysrevx7031057/wiki.md#semantic,可追溯,,0
497,A. Bermudez,作者,academic/wiki/papers/D015-2017-cruezphysrevx7031057,raw-not-distributed/D015-2017-cruezphysrevx7031057/wiki.md#semantic,可追溯,,0
498,academic/wiki/papers/D015-2017-cruezphysrevx7031057,研究基础,梯子,raw-not-distributed/D015-2017-cruezphysrevx7031057/wiki.md#semantic,可追溯,,0
499,academic/wiki/papers/D015-2017-cruezphysrevx7031057,研究基础,拓扑绝缘体,raw-not-distributed/D015-2017-cruezphysrevx7031057/wiki.md#semantic,可追溯,,0
500,academic/wiki/papers/D015-2017-cruezphysrevx7031057,研究基础,相互作用,raw-not-distributed/D015-2017-cruezphysrevx7031057/wiki.md#semantic,可追溯,,0
501,academic/wiki/papers/D015-2017-cruezphysrevx7031057,核心方法,大规模数值模拟,raw-not-distributed/D015-2017-cruezphysrevx7031057/wiki.md#semantic,可追溯,,0
502,academic/wiki/papers/D015-2017-cruezphysrevx7031057,核心方法,激光辅助隧穿,raw-not-distributed/D015-2017-cruezphysrevx7031057/wiki.md#semantic,可追溯,,0
503,academic/wiki/papers/D015-2017-cruezphysrevx7031057,核心创新点,合成Creutz-Hubbard梯子模型synthetic Creutz-Hubbard ladder model,raw-not-distributed/D015-2017-cruezphysrevx7031057/wiki.md#semantic,可追溯,,0
504,academic/wiki/papers/D015-2017-cruezphysrevx7031057,核心创新点,非平衡Creutz梯子推广到AIII对称类nonequilibrium Creutz ladder generalization to AIII symmetry class,raw-not-distributed/D015-2017-cruezphysrevx7031057/wiki.md#semantic,可追溯,,0
505,academic/wiki/papers/D015-2017-cruezphysrevx7031057,核心创新点,量子杂质物理语言刻画拓扑相变quantum impurity physics description of topological transitions,raw-not-distributed/D015-2017-cruezphysrevx7031057/wiki.md#semantic,可追溯,,0
506,academic/wiki/papers/D015-2017-cruezphysrevx7031057,核心创新点,一维光晶格两内态超冷费米原子实验方案,raw-not-distributed/D015-2017-cruezphysrevx7031057/wiki.md#semantic,可追溯,,0
507,academic/wiki/papers/D015-2017-cruezphysrevx7031057,未来展望,构建描述中心荷劈裂为两条临界线的有效量子场论,raw-not-distributed/D015-2017-cruezphysrevx7031057/wiki.md#semantic,可追溯,,0
508,academic/wiki/papers/D015-2017-cruezphysrevx7031057,未来展望,研究不同填充下的Creutz-Hubbard模型寻找相互作用诱导拓扑相,raw-not-distributed/D015-2017-cruezphysrevx7031057/wiki.md#semantic,可追溯,,0
509,academic/wiki/papers/D015-2017-cruezphysrevx7031057,对比方法,平均场论证,raw-not-distributed/D015-2017-cruezphysrevx7031057/wiki.md#semantic,可追溯,,0
510,拓扑绝缘体,属于,对称类,raw-not-distributed/D015-2017-cruezphysrevx7031057/wiki.md#semantic,可追溯,,0
511,梯子,属于,BDI对称类BDI symmetry class,raw-not-distributed/D015-2017-cruezphysrevx7031057/wiki.md#semantic,可追溯,,0
512,模型,属于,BDI对称类BDI symmetry class,raw-not-distributed/D015-2017-cruezphysrevx7031057/wiki.md#semantic,可追溯,,0
513,合成Creutz-Hubbard梯子模型synthetic Creutz-Hubbard ladder model,包含,相互作用,raw-not-distributed/D015-2017-cruezphysrevx7031057/paper.md,推断,,0
514,合成Creutz-Hubbard梯子模型synthetic Creutz-Hubbard ladder model,包含,梯子,raw-not-distributed/D015-2017-cruezphysrevx7031057/paper.md,推断,,0
515,非平衡Creutz梯子推广到AIII对称类nonequilibrium Creutz ladder generalization to AIII symmetry class,包含,梯子,raw-not-distributed/D015-2017-cruezphysrevx7031057/paper.md,推断,,0
516,量子杂质物理语言刻画拓扑相变quantum impurity physics description of topological transitions,包含,KT,raw-not-distributed/D015-2017-cruezphysrevx7031057/paper.md,推断,,0
517,研究不同填充下的Creutz-Hubbard模型寻找相互作用诱导拓扑相,包含,相互作用,raw-not-distributed/D015-2017-cruezphysrevx7031057/paper.md,推断,,0
518,研究不同填充下的Creutz-Hubbard模型寻找相互作用诱导拓扑相,包含,梯子,raw-not-distributed/D015-2017-cruezphysrevx7031057/paper.md,推断,,0
531,academic/wiki/papers/D016-2018-kagome-chenxi,来源,academic/raw/references/D016-2018-kagome-chenxi/paper,raw-not-distributed/D016-2018-kagome-chenxi/paper.md,可追溯,,0
532,Xi Chen,第一作者,academic/wiki/papers/D016-2018-kagome-chenxi,raw-not-distributed/D016-2018-kagome-chenxi/wiki.md#semantic,可追溯,,0
533,Shi-Ju Ran,作者,academic/wiki/papers/D016-2018-kagome-chenxi,raw-not-distributed/D016-2018-kagome-chenxi/wiki.md#semantic,可追溯,,0
534,Tao Liu,作者,academic/wiki/papers/D016-2018-kagome-chenxi,raw-not-distributed/D016-2018-kagome-chenxi/wiki.md#semantic,可追溯,,0
535,Cheng Peng,作者,academic/wiki/papers/D016-2018-kagome-chenxi,raw-not-distributed/D016-2018-kagome-chenxi/wiki.md#semantic,可追溯,,0
536,Yi-Zhen Huang,作者,academic/wiki/papers/D016-2018-kagome-chenxi,raw-not-distributed/D016-2018-kagome-chenxi/wiki.md#semantic,可追溯,,0
537,Gang Su,作者,academic/wiki/papers/D016-2018-kagome-chenxi,raw-not-distributed/D016-2018-kagome-chenxi/wiki.md#semantic,可追溯,,0
538,academic/wiki/papers/D016-2018-kagome-chenxi,研究基础,spin-,raw-not-distributed/D016-2018-kagome-chenxi/wiki.md#semantic,可追溯,,0
539,academic/wiki/papers/D016-2018-kagome-chenxi,研究基础,量子自旋液体,raw-not-distributed/D016-2018-kagome-chenxi/wiki.md#semantic,可追溯,,0
540,academic/wiki/papers/D016-2018-kagome-chenxi,核心方法,无限投影纠缠对态,raw-not-distributed/D016-2018-kagome-chenxi/wiki.md#semantic,可追溯,,0
541,academic/wiki/papers/D016-2018-kagome-chenxi,核心方法,ODTNS,raw-not-distributed/D016-2018-kagome-chenxi/wiki.md#semantic,可追溯,,0
542,academic/wiki/papers/D016-2018-kagome-chenxi,核心方法,无限投影纠缠对态的簇更新,raw-not-distributed/D016-2018-kagome-chenxi/wiki.md#semantic,可追溯,,0
543,academic/wiki/papers/D016-2018-kagome-chenxi,核心方法,full update,raw-not-distributed/D016-2018-kagome-chenxi/wiki.md#semantic,可追溯,,0
544,academic/wiki/papers/D016-2018-kagome-chenxi,核心方法,TPDO,raw-not-distributed/D016-2018-kagome-chenxi/wiki.md#semantic,可追溯,,0
545,academic/wiki/papers/D016-2018-kagome-chenxi,核心创新点,APL,raw-not-distributed/D016-2018-kagome-chenxi/wiki.md#semantic,可追溯,,0
546,academic/wiki/papers/D016-2018-kagome-chenxi,核心创新点,h–T 平面有限温相图,raw-not-distributed/D016-2018-kagome-chenxi/wiki.md#semantic,可追溯,,0
547,academic/wiki/papers/D016-2018-kagome-chenxi,涉及,外磁场下自旋笼目海森堡反铁磁体有限温热力学,raw-not-distributed/D016-2018-kagome-chenxi/wiki.md#semantic,可追溯,,0
548,academic/wiki/papers/D016-2018-kagome-chenxi,对比方法,变分蒙特卡洛,raw-not-distributed/D016-2018-kagome-chenxi/wiki.md#semantic,可追溯,,0
549,academic/wiki/papers/D016-2018-kagome-chenxi,对比方法,DMRG,raw-not-distributed/D016-2018-kagome-chenxi/wiki.md#semantic,可追溯,,0
550,academic/wiki/papers/D016-2018-kagome-chenxi,对比方法,对称张量网络态,raw-not-distributed/D016-2018-kagome-chenxi/wiki.md#semantic,可追溯,,0
551,academic/wiki/papers/D016-2018-kagome-chenxi,对比方法,无限时间演化块,raw-not-distributed/D016-2018-kagome-chenxi/wiki.md#semantic,可追溯,,0
552,academic/wiki/papers/D016-2018-kagome-chenxi,对比方法,部分张量网络态方法,raw-not-distributed/D016-2018-kagome-chenxi/wiki.md#semantic,可追溯,,0
553,ODTNS,基于,张量网络,raw-not-distributed/D016-2018-kagome-chenxi/wiki.md#semantic,可追溯,,0
554,无限投影纠缠对态的簇更新,基于,Bethe 近似,raw-not-distributed/D016-2018-kagome-chenxi/wiki.md#semantic,可追溯,,0
555,full update,结合,无限时间演化块,raw-not-distributed/D016-2018-kagome-chenxi/wiki.md#semantic,可追溯,,0
556,APL,推广,spin-,raw-not-distributed/D016-2018-kagome-chenxi/wiki.md#semantic,可追溯,,0
557,APL,属于,h–T 平面相图,raw-not-distributed/D016-2018-kagome-chenxi/wiki.md#semantic,可追溯,,0
558,OH,紧密相关于,spin-,raw-not-distributed/D016-2018-kagome-chenxi/wiki.md#semantic,可追溯,,0
559,academic/wiki/papers/D016-2018-kagome-chenxi,局限性,团簇更新与完全更新存在精度-代价权衡,raw-not-distributed/D016-2018-kagome-chenxi/wiki.md#semantic,可追溯,,0
560,ODTNS,包含,张量网络,raw-not-distributed/D016-2018-kagome-chenxi/paper.md,推断,,0
561,对称张量网络态,包含,张量网络,raw-not-distributed/D016-2018-kagome-chenxi/paper.md,推断,,0
562,部分张量网络态方法,包含,张量网络,raw-not-distributed/D016-2018-kagome-chenxi/paper.md,推断,,0
563,APL,包含,液体,raw-not-distributed/D016-2018-kagome-chenxi/paper.md,推断,,0
580,academic/wiki/papers/D017-2018-emergent-spin-1-trimerized-valence-bond-crystal,来源,academic/raw/references/D017-2018-emergent-spin-1-trimerized-valence-bond-crystal/paper,raw-not-distributed/D017-2018-emergent-spin-1-trimerized-valence-bond-crystal/paper.md,可追溯,,0
581,academic/wiki/papers/D017-2018-emergent-spin-1-trimerized-valence-bond-crystal,发表于,Phys. Rev. B,raw-not-distributed/D017-2018-emergent-spin-1-trimerized-valence-bond-crystal/wiki.md#semantic,可追溯,,0
582,Shi-Ju Ran,第一作者,academic/wiki/papers/D017-2018-emergent-spin-1-trimerized-valence-bond-crystal,raw-not-distributed/D017-2018-emergent-spin-1-trimerized-valence-bond-crystal/wiki.md#semantic,可追溯,,0
583,Wei Li,作者,academic/wiki/papers/D017-2018-emergent-spin-1-trimerized-valence-bond-crystal,raw-not-distributed/D017-2018-emergent-spin-1-trimerized-valence-bond-crystal/wiki.md#semantic,可追溯,,0
584,Shou-Shu Gong,作者,academic/wiki/papers/D017-2018-emergent-spin-1-trimerized-valence-bond-crystal,raw-not-distributed/D017-2018-emergent-spin-1-trimerized-valence-bond-crystal/wiki.md#semantic,可追溯,,0
585,Andreas Weichselbaum,作者,academic/wiki/papers/D017-2018-emergent-spin-1-trimerized-valence-bond-crystal,raw-not-distributed/D017-2018-emergent-spin-1-trimerized-valence-bond-crystal/wiki.md#semantic,可追溯,,0
586,Jan von Delft,作者,academic/wiki/papers/D017-2018-emergent-spin-1-trimerized-valence-bond-crystal,raw-not-distributed/D017-2018-emergent-spin-1-trimerized-valence-bond-crystal/wiki.md#semantic,可追溯,,0
587,Gang Su,作者,academic/wiki/papers/D017-2018-emergent-spin-1-trimerized-valence-bond-crystal,raw-not-distributed/D017-2018-emergent-spin-1-trimerized-valence-bond-crystal/wiki.md#semantic,可追溯,,0
588,academic/wiki/papers/D017-2018-emergent-spin-1-trimerized-valence-bond-crystal,研究基础,spin-,raw-not-distributed/D017-2018-emergent-spin-1-trimerized-valence-bond-crystal/wiki.md#semantic,可追溯,,0
589,academic/wiki/papers/D017-2018-emergent-spin-1-trimerized-valence-bond-crystal,研究基础,星型格子,raw-not-distributed/D017-2018-emergent-spin-1-trimerized-valence-bond-crystal/wiki.md#semantic,可追溯,,0
590,academic/wiki/papers/D017-2018-emergent-spin-1-trimerized-valence-bond-crystal,研究基础,几何阻挫,raw-not-distributed/D017-2018-emergent-spin-1-trimerized-valence-bond-crystal/wiki.md#semantic,可追溯,,0
591,academic/wiki/papers/D017-2018-emergent-spin-1-trimerized-valence-bond-crystal,核心方法,DMRG,raw-not-distributed/D017-2018-emergent-spin-1-trimerized-valence-bond-crystal/wiki.md#semantic,可追溯,,0
592,academic/wiki/papers/D017-2018-emergent-spin-1-trimerized-valence-bond-crystal,核心方法,含对称性的投影纠缠对态,raw-not-distributed/D017-2018-emergent-spin-1-trimerized-valence-bond-crystal/wiki.md#semantic,可追溯,,0
593,academic/wiki/papers/D017-2018-emergent-spin-1-trimerized-valence-bond-crystal,核心方法,PEPS,raw-not-distributed/D017-2018-emergent-spin-1-trimerized-valence-bond-crystal/wiki.md#semantic,可追溯,,0
594,academic/wiki/papers/D017-2018-emergent-spin-1-trimerized-valence-bond-crystal,核心方法,NCD,raw-not-distributed/D017-2018-emergent-spin-1-trimerized-valence-bond-crystal/wiki.md#semantic,可追溯,,0
595,academic/wiki/papers/D017-2018-emergent-spin-1-trimerized-valence-bond-crystal,核心创新点,TVBC,raw-not-distributed/D017-2018-emergent-spin-1-trimerized-valence-bond-crystal/wiki.md#semantic,可追溯,,0
596,academic/wiki/papers/D017-2018-emergent-spin-1-trimerized-valence-bond-crystal,核心创新点,键上三重态涌现的自旋-1自由度,raw-not-distributed/D017-2018-emergent-spin-1-trimerized-valence-bond-crystal/wiki.md#semantic,可追溯,,0
597,academic/wiki/papers/D017-2018-emergent-spin-1-trimerized-valence-bond-crystal,核心创新点,反演对称性破缺,raw-not-distributed/D017-2018-emergent-spin-1-trimerized-valence-bond-crystal/wiki.md#semantic,可追溯,,0
598,academic/wiki/papers/D017-2018-emergent-spin-1-trimerized-valence-bond-crystal,核心创新点,普适指数标度行为,raw-not-distributed/D017-2018-emergent-spin-1-trimerized-valence-bond-crystal/wiki.md#semantic,可追溯,,0
599,academic/wiki/papers/D017-2018-emergent-spin-1-trimerized-valence-bond-crystal,核心创新点,非磁能隙,raw-not-distributed/D017-2018-emergent-spin-1-trimerized-valence-bond-crystal/wiki.md#semantic,可追溯,,0
600,academic/wiki/papers/D017-2018-emergent-spin-1-trimerized-valence-bond-crystal,核心创新点,磁化尖点,raw-not-distributed/D017-2018-emergent-spin-1-trimerized-valence-bond-crystal/wiki.md#semantic,可追溯,,0
601,academic/wiki/papers/D017-2018-emergent-spin-1-trimerized-valence-bond-crystal,局限性,临界点处张量难以保持临界性,raw-not-distributed/D017-2018-emergent-spin-1-trimerized-valence-bond-crystal/wiki.md#semantic,可追溯,,0
602,academic/wiki/papers/D017-2018-emergent-spin-1-trimerized-valence-bond-crystal,局限性,临界信息精确提取受限,raw-not-distributed/D017-2018-emergent-spin-1-trimerized-valence-bond-crystal/wiki.md#semantic,可追溯,,0
603,academic/wiki/papers/D017-2018-emergent-spin-1-trimerized-valence-bond-crystal,对比方法,SU(2)对称性投影纠缠对态,raw-not-distributed/D017-2018-emergent-spin-1-trimerized-valence-bond-crystal/wiki.md#semantic,可追溯,,0
604,academic/wiki/papers/D017-2018-emergent-spin-1-trimerized-valence-bond-crystal,对比方法,无SU(2)对称性投影纠缠对态,raw-not-distributed/D017-2018-emergent-spin-1-trimerized-valence-bond-crystal/wiki.md#semantic,可追溯,,0
605,TVBC,基于,键上三重态,raw-not-distributed/D017-2018-emergent-spin-1-trimerized-valence-bond-crystal/wiki.md#semantic,可追溯,,0
606,TVBC,属于,spin-,raw-not-distributed/D017-2018-emergent-spin-1-trimerized-valence-bond-crystal/wiki.md#semantic,可追溯,,0
607,TVBC,对比,二聚化价键晶体,raw-not-distributed/D017-2018-emergent-spin-1-trimerized-valence-bond-crystal/wiki.md#semantic,可追溯,,0
608,NCD,基于,张量网络秩-1分解,raw-not-distributed/D017-2018-emergent-spin-1-trimerized-valence-bond-crystal/wiki.md#semantic,可追溯,,0
609,含对称性的投影纠缠对态,改进,PEPS,raw-not-distributed/D017-2018-emergent-spin-1-trimerized-valence-bond-crystal/wiki.md#semantic,可追溯,,0
610,无SU(2)对称性投影纠缠对态,包含,SU(2)对称性投影纠缠对态,raw-not-distributed/D017-2018-emergent-spin-1-trimerized-valence-bond-crystal/paper.md,推断,,0
628,academic/wiki/papers/D018-2018-csw-physrevb98085111,来源,academic/raw/references/D018-2018-csw-physrevb98085111/paper,raw-not-distributed/D018-2018-csw-physrevb98085111/paper.md,可追溯,,0
629,academic/wiki/papers/D018-2018-csw-physrevb98085111,发表于,Phys. Rev. B,raw-not-distributed/D018-2018-csw-physrevb98085111/wiki.md#semantic,可追溯,,0
630,Shi-Ju Ran,第一作者,academic/wiki/papers/D018-2018-csw-physrevb98085111,raw-not-distributed/D018-2018-csw-physrevb98085111/wiki.md#semantic,可追溯,,0
631,Cheng Peng,作者,academic/wiki/papers/D018-2018-csw-physrevb98085111,raw-not-distributed/D018-2018-csw-physrevb98085111/wiki.md#semantic,可追溯,,0
632,Gang Su,作者,academic/wiki/papers/D018-2018-csw-physrevb98085111,raw-not-distributed/D018-2018-csw-physrevb98085111/wiki.md#semantic,可追溯,,0
633,Maciej Lewenstein,作者,academic/wiki/papers/D018-2018-csw-physrevb98085111,raw-not-distributed/D018-2018-csw-physrevb98085111/wiki.md#semantic,可追溯,,0
634,academic/wiki/papers/D018-2018-csw-physrevb98085111,核心方法,CSW,raw-not-distributed/D018-2018-csw-physrevb98085111/wiki.md#semantic,可追溯,,0
635,academic/wiki/papers/D018-2018-csw-physrevb98085111,核心方法,TH,raw-not-distributed/D018-2018-csw-physrevb98085111/wiki.md#semantic,可追溯,,0
636,academic/wiki/papers/D018-2018-csw-physrevb98085111,核心创新点,仅通过边界参数α切换有限自旋链的体能谱与纠缠谱简并结构,raw-not-distributed/D018-2018-csw-physrevb98085111/wiki.md#semantic,可追溯,,0
637,academic/wiki/papers/D018-2018-csw-physrevb98085111,核心创新点,普适切换点α^s = 0.5,raw-not-distributed/D018-2018-csw-physrevb98085111/wiki.md#semantic,可追溯,,0
638,academic/wiki/papers/D018-2018-csw-physrevb98085111,对比方法,二维模型,raw-not-distributed/D018-2018-csw-physrevb98085111/wiki.md#semantic,可追溯,,0
639,academic/wiki/papers/D018-2018-csw-physrevb98085111,未来展望,构造更多可调谐相互作用以耦合多个CSW为尺寸可扩展网络,raw-not-distributed/D018-2018-csw-physrevb98085111/wiki.md#semantic,可追溯,,0
640,academic/wiki/papers/D018-2018-csw-physrevb98085111,未来展望,设计具有更复杂更普适调控能力的模型,raw-not-distributed/D018-2018-csw-physrevb98085111/wiki.md#semantic,可追溯,,0
641,academic/wiki/papers/D018-2018-csw-physrevb98085111,未来展望,将边界控制效应应用于探测体的物性,raw-not-distributed/D018-2018-csw-physrevb98085111/wiki.md#semantic,可追溯,,0
642,CSW,基于,二维模型,raw-not-distributed/D018-2018-csw-physrevb98085111/wiki.md#semantic,可追溯,,0
643,CSW,基于,TH,raw-not-distributed/D018-2018-csw-physrevb98085111/wiki.md#semantic,可追溯,,0
644,TH,属于,QES,raw-not-distributed/D018-2018-csw-physrevb98085111/wiki.md#semantic,可追溯,,0
645,QES,基于,AOP,raw-not-distributed/D018-2018-csw-physrevb98085111/wiki.md#semantic,可追溯,,0
646,CSW,应用于,光晶格超冷原子,raw-not-distributed/D018-2018-csw-physrevb98085111/wiki.md#semantic,可追溯,,0
647,CSW,应用于,囚禁离子,raw-not-distributed/D018-2018-csw-physrevb98085111/wiki.md#semantic,可追溯,,0
648,CSW,应用于,量子电路,raw-not-distributed/D018-2018-csw-physrevb98085111/wiki.md#semantic,可追溯,,0
649,CSW,应用于,量子点,raw-not-distributed/D018-2018-csw-physrevb98085111/wiki.md#semantic,可追溯,,0
650,仅通过边界参数α切换有限自旋链的体能谱与纠缠谱简并结构,包含,纠缠谱,raw-not-distributed/D018-2018-csw-physrevb98085111/paper.md,推断,,0
651,构造更多可调谐相互作用以耦合多个CSW为尺寸可扩展网络,包含,CSW,raw-not-distributed/D018-2018-csw-physrevb98085111/paper.md,推断,,0
652,构造更多可调谐相互作用以耦合多个CSW为尺寸可扩展网络,包含,相互作用,raw-not-distributed/D018-2018-csw-physrevb98085111/paper.md,推断,,0
653,设计具有更复杂更普适调控能力的模型,包含,模型,raw-not-distributed/D018-2018-csw-physrevb98085111/paper.md,推断,,0
671,academic/wiki/papers/D019-2018-pc-epjb,来源,academic/raw/references/D019-2018-pc-epjb/paper,raw-not-distributed/D019-2018-pc-epjb/paper.md,可追溯,,0
672,academic/wiki/papers/D019-2018-pc-epjb,发表于,Eur. Phys. J. B,raw-not-distributed/D019-2018-pc-epjb/wiki.md#semantic,可追溯,,0
673,Cheng Peng,第一作者,academic/wiki/papers/D019-2018-pc-epjb,raw-not-distributed/D019-2018-pc-epjb/wiki.md#semantic,可追溯,,0
674,Shi-Ju Ran,作者,academic/wiki/papers/D019-2018-pc-epjb,raw-not-distributed/D019-2018-pc-epjb/wiki.md#semantic,可追溯,,0
675,Maciej Lewenstein,作者,academic/wiki/papers/D019-2018-pc-epjb,raw-not-distributed/D019-2018-pc-epjb/wiki.md#semantic,可追溯,,0
676,Gang Su,作者,academic/wiki/papers/D019-2018-pc-epjb,raw-not-distributed/D019-2018-pc-epjb/wiki.md#semantic,可追溯,,0
677,academic/wiki/papers/D019-2018-pc-epjb,核心方法,DMRG,raw-not-distributed/D019-2018-pc-epjb/wiki.md#semantic,可追溯,,0
678,academic/wiki/papers/D019-2018-pc-epjb,核心方法,MPS,raw-not-distributed/D019-2018-pc-epjb/wiki.md#semantic,可追溯,,0
679,academic/wiki/papers/D019-2018-pc-epjb,研究基础,纠缠熵,raw-not-distributed/D019-2018-pc-epjb/wiki.md#semantic,可追溯,,0
680,academic/wiki/papers/D019-2018-pc-epjb,研究基础,纠缠谱,raw-not-distributed/D019-2018-pc-epjb/wiki.md#semantic,可追溯,,0
681,academic/wiki/papers/D019-2018-pc-epjb,研究基础,各向同性反铁磁模型,raw-not-distributed/D019-2018-pc-epjb/wiki.md#semantic,可追溯,,0
682,academic/wiki/papers/D019-2018-pc-epjb,研究基础,蜂窝晶格,raw-not-distributed/D019-2018-pc-epjb/wiki.md#semantic,可追溯,,0
683,academic/wiki/papers/D019-2018-pc-epjb,研究基础,二聚体相dimer phase,raw-not-distributed/D019-2018-pc-epjb/wiki.md#semantic,可追溯,,0
684,academic/wiki/papers/D019-2018-pc-epjb,研究基础,Néel相,raw-not-distributed/D019-2018-pc-epjb/wiki.md#semantic,可追溯,,0
685,academic/wiki/papers/D019-2018-pc-epjb,核心创新点,二聚体相纠缠熵随截断维度呈线性标度,raw-not-distributed/D019-2018-pc-epjb/wiki.md#semantic,可追溯,,0
686,academic/wiki/papers/D019-2018-pc-epjb,核心创新点,Néel相纠缠熵随截断维度呈对数标度,raw-not-distributed/D019-2018-pc-epjb/wiki.md#semantic,可追溯,,0
687,academic/wiki/papers/D019-2018-pc-epjb,核心创新点,以纠缠标度区分二聚体相与Néel相,raw-not-distributed/D019-2018-pc-epjb/wiki.md#semantic,可追溯,,0
688,academic/wiki/papers/D019-2018-pc-epjb,对比方法,MERA,raw-not-distributed/D019-2018-pc-epjb/wiki.md#semantic,可追溯,,0
689,academic/wiki/papers/D019-2018-pc-epjb,对比方法,PEPS,raw-not-distributed/D019-2018-pc-epjb/wiki.md#semantic,可追溯,,0
690,纠缠熵,基于,截断维度χ,raw-not-distributed/D019-2018-pc-epjb/wiki.md#semantic,可追溯,,0
691,纠缠谱,基于,Schmidt系数,raw-not-distributed/D019-2018-pc-epjb/wiki.md#semantic,可追溯,,0
692,二聚体相纠缠熵随截断维度呈线性标度,包含,二聚体相dimer phase,raw-not-distributed/D019-2018-pc-epjb/paper.md,推断,,0
693,二聚体相纠缠熵随截断维度呈线性标度,包含,纠缠熵,raw-not-distributed/D019-2018-pc-epjb/paper.md,推断,,0
694,Néel相纠缠熵随截断维度呈对数标度,包含,Néel相,raw-not-distributed/D019-2018-pc-epjb/paper.md,推断,,0
695,Néel相纠缠熵随截断维度呈对数标度,包含,纠缠熵,raw-not-distributed/D019-2018-pc-epjb/paper.md,推断,,0
696,以纠缠标度区分二聚体相与Néel相,包含,二聚体相dimer phase,raw-not-distributed/D019-2018-pc-epjb/paper.md,推断,,0
697,以纠缠标度区分二聚体相与Néel相,包含,Néel相,raw-not-distributed/D019-2018-pc-epjb/paper.md,推断,,0
734,academic/wiki/papers/D020-2018-091彭程,来源,academic/raw/references/D020-2018-091彭程/paper,raw-not-distributed/D020-2018-091彭程/paper.md,可追溯,,0
735,academic/wiki/papers/D020-2018-091彭程,发表于,Journal of University of Chinese Academy of Sciences,raw-not-distributed/D020-2018-091彭程/wiki.md#semantic,可追溯,,0
736,彭程,第一作者,academic/wiki/papers/D020-2018-091彭程,raw-not-distributed/D020-2018-091彭程/wiki.md#semantic,可追溯,,0
737,冉仕举,作者,academic/wiki/papers/D020-2018-091彭程,raw-not-distributed/D020-2018-091彭程/wiki.md#semantic,可追溯,,0
738,academic/wiki/papers/D020-2018-091彭程,核心创新点,时间矩阵乘积态,raw-not-distributed/D020-2018-091彭程/wiki.md#semantic,可追溯,,0
739,academic/wiki/papers/D020-2018-091彭程,核心方法,数值重整化群,raw-not-distributed/D020-2018-091彭程/wiki.md#semantic,可追溯,,0
740,academic/wiki/papers/D020-2018-091彭程,研究基础,MPS,raw-not-distributed/D020-2018-091彭程/wiki.md#semantic,可追溯,,0
741,academic/wiki/papers/D020-2018-091彭程,研究基础,纠缠熵,raw-not-distributed/D020-2018-091彭程/wiki.md#semantic,可追溯,,0
742,academic/wiki/papers/D020-2018-091彭程,研究基础,蜂窝状六角格子自旋海森堡反铁磁模型,raw-not-distributed/D020-2018-091彭程/wiki.md#semantic,可追溯,,0
743,academic/wiki/papers/D020-2018-091彭程,研究基础,扭曲格点,raw-not-distributed/D020-2018-091彭程/wiki.md#semantic,可追溯,,0
744,academic/wiki/papers/D020-2018-091彭程,对比方法,共形场论标度律推广,raw-not-distributed/D020-2018-091彭程/wiki.md#semantic,可追溯,,0
745,academic/wiki/papers/D020-2018-091彭程,局限性,靠近相边界处标度行为因裁剪误差和有限尺寸效应变得不明显,raw-not-distributed/D020-2018-091彭程/wiki.md#semantic,可追溯,,0
746,academic/wiki/papers/D020-2018-091彭程,未来展望,通过(1+1)维共形场论对tMPS临界标度律作进一步研究,raw-not-distributed/D020-2018-091彭程/wiki.md#semantic,可追溯,,0
747,时间矩阵乘积态,推广,MPS,raw-not-distributed/D020-2018-091彭程/wiki.md#semantic,可追溯,,0
748,时间矩阵乘积态,应用于,二维量子多体系统基态临界性,raw-not-distributed/D020-2018-091彭程/wiki.md#semantic,可追溯,,0
749,数值重整化群,结合,时间矩阵乘积态,raw-not-distributed/D020-2018-091彭程/wiki.md#semantic,可追溯,,0
750,纠缠熵,结合,关联长度,raw-not-distributed/D020-2018-091彭程/wiki.md#semantic,可追溯,,0
751,MPS,推广,时间矩阵乘积态,raw-not-distributed/D020-2018-091彭程/wiki.md#semantic,可追溯,,0
752,时间矩阵乘积态,包含,MPS,raw-not-distributed/D020-2018-091彭程/paper.md,推断,,0
802,academic/wiki/papers/D021-2019-machine-learning-by-unitary-tensor-network-of-hierarchical-tree-structure,来源,academic/raw/references/D021-2019-machine-learning-by-unitary-tensor-network-of-hierarchical-tree-structure/paper,raw-not-distributed/D021-2019-machine-learning-by-unitary-tensor-network-of-hierarchical-tree-structure/paper.md,可追溯,,0
803,academic/wiki/papers/D021-2019-machine-learning-by-unitary-tensor-network-of-hierarchical-tree-structure,发表于,New J. Phys.,raw-not-distributed/D021-2019-machine-learning-by-unitary-tensor-network-of-hierarchical-tree-structure/wiki.md#semantic,可追溯,,0
804,Ding Liu,第一作者,academic/wiki/papers/D021-2019-machine-learning-by-unitary-tensor-network-of-hierarchical-tree-structure,raw-not-distributed/D021-2019-machine-learning-by-unitary-tensor-network-of-hierarchical-tree-structure/wiki.md#semantic,可追溯,,0
805,Shi-Ju Ran,作者,academic/wiki/papers/D021-2019-machine-learning-by-unitary-tensor-network-of-hierarchical-tree-structure,raw-not-distributed/D021-2019-machine-learning-by-unitary-tensor-network-of-hierarchical-tree-structure/wiki.md#semantic,可追溯,,0
806,Peter Wittek,作者,academic/wiki/papers/D021-2019-machine-learning-by-unitary-tensor-network-of-hierarchical-tree-structure,raw-not-distributed/D021-2019-machine-learning-by-unitary-tensor-network-of-hierarchical-tree-structure/wiki.md#semantic,可追溯,,0
807,Cheng Peng,作者,academic/wiki/papers/D021-2019-machine-learning-by-unitary-tensor-network-of-hierarchical-tree-structure,raw-not-distributed/D021-2019-machine-learning-by-unitary-tensor-network-of-hierarchical-tree-structure/wiki.md#semantic,可追溯,,0
808,Raul Blázquez García,作者,academic/wiki/papers/D021-2019-machine-learning-by-unitary-tensor-network-of-hierarchical-tree-structure,raw-not-distributed/D021-2019-machine-learning-by-unitary-tensor-network-of-hierarchical-tree-structure/wiki.md#semantic,可追溯,,0
809,Gang Su,作者,academic/wiki/papers/D021-2019-machine-learning-by-unitary-tensor-network-of-hierarchical-tree-structure,raw-not-distributed/D021-2019-machine-learning-by-unitary-tensor-network-of-hierarchical-tree-structure/wiki.md#semantic,可追溯,,0
810,Maciej Lewenstein,作者,academic/wiki/papers/D021-2019-machine-learning-by-unitary-tensor-network-of-hierarchical-tree-structure,raw-not-distributed/D021-2019-machine-learning-by-unitary-tensor-network-of-hierarchical-tree-structure/wiki.md#semantic,可追溯,,0
811,academic/wiki/papers/D021-2019-machine-learning-by-unitary-tensor-network-of-hierarchical-tree-structure,核心方法,MERA,raw-not-distributed/D021-2019-machine-learning-by-unitary-tensor-network-of-hierarchical-tree-structure/wiki.md#semantic,可追溯,,0
812,academic/wiki/papers/D021-2019-machine-learning-by-unitary-tensor-network-of-hierarchical-tree-structure,核心方法,TTN,raw-not-distributed/D021-2019-machine-learning-by-unitary-tensor-network-of-hierarchical-tree-structure/wiki.md#semantic,可追溯,,0
813,academic/wiki/papers/D021-2019-machine-learning-by-unitary-tensor-network-of-hierarchical-tree-structure,核心方法,酉张量网络,raw-not-distributed/D021-2019-machine-learning-by-unitary-tensor-network-of-hierarchical-tree-structure/wiki.md#semantic,可追溯,,0
814,academic/wiki/papers/D021-2019-machine-learning-by-unitary-tensor-network-of-hierarchical-tree-structure,核心创新点,训练过程中保持张量酉性,raw-not-distributed/D021-2019-machine-learning-by-unitary-tensor-network-of-hierarchical-tree-structure/wiki.md#semantic,可追溯,,0
815,academic/wiki/papers/D021-2019-machine-learning-by-unitary-tensor-network-of-hierarchical-tree-structure,核心创新点,将图像类别编码为量子多体态,raw-not-distributed/D021-2019-machine-learning-by-unitary-tensor-network-of-hierarchical-tree-structure/wiki.md#semantic,可追溯,,0
816,academic/wiki/papers/D021-2019-machine-learning-by-unitary-tensor-network-of-hierarchical-tree-structure,研究基础,MPS,raw-not-distributed/D021-2019-machine-learning-by-unitary-tensor-network-of-hierarchical-tree-structure/wiki.md#semantic,可追溯,,0
817,academic/wiki/papers/D021-2019-machine-learning-by-unitary-tensor-network-of-hierarchical-tree-structure,研究基础,深度卷积网络,raw-not-distributed/D021-2019-machine-learning-by-unitary-tensor-network-of-hierarchical-tree-structure/wiki.md#semantic,可追溯,,0
818,academic/wiki/papers/D021-2019-machine-learning-by-unitary-tensor-network-of-hierarchical-tree-structure,研究基础,深度信念网络,raw-not-distributed/D021-2019-machine-learning-by-unitary-tensor-network-of-hierarchical-tree-structure/wiki.md#semantic,可追溯,,0
819,academic/wiki/papers/D021-2019-machine-learning-by-unitary-tensor-network-of-hierarchical-tree-structure,对比方法,SVM,raw-not-distributed/D021-2019-machine-learning-by-unitary-tensor-network-of-hierarchical-tree-structure/wiki.md#semantic,可追溯,,0
820,academic/wiki/papers/D021-2019-machine-learning-by-unitary-tensor-network-of-hierarchical-tree-structure,对比方法,近邻,raw-not-distributed/D021-2019-machine-learning-by-unitary-tensor-network-of-hierarchical-tree-structure/wiki.md#semantic,可追溯,,0
821,academic/wiki/papers/D021-2019-machine-learning-by-unitary-tensor-network-of-hierarchical-tree-structure,对比方法,CNN,raw-not-distributed/D021-2019-machine-learning-by-unitary-tensor-network-of-hierarchical-tree-structure/wiki.md#semantic,可追溯,,0
822,academic/wiki/papers/D021-2019-machine-learning-by-unitary-tensor-network-of-hierarchical-tree-structure,局限性,表征能力上限由输入键维度决定,raw-not-distributed/D021-2019-machine-learning-by-unitary-tensor-network-of-hierarchical-tree-structure/wiki.md#semantic,可追溯,,0
823,academic/wiki/papers/D021-2019-machine-learning-by-unitary-tensor-network-of-hierarchical-tree-structure,未来展望,在量子模拟/计算硬件上制备酉张量网络用于图像识别,raw-not-distributed/D021-2019-machine-learning-by-unitary-tensor-network-of-hierarchical-tree-structure/wiki.md#semantic,可追溯,,0
824,TTN,基于,MERA,raw-not-distributed/D021-2019-machine-learning-by-unitary-tensor-network-of-hierarchical-tree-structure/wiki.md#semantic,可追溯,,0
825,MERA,启发,酉张量网络训练算法,raw-not-distributed/D021-2019-machine-learning-by-unitary-tensor-network-of-hierarchical-tree-structure/wiki.md#semantic,可追溯,,0
826,TTN,应用于,图像分类,raw-not-distributed/D021-2019-machine-learning-by-unitary-tensor-network-of-hierarchical-tree-structure/wiki.md#semantic,可追溯,,0
827,纠缠熵,反映,分类器弱纠缠表示,raw-not-distributed/D021-2019-machine-learning-by-unitary-tensor-network-of-hierarchical-tree-structure/wiki.md#semantic,可追溯,,0
828,保真度fidelity,反映,两类之间的分类难度,raw-not-distributed/D021-2019-machine-learning-by-unitary-tensor-network-of-hierarchical-tree-structure/wiki.md#semantic,可追溯,,0
829,在量子模拟/计算硬件上制备酉张量网络用于图像识别,包含,张量网络,raw-not-distributed/D021-2019-machine-learning-by-unitary-tensor-network-of-hierarchical-tree-structure/paper.md,推断,,0
830,在量子模拟/计算硬件上制备酉张量网络用于图像识别,包含,酉张量网络,raw-not-distributed/D021-2019-machine-learning-by-unitary-tensor-network-of-hierarchical-tree-structure/paper.md,推断,,0
878,academic/wiki/papers/D022-2019-noise-tolerant-signature-ofzntopological-order-in-quantum-many-body-states,来源,academic/raw/references/D022-2019-noise-tolerant-signature-ofzntopological-order-in-quantum-many-body-states/paper,raw-not-distributed/D022-2019-noise-tolerant-signature-ofzntopological-order-in-quantum-many-body-states/paper.md,可追溯,,0
879,academic/wiki/papers/D022-2019-noise-tolerant-signature-ofzntopological-order-in-quantum-many-body-states,发表于,Phys. Rev. B,raw-not-distributed/D022-2019-noise-tolerant-signature-ofzntopological-order-in-quantum-many-body-states/wiki.md#semantic,可追溯,,0
880,Xi Chen,第一作者,academic/wiki/papers/D022-2019-noise-tolerant-signature-ofzntopological-order-in-quantum-many-body-states,raw-not-distributed/D022-2019-noise-tolerant-signature-ofzntopological-order-in-quantum-many-body-states/wiki.md#semantic,可追溯,,0
881,Shi-Ju Ran,作者,academic/wiki/papers/D022-2019-noise-tolerant-signature-ofzntopological-order-in-quantum-many-body-states,raw-not-distributed/D022-2019-noise-tolerant-signature-ofzntopological-order-in-quantum-many-body-states/wiki.md#semantic,可追溯,,0
882,Shuo Yang,作者,academic/wiki/papers/D022-2019-noise-tolerant-signature-ofzntopological-order-in-quantum-many-body-states,raw-not-distributed/D022-2019-noise-tolerant-signature-ofzntopological-order-in-quantum-many-body-states/wiki.md#semantic,可追溯,,0
883,Maciej Lewenstein,作者,academic/wiki/papers/D022-2019-noise-tolerant-signature-ofzntopological-order-in-quantum-many-body-states,raw-not-distributed/D022-2019-noise-tolerant-signature-ofzntopological-order-in-quantum-many-body-states/wiki.md#semantic,可追溯,,0
884,Gang Su,作者,academic/wiki/papers/D022-2019-noise-tolerant-signature-ofzntopological-order-in-quantum-many-body-states,raw-not-distributed/D022-2019-noise-tolerant-signature-ofzntopological-order-in-quantum-many-body-states/wiki.md#semantic,可追溯,,0
885,academic/wiki/papers/D022-2019-noise-tolerant-signature-ofzntopological-order-in-quantum-many-body-states,核心方法,张量网络自洽方程固定点简并度,raw-not-distributed/D022-2019-noise-tolerant-signature-ofzntopological-order-in-quantum-many-body-states/wiki.md#semantic,可追溯,,0
886,academic/wiki/papers/D022-2019-noise-tolerant-signature-ofzntopological-order-in-quantum-many-body-states,核心创新点,RD,raw-not-distributed/D022-2019-noise-tolerant-signature-ofzntopological-order-in-quantum-many-body-states/wiki.md#semantic,可追溯,,0
887,academic/wiki/papers/D022-2019-noise-tolerant-signature-ofzntopological-order-in-quantum-many-body-states,研究基础,PEPS,raw-not-distributed/D022-2019-noise-tolerant-signature-ofzntopological-order-in-quantum-many-body-states/wiki.md#semantic,可追溯,,0
888,academic/wiki/papers/D022-2019-noise-tolerant-signature-ofzntopological-order-in-quantum-many-body-states,研究基础,二维模型,raw-not-distributed/D022-2019-noise-tolerant-signature-ofzntopological-order-in-quantum-many-body-states/wiki.md#semantic,可追溯,,0
889,academic/wiki/papers/D022-2019-noise-tolerant-signature-ofzntopological-order-in-quantum-many-body-states,研究基础,Haldane,raw-not-distributed/D022-2019-noise-tolerant-signature-ofzntopological-order-in-quantum-many-body-states/wiki.md#semantic,可追溯,,0
890,academic/wiki/papers/D022-2019-noise-tolerant-signature-ofzntopological-order-in-quantum-many-body-states,研究基础,Z_N拓扑序,raw-not-distributed/D022-2019-noise-tolerant-signature-ofzntopological-order-in-quantum-many-body-states/wiki.md#semantic,可追溯,,0
891,academic/wiki/papers/D022-2019-noise-tolerant-signature-ofzntopological-order-in-quantum-many-body-states,研究基础,扭曲格点,raw-not-distributed/D022-2019-noise-tolerant-signature-ofzntopological-order-in-quantum-many-body-states/wiki.md#semantic,可追溯,,0
892,academic/wiki/papers/D022-2019-noise-tolerant-signature-ofzntopological-order-in-quantum-many-body-states,对比方法,拓扑纠缠熵,raw-not-distributed/D022-2019-noise-tolerant-signature-ofzntopological-order-in-quantum-many-body-states/wiki.md#semantic,可追溯,,0
893,academic/wiki/papers/D022-2019-noise-tolerant-signature-ofzntopological-order-in-quantum-many-body-states,对比方法,拓扑Renyi熵,raw-not-distributed/D022-2019-noise-tolerant-signature-ofzntopological-order-in-quantum-many-body-states/wiki.md#semantic,可追溯,,0
894,academic/wiki/papers/D022-2019-noise-tolerant-signature-ofzntopological-order-in-quantum-many-body-states,对比方法,拓扑基态简并度,raw-not-distributed/D022-2019-noise-tolerant-signature-ofzntopological-order-in-quantum-many-body-states/wiki.md#semantic,可追溯,,0
895,academic/wiki/papers/D022-2019-noise-tolerant-signature-ofzntopological-order-in-quantum-many-body-states,对比方法,ribbon算符,raw-not-distributed/D022-2019-noise-tolerant-signature-ofzntopological-order-in-quantum-many-body-states/wiki.md#semantic,可追溯,,0
896,RD,基于,PEPS,raw-not-distributed/D022-2019-noise-tolerant-signature-ofzntopological-order-in-quantum-many-body-states/wiki.md#semantic,可追溯,,0
897,RD,应用于,二维模型,raw-not-distributed/D022-2019-noise-tolerant-signature-ofzntopological-order-in-quantum-many-body-states/wiki.md#semantic,可追溯,,0
898,RD,应用于,Haldane,raw-not-distributed/D022-2019-noise-tolerant-signature-ofzntopological-order-in-quantum-many-body-states/wiki.md#semantic,可追溯,,0
899,RD,应用于,Z_N内禀拓扑态,raw-not-distributed/D022-2019-noise-tolerant-signature-ofzntopological-order-in-quantum-many-body-states/wiki.md#semantic,可追溯,,0
900,RD,改进,拓扑纠缠熵,raw-not-distributed/D022-2019-noise-tolerant-signature-ofzntopological-order-in-quantum-many-body-states/wiki.md#semantic,可追溯,,0
901,RD,改进,拓扑Renyi,raw-not-distributed/D022-2019-noise-tolerant-signature-ofzntopological-order-in-quantum-many-body-states/wiki.md#semantic,可追溯,,0
902,Z_N拓扑序,属于,内禀拓扑序,raw-not-distributed/D022-2019-noise-tolerant-signature-ofzntopological-order-in-quantum-many-body-states/wiki.md#semantic,可追溯,,0
903,拓扑Renyi熵,包含,拓扑Renyi,raw-not-distributed/D022-2019-noise-tolerant-signature-ofzntopological-order-in-quantum-many-body-states/paper.md,推断,,0
928,academic/wiki/hubs/纠缠熵与纠缠谱诊断,子方向,academic/wiki/hubs/拓扑纠缠熵与 Rényi 诊断,,推断,,0
956,academic/wiki/papers/D023-2019-finite-temperature-qes,来源,academic/raw/references/D023-2019-finite-temperature-qes/paper,raw-not-distributed/D023-2019-finite-temperature-qes/paper.md,可追溯,,0
957,academic/wiki/papers/D023-2019-finite-temperature-qes,发表于,Phys. Rev. B,raw-not-distributed/D023-2019-finite-temperature-qes/wiki.md#semantic,可追溯,,0
958,Shi-Ju Ran,第一作者,academic/wiki/papers/D023-2019-finite-temperature-qes,raw-not-distributed/D023-2019-finite-temperature-qes/wiki.md#semantic,可追溯,,0
959,Bin Xi,作者,academic/wiki/papers/D023-2019-finite-temperature-qes,raw-not-distributed/D023-2019-finite-temperature-qes/wiki.md#semantic,可追溯,,0
960,Cheng Peng,作者,academic/wiki/papers/D023-2019-finite-temperature-qes,raw-not-distributed/D023-2019-finite-temperature-qes/wiki.md#semantic,可追溯,,0
961,Gang Su,作者,academic/wiki/papers/D023-2019-finite-temperature-qes,raw-not-distributed/D023-2019-finite-temperature-qes/wiki.md#semantic,可追溯,,0
962,Maciej Lewenstein,作者,academic/wiki/papers/D023-2019-finite-temperature-qes,raw-not-distributed/D023-2019-finite-temperature-qes/wiki.md#semantic,可追溯,,0
963,academic/wiki/papers/D023-2019-finite-temperature-qes,核心方法,QES,raw-not-distributed/D023-2019-finite-temperature-qes/wiki.md#semantic,可追溯,,0
964,academic/wiki/papers/D023-2019-finite-temperature-qes,核心创新点,以温度无关少体有效哈密顿量模拟无限大系统有限温度热力学,raw-not-distributed/D023-2019-finite-temperature-qes/wiki.md#semantic,可追溯,,0
965,academic/wiki/papers/D023-2019-finite-temperature-qes,核心方法,纠缠浴,raw-not-distributed/D023-2019-finite-temperature-qes/wiki.md#semantic,可追溯,,0
966,academic/wiki/papers/D023-2019-finite-temperature-qes,核心方法,LTRG,raw-not-distributed/D023-2019-finite-temperature-qes/wiki.md#semantic,可追溯,,0
967,academic/wiki/papers/D023-2019-finite-temperature-qes,核心方法,无限密度矩阵重正化群,raw-not-distributed/D023-2019-finite-temperature-qes/wiki.md#semantic,可追溯,,0
968,academic/wiki/papers/D023-2019-finite-temperature-qes,研究基础,张量网络,raw-not-distributed/D023-2019-finite-temperature-qes/wiki.md#semantic,可追溯,,0
969,academic/wiki/papers/D023-2019-finite-temperature-qes,研究基础,海森堡模型,raw-not-distributed/D023-2019-finite-temperature-qes/wiki.md#semantic,可追溯,,0
970,academic/wiki/papers/D023-2019-finite-temperature-qes,研究基础,XY链XY chain,raw-not-distributed/D023-2019-finite-temperature-qes/wiki.md#semantic,可追溯,,0
971,academic/wiki/papers/D023-2019-finite-temperature-qes,研究基础,蜂窝晶格,raw-not-distributed/D023-2019-finite-temperature-qes/wiki.md#semantic,可追溯,,0
972,academic/wiki/papers/D023-2019-finite-temperature-qes,研究基础,立方晶格,raw-not-distributed/D023-2019-finite-temperature-qes/wiki.md#semantic,可追溯,,0
973,academic/wiki/papers/D023-2019-finite-temperature-qes,研究基础,贝特晶格,raw-not-distributed/D023-2019-finite-temperature-qes/wiki.md#semantic,可追溯,,0
974,academic/wiki/papers/D023-2019-finite-temperature-qes,对比方法,worm update,raw-not-distributed/D023-2019-finite-temperature-qes/wiki.md#semantic,可追溯,,0
975,academic/wiki/papers/D023-2019-finite-temperature-qes,对比方法,DMFT,raw-not-distributed/D023-2019-finite-temperature-qes/wiki.md#semantic,可追溯,,0
976,academic/wiki/papers/D023-2019-finite-temperature-qes,对比方法,DMET,raw-not-distributed/D023-2019-finite-temperature-qes/wiki.md#semantic,可追溯,,0
977,academic/wiki/papers/D023-2019-finite-temperature-qes,对比方法,DMRG,raw-not-distributed/D023-2019-finite-temperature-qes/wiki.md#semantic,可追溯,,0
978,academic/wiki/papers/D023-2019-finite-temperature-qes,对比方法,PEPS,raw-not-distributed/D023-2019-finite-temperature-qes/wiki.md#semantic,可追溯,,0
979,academic/wiki/papers/D023-2019-finite-temperature-qes,局限性,浴关联误差源于有限浴维度截断长程关联,raw-not-distributed/D023-2019-finite-temperature-qes/wiki.md#semantic,可追溯,,0
980,academic/wiki/papers/D023-2019-finite-temperature-qes,局限性,温度关联误差源于温度无关假设在渡越点附近显著,raw-not-distributed/D023-2019-finite-temperature-qes/wiki.md#semantic,可追溯,,0
981,academic/wiki/papers/D023-2019-finite-temperature-qes,局限性,结构误差因以贝特晶格近似代替原晶格环境在临界点附近最大,raw-not-distributed/D023-2019-finite-temperature-qes/wiki.md#semantic,可追溯,,0
982,academic/wiki/papers/D023-2019-finite-temperature-qes,局限性,QES,raw-not-distributed/D023-2019-finite-temperature-qes/wiki.md#semantic,可追溯,,0
983,academic/wiki/papers/D023-2019-finite-temperature-qes,局限性,Trotter误差量级随虚时间步长的平方增长,raw-not-distributed/D023-2019-finite-temperature-qes/wiki.md#semantic,可追溯,,0
984,academic/wiki/papers/D023-2019-finite-temperature-qes,未来展望,让体内浴相互作用随温度变化以提高精度,raw-not-distributed/D023-2019-finite-temperature-qes/wiki.md#semantic,可追溯,,0
985,academic/wiki/papers/D023-2019-finite-temperature-qes,未来展望,采用无Trotter误差的级数展开算法,raw-not-distributed/D023-2019-finite-temperature-qes/wiki.md#semantic,可追溯,,0
986,academic/wiki/papers/D023-2019-finite-temperature-qes,未来展望,PEPS,raw-not-distributed/D023-2019-finite-temperature-qes/wiki.md#semantic,可追溯,,0
987,academic/wiki/papers/D023-2019-finite-temperature-qes,未来展望,与动力学平均场和密度矩阵嵌入理论结合以模拟相互作用电子体系,raw-not-distributed/D023-2019-finite-temperature-qes/wiki.md#semantic,可追溯,,0
988,academic/wiki/papers/D023-2019-finite-temperature-qes,未来展望,在冷原子等平台上以O(10)格点实验实现,raw-not-distributed/D023-2019-finite-temperature-qes/wiki.md#semantic,可追溯,,0
989,academic/wiki/papers/D023-2019-finite-temperature-qes,推广,适用维度从一维扩展到二维与三维,raw-not-distributed/D023-2019-finite-temperature-qes/wiki.md#semantic,可追溯,,0
990,academic/wiki/papers/D023-2019-finite-temperature-qes,推广,适用温度从零温扩展到有限温度,raw-not-distributed/D023-2019-finite-temperature-qes/wiki.md#semantic,可追溯,,0
991,academic/wiki/papers/D023-2019-finite-temperature-qes,推广,模型类型从自旋扩展到玻色子与费米子晶格模型,raw-not-distributed/D023-2019-finite-temperature-qes/wiki.md#semantic,可追溯,,0
992,QES,基于,纠缠浴,raw-not-distributed/D023-2019-finite-temperature-qes/wiki.md#semantic,可追溯,,0
993,QES,基于,张量网络,raw-not-distributed/D023-2019-finite-temperature-qes/wiki.md#semantic,可追溯,,0
994,QES,基于,MPS,raw-not-distributed/D023-2019-finite-temperature-qes/wiki.md#semantic,可追溯,,0
995,QES,对比,worm update,raw-not-distributed/D023-2019-finite-temperature-qes/wiki.md#semantic,可追溯,,0
996,QES,结合,DMFT,raw-not-distributed/D023-2019-finite-temperature-qes/wiki.md#semantic,可追溯,,0
997,QES,结合,DMET,raw-not-distributed/D023-2019-finite-temperature-qes/wiki.md#semantic,可追溯,,0
998,QES,应用于,海森堡模型,raw-not-distributed/D023-2019-finite-temperature-qes/wiki.md#semantic,可追溯,,0
999,QES,应用于,XY链XY chain,raw-not-distributed/D023-2019-finite-temperature-qes/wiki.md#semantic,可追溯,,0
1000,QES,应用于,蜂窝晶格,raw-not-distributed/D023-2019-finite-temperature-qes/wiki.md#semantic,可追溯,,0
1001,QES,应用于,立方晶格,raw-not-distributed/D023-2019-finite-temperature-qes/wiki.md#semantic,可追溯,,0
1002,LTRG,基于,张量网络,raw-not-distributed/D023-2019-finite-temperature-qes/wiki.md#semantic,可追溯,,0
1003,纠缠浴,拆分,浴格点,raw-not-distributed/D023-2019-finite-temperature-qes/wiki.md#semantic,可追溯,,0
1004,结构误差因以贝特晶格近似代替原晶格环境在临界点附近最大,包含,贝特晶格,raw-not-distributed/D023-2019-finite-temperature-qes/paper.md,推断,,0
1005,让体内浴相互作用随温度变化以提高精度,包含,相互作用,raw-not-distributed/D023-2019-finite-temperature-qes/paper.md,推断,,0
1006,与动力学平均场和密度矩阵嵌入理论结合以模拟相互作用电子体系,包含,相互作用,raw-not-distributed/D023-2019-finite-temperature-qes/paper.md,推断,,0
1007,与动力学平均场和密度矩阵嵌入理论结合以模拟相互作用电子体系,包含,DMFT,raw-not-distributed/D023-2019-finite-temperature-qes/paper.md,推断,,0
1008,与动力学平均场和密度矩阵嵌入理论结合以模拟相互作用电子体系,包含,DMET,raw-not-distributed/D023-2019-finite-temperature-qes/paper.md,推断,,0
1069,academic/wiki/papers/D024-2020-paulinets-hermann,来源,academic/raw/references/D024-2020-paulinets-hermann/paper,raw-not-distributed/D024-2020-paulinets-hermann/paper.md,可追溯,,0
1070,Jan Hermann,第一作者,academic/wiki/papers/D024-2020-paulinets-hermann,raw-not-distributed/D024-2020-paulinets-hermann/wiki.md#semantic,可追溯,,0
1071,Zeno Schätzle,作者,academic/wiki/papers/D024-2020-paulinets-hermann,raw-not-distributed/D024-2020-paulinets-hermann/wiki.md#semantic,可追溯,,0
1072,Frank Noé,作者,academic/wiki/papers/D024-2020-paulinets-hermann,raw-not-distributed/D024-2020-paulinets-hermann/wiki.md#semantic,可追溯,,0
1073,academic/wiki/papers/D024-2020-paulinets-hermann,核心方法,变分蒙特卡洛,raw-not-distributed/D024-2020-paulinets-hermann/wiki.md#semantic,可追溯,,0
1074,academic/wiki/papers/D024-2020-paulinets-hermann,核心方法,波函数,raw-not-distributed/D024-2020-paulinets-hermann/wiki.md#semantic,可追溯,,0
1075,academic/wiki/papers/D024-2020-paulinets-hermann,核心方法,用SchNet表示电子环境,raw-not-distributed/D024-2020-paulinets-hermann/wiki.md#semantic,可追溯,,0
1076,academic/wiki/papers/D024-2020-paulinets-hermann,核心方法,PauliNet,raw-not-distributed/D024-2020-paulinets-hermann/wiki.md#semantic,可追溯,,0
1077,PauliNet,拆分,电子薛定谔方程求解,raw-not-distributed/D024-2020-paulinets-hermann/wiki.md#semantic,可追溯,,0
1078,PauliNet,拆分,波函数,raw-not-distributed/D024-2020-paulinets-hermann/wiki.md#semantic,可追溯,,0
1079,波函数,求解,电子薛定谔方程,raw-not-distributed/D024-2020-paulinets-hermann/wiki.md#semantic,可追溯,,0
1080,academic/wiki/papers/D024-2020-paulinets-hermann,核心创新点,波函数,raw-not-distributed/D024-2020-paulinets-hermann/wiki.md#semantic,可追溯,,0
1081,academic/wiki/papers/D024-2020-paulinets-hermann,核心创新点,用PauliNet恢复97%–99.9%相关能且行列式数少一到两个数量级,raw-not-distributed/D024-2020-paulinets-hermann/wiki.md#semantic,可追溯,,0
1082,academic/wiki/papers/D024-2020-paulinets-hermann,核心创新点,同步优化十个独立副本并定期丢弃能量最高的五个,raw-not-distributed/D024-2020-paulinets-hermann/wiki.md#semantic,可追溯,,0
1083,academic/wiki/papers/D024-2020-paulinets-hermann,核心创新点,在六个行列式下达或超过强关联H₁₀最优变分QMC能量,raw-not-distributed/D024-2020-paulinets-hermann/wiki.md#semantic,可追溯,,0
1084,academic/wiki/papers/D024-2020-paulinets-hermann,对比方法,FCI,raw-not-distributed/D024-2020-paulinets-hermann/wiki.md#semantic,可追溯,,0
1085,academic/wiki/papers/D024-2020-paulinets-hermann,对比方法,标准变分ansatz,raw-not-distributed/D024-2020-paulinets-hermann/wiki.md#semantic,可追溯,,0
1086,academic/wiki/papers/D024-2020-paulinets-hermann,对比方法,MR-CC,raw-not-distributed/D024-2020-paulinets-hermann/wiki.md#semantic,可追溯,,0
1087,academic/wiki/papers/D024-2020-paulinets-hermann,对比方法,FermiNet,raw-not-distributed/D024-2020-paulinets-hermann/wiki.md#semantic,可追溯,,0
1088,academic/wiki/papers/D024-2020-paulinets-hermann,研究基础,变分原理,raw-not-distributed/D024-2020-paulinets-hermann/wiki.md#semantic,可追溯,,0
1089,academic/wiki/papers/D024-2020-paulinets-hermann,研究基础,分子轨道理论,raw-not-distributed/D024-2020-paulinets-hermann/wiki.md#semantic,可追溯,,0
1090,academic/wiki/papers/D024-2020-paulinets-hermann,研究基础,电子–电子cusp条件,raw-not-distributed/D024-2020-paulinets-hermann/wiki.md#semantic,可追溯,,0
1091,academic/wiki/papers/D024-2020-paulinets-hermann,研究基础,Hartree–Fock方法,raw-not-distributed/D024-2020-paulinets-hermann/wiki.md#semantic,可追溯,,0
1092,academic/wiki/papers/D024-2020-paulinets-hermann,研究基础,多参考方法,raw-not-distributed/D024-2020-paulinets-hermann/wiki.md#semantic,可追溯,,0
1093,academic/wiki/papers/D024-2020-paulinets-hermann,研究基础,Slater行列式,raw-not-distributed/D024-2020-paulinets-hermann/wiki.md#semantic,可追溯,,0
1094,academic/wiki/papers/D024-2020-paulinets-hermann,研究基础,Jastrow因子,raw-not-distributed/D024-2020-paulinets-hermann/wiki.md#semantic,可追溯,,0
1095,academic/wiki/papers/D024-2020-paulinets-hermann,研究基础,backflow变换,raw-not-distributed/D024-2020-paulinets-hermann/wiki.md#semantic,可追溯,,0
1096,academic/wiki/papers/D024-2020-paulinets-hermann,研究基础,蒙特卡洛采样,raw-not-distributed/D024-2020-paulinets-hermann/wiki.md#semantic,可追溯,,0
1097,academic/wiki/papers/D024-2020-paulinets-hermann,研究基础,GCNN,raw-not-distributed/D024-2020-paulinets-hermann/wiki.md#semantic,可追溯,,0
1098,academic/wiki/papers/D024-2020-paulinets-hermann,研究基础,PhysNet,raw-not-distributed/D024-2020-paulinets-hermann/wiki.md#semantic,可追溯,,0
1099,academic/wiki/papers/D024-2020-paulinets-hermann,研究基础,SchNet,raw-not-distributed/D024-2020-paulinets-hermann/wiki.md#semantic,可追溯,,0
1100,academic/wiki/papers/D024-2020-paulinets-hermann,未来展望,计算开销渐近按N^4标度,raw-not-distributed/D024-2020-paulinets-hermann/wiki.md#semantic,可追溯,,0
1101,academic/wiki/papers/D024-2020-paulinets-hermann,未来展望,成为面向更大体系的高精度黑箱量子化学方法,raw-not-distributed/D024-2020-paulinets-hermann/wiki.md#semantic,可追溯,,0
1102,academic/wiki/papers/D024-2020-paulinets-hermann,未来展望,DNN灵活性绕开赝势与不完备基组在传统QMC中的限制,raw-not-distributed/D024-2020-paulinets-hermann/wiki.md#semantic,可追溯,,0
1103,波函数,基于,Slater行列式,raw-not-distributed/D024-2020-paulinets-hermann/wiki.md#semantic,可追溯,,0
1104,波函数,基于,Jastrow因子,raw-not-distributed/D024-2020-paulinets-hermann/wiki.md#semantic,可追溯,,0
1105,波函数,基于,backflow变换,raw-not-distributed/D024-2020-paulinets-hermann/wiki.md#semantic,可追溯,,0
1106,波函数,结合,DNN,raw-not-distributed/D024-2020-paulinets-hermann/wiki.md#semantic,可追溯,,0
1107,波函数,编码,电子–电子cusp条件,raw-not-distributed/D024-2020-paulinets-hermann/wiki.md#semantic,可追溯,,0
1108,用SchNet表示电子环境,基于,GCNN,raw-not-distributed/D024-2020-paulinets-hermann/wiki.md#semantic,可追溯,,0
1109,用SchNet表示电子环境,基于,SchNet,raw-not-distributed/D024-2020-paulinets-hermann/wiki.md#semantic,可追溯,,0
1110,用SchNet表示电子环境,基于,PhysNet,raw-not-distributed/D024-2020-paulinets-hermann/wiki.md#semantic,可追溯,,0
1111,FermiNet,对比,波函数,raw-not-distributed/D024-2020-paulinets-hermann/wiki.md#semantic,可追溯,,0
1112,变分蒙特卡洛,基于,变分原理,raw-not-distributed/D024-2020-paulinets-hermann/wiki.md#semantic,可追溯,,0
1113,FCI,替代,波函数,raw-not-distributed/D024-2020-paulinets-hermann/wiki.md#semantic,可追溯,,0
1114,多参考耦合簇multi-reference耦合簇(MR-CC),对比,波函数,raw-not-distributed/D024-2020-paulinets-hermann/wiki.md#semantic,可追溯,,0
1115,TLCC,基于,MPS,raw-not-distributed/D024-2020-paulinets-hermann/wiki.md#semantic,可追溯,,0
1116,用SchNet表示电子环境,包含,SchNet,raw-not-distributed/D024-2020-paulinets-hermann/paper.md,推断,,0
1117,PauliNet,包含,电子薛定谔方程,raw-not-distributed/D024-2020-paulinets-hermann/paper.md,推断,,0
1118,电子薛定谔方程求解,包含,电子薛定谔方程,raw-not-distributed/D024-2020-paulinets-hermann/paper.md,推断,,0
1119,多参考方法,包含,Hartree–Fock方法,raw-not-distributed/D024-2020-paulinets-hermann/paper.md,推断,,0
1120,波函数,包含,PauliNet,raw-not-distributed/D024-2020-paulinets-hermann/paper.md,推断,,0
1121,波函数,包含,标准变分ansatz,raw-not-distributed/D024-2020-paulinets-hermann/paper.md,推断,,0
1122,用PauliNet恢复97%–99.9%相关能且行列式数少一到两个数量级,包含,PauliNet,raw-not-distributed/D024-2020-paulinets-hermann/paper.md,推断,,0
1123,用PauliNet恢复97%–99.9%相关能且行列式数少一到两个数量级,包含,波函数,raw-not-distributed/D024-2020-paulinets-hermann/paper.md,推断,,0
1124,用PauliNet恢复97%–99.9%相关能且行列式数少一到两个数量级,包含,Slater行列式,raw-not-distributed/D024-2020-paulinets-hermann/paper.md,推断,,0
1125,在六个行列式下达或超过强关联H₁₀最优变分QMC能量,包含,Slater行列式,raw-not-distributed/D024-2020-paulinets-hermann/paper.md,推断,,0
1126,成为面向更大体系的高精度黑箱量子化学方法,包含,Hartree–Fock方法,raw-not-distributed/D024-2020-paulinets-hermann/paper.md,推断,,0
1203,academic/wiki/papers/D025-2020-mps_deep_encoding_circuit,来源,academic/raw/references/D025-2020-mps_deep_encoding_circuit/paper,raw-not-distributed/D025-2020-mps_deep_encoding_circuit/paper.md,可追溯,,0
1204,Shi-Ju Ran,第一作者,academic/wiki/papers/D025-2020-mps_deep_encoding_circuit,raw-not-distributed/D025-2020-mps_deep_encoding_circuit/wiki.md#semantic,可追溯,,0
1205,academic/wiki/papers/D025-2020-mps_deep_encoding_circuit,核心方法,MPD,raw-not-distributed/D025-2020-mps_deep_encoding_circuit/wiki.md#semantic,可追溯,,0
1206,academic/wiki/papers/D025-2020-mps_deep_encoding_circuit,核心方法,用矩阵乘积解纠缠器把目标矩阵乘积态解纠缠为乘积态,raw-not-distributed/D025-2020-mps_deep_encoding_circuit/wiki.md#semantic,可追溯,,0
1207,academic/wiki/papers/D025-2020-mps_deep_encoding_circuit,核心方法,将矩阵乘积态编码为仅含单比特与双比特门的深度量子电路,raw-not-distributed/D025-2020-mps_deep_encoding_circuit/wiki.md#semantic,可追溯,,0
1208,academic/wiki/papers/D025-2020-mps_deep_encoding_circuit,研究基础,MPS,raw-not-distributed/D025-2020-mps_deep_encoding_circuit/wiki.md#semantic,可追溯,,0
1209,academic/wiki/papers/D025-2020-mps_deep_encoding_circuit,研究基础,DMRG,raw-not-distributed/D025-2020-mps_deep_encoding_circuit/wiki.md#semantic,可追溯,,0
1210,academic/wiki/papers/D025-2020-mps_deep_encoding_circuit,结合,qubit-efficient scheme,raw-not-distributed/D025-2020-mps_deep_encoding_circuit/wiki.md#semantic,可追溯,,0
1211,academic/wiki/papers/D025-2020-mps_deep_encoding_circuit,对比方法,将多比特门逐步分解为单双比特门的编译方法,raw-not-distributed/D025-2020-mps_deep_encoding_circuit/wiki.md#semantic,可追溯,,0
1212,academic/wiki/papers/D025-2020-mps_deep_encoding_circuit,应用于,一维强关联自旋模型的基态,raw-not-distributed/D025-2020-mps_deep_encoding_circuit/wiki.md#semantic,可追溯,,0
1213,academic/wiki/papers/D025-2020-mps_deep_encoding_circuit,核心创新点,直接优化矩阵乘积解纠缠器以最优解纠缠目标矩阵乘积态,raw-not-distributed/D025-2020-mps_deep_encoding_circuit/wiki.md#semantic,可追溯,,0
1214,academic/wiki/papers/D025-2020-mps_deep_encoding_circuit,核心创新点,仅用少于10个量子比特实现N=24到150个自旋的基态矩阵乘积态,raw-not-distributed/D025-2020-mps_deep_encoding_circuit/wiki.md#semantic,可追溯,,0
1215,MPD,基于,MPS,raw-not-distributed/D025-2020-mps_deep_encoding_circuit/wiki.md#semantic,可追溯,,0
1216,MPD,替代,多比特门逐步分解,raw-not-distributed/D025-2020-mps_deep_encoding_circuit/wiki.md#semantic,可追溯,,0
1217,将多比特门逐步分解为单双比特门的编译方法,包含,多比特门逐步分解,raw-not-distributed/D025-2020-mps_deep_encoding_circuit/paper.md,推断,,0
1218,直接优化矩阵乘积解纠缠器以最优解纠缠目标矩阵乘积态,包含,MPS,raw-not-distributed/D025-2020-mps_deep_encoding_circuit/paper.md,推断,,0
1219,直接优化矩阵乘积解纠缠器以最优解纠缠目标矩阵乘积态,包含,MPD,raw-not-distributed/D025-2020-mps_deep_encoding_circuit/paper.md,推断,,0
1220,仅用少于10个量子比特实现N=24到150个自旋的基态矩阵乘积态,包含,MPS,raw-not-distributed/D025-2020-mps_deep_encoding_circuit/paper.md,推断,,0
1297,academic/wiki/papers/D026-2020-sawtooth,来源,academic/raw/references/D026-2020-sawtooth/paper,raw-not-distributed/D026-2020-sawtooth/paper.md,可追溯,,0
1298,academic/wiki/papers/D026-2020-sawtooth,发表于,Phys. Rev. B,raw-not-distributed/D026-2020-sawtooth/wiki.md#semantic,可追溯,,0
1299,Yuan Yang,第一作者,academic/wiki/papers/D026-2020-sawtooth,raw-not-distributed/D026-2020-sawtooth/wiki.md#semantic,可追溯,,0
1300,Shi-Ju Ran,作者,academic/wiki/papers/D026-2020-sawtooth,raw-not-distributed/D026-2020-sawtooth/wiki.md#semantic,可追溯,,0
1301,Xi Chen,作者,academic/wiki/papers/D026-2020-sawtooth,raw-not-distributed/D026-2020-sawtooth/wiki.md#semantic,可追溯,,0
1302,Zheng-Zhi Sun,作者,academic/wiki/papers/D026-2020-sawtooth,raw-not-distributed/D026-2020-sawtooth/wiki.md#semantic,可追溯,,0
1303,Shou-Shu Gong,作者,academic/wiki/papers/D026-2020-sawtooth,raw-not-distributed/D026-2020-sawtooth/wiki.md#semantic,可追溯,,0
1304,Zhengchuan Wang,作者,academic/wiki/papers/D026-2020-sawtooth,raw-not-distributed/D026-2020-sawtooth/wiki.md#semantic,可追溯,,0
1305,Gang Su,作者,academic/wiki/papers/D026-2020-sawtooth,raw-not-distributed/D026-2020-sawtooth/wiki.md#semantic,可追溯,,0
1306,academic/wiki/papers/D026-2020-sawtooth,研究基础,自旋-1 锯齿链,raw-not-distributed/D026-2020-sawtooth/wiki.md#semantic,可追溯,,0
1307,academic/wiki/papers/D026-2020-sawtooth,研究基础,反铁磁海森堡模型,raw-not-distributed/D026-2020-sawtooth/wiki.md#semantic,可追溯,,0
1308,academic/wiki/papers/D026-2020-sawtooth,核心方法,DMRG,raw-not-distributed/D026-2020-sawtooth/wiki.md#semantic,可追溯,,0
1309,academic/wiki/papers/D026-2020-sawtooth,核心创新点,磁场诱导零温下拓扑相再入,raw-not-distributed/D026-2020-sawtooth/wiki.md#semantic,可追溯,,0
1310,academic/wiki/papers/D026-2020-sawtooth,核心创新点,Haldane,raw-not-distributed/D026-2020-sawtooth/wiki.md#semantic,可追溯,,0
1311,academic/wiki/papers/D026-2020-sawtooth,核心创新点,把再入现象从常规有序相推广到拓扑相,raw-not-distributed/D026-2020-sawtooth/wiki.md#semantic,可追溯,,0
1312,academic/wiki/papers/D026-2020-sawtooth,未来展望,在二维及更高维系统中发现类似拓扑再入现象,raw-not-distributed/D026-2020-sawtooth/wiki.md#semantic,可追溯,,0
1313,Haldane,属于,晶体对称性保护拓扑相,raw-not-distributed/D026-2020-sawtooth/wiki.md#semantic,可追溯,,0
1314,Haldane,基于,键心反演对称性,raw-not-distributed/D026-2020-sawtooth/wiki.md#semantic,可追溯,,0
1315,零温再入,基于,几何阻挫,raw-not-distributed/D026-2020-sawtooth/wiki.md#semantic,可追溯,,0
1316,零温再入,基于,量子涨落,raw-not-distributed/D026-2020-sawtooth/wiki.md#semantic,可追溯,,0
1317,零温再入,推广,经典再入现象,raw-not-distributed/D026-2020-sawtooth/wiki.md#semantic,可追溯,,0
1318,DMRG,探索,自旋锯齿链反铁磁海森堡模型相图,raw-not-distributed/D026-2020-sawtooth/wiki.md#semantic,可追溯,,0
1319,自旋锯齿链反铁磁海森堡模型相图,包含,反铁磁海森堡模型,raw-not-distributed/D026-2020-sawtooth/paper.md,推断,,0
1320,把再入现象从常规有序相推广到拓扑相,包含,再入现象,raw-not-distributed/D026-2020-sawtooth/paper.md,推断,,0
1321,在二维及更高维系统中发现类似拓扑再入现象,包含,再入现象,raw-not-distributed/D026-2020-sawtooth/paper.md,推断,,0
1398,academic/wiki/papers/D027-2020-gtnc,来源,academic/raw/references/D027-2020-gtnc/paper,raw-not-distributed/D027-2020-gtnc/paper.md,可追溯,,0
1399,academic/wiki/papers/D027-2020-gtnc,发表于,Phys. Rev. B,raw-not-distributed/D027-2020-gtnc/wiki.md#semantic,可追溯,,0
1400,Zheng-Zhi Sun,第一作者,academic/wiki/papers/D027-2020-gtnc,raw-not-distributed/D027-2020-gtnc/wiki.md#semantic,可追溯,,0
1401,Cheng Peng,作者,academic/wiki/papers/D027-2020-gtnc,raw-not-distributed/D027-2020-gtnc/wiki.md#semantic,可追溯,,0
1402,Ding Liu,作者,academic/wiki/papers/D027-2020-gtnc,raw-not-distributed/D027-2020-gtnc/wiki.md#semantic,可追溯,,0
1403,Shi-Ju Ran,作者,academic/wiki/papers/D027-2020-gtnc,raw-not-distributed/D027-2020-gtnc/wiki.md#semantic,可追溯,,0
1404,Gang Su,作者,academic/wiki/papers/D027-2020-gtnc,raw-not-distributed/D027-2020-gtnc/wiki.md#semantic,可追溯,,0
1405,academic/wiki/papers/D027-2020-gtnc,核心方法,GTNC,raw-not-distributed/D027-2020-gtnc/wiki.md#semantic,可追溯,,0
1406,academic/wiki/papers/D027-2020-gtnc,核心方法,GMPSC,raw-not-distributed/D027-2020-gtnc/wiki.md#semantic,可追溯,,0
1407,academic/wiki/papers/D027-2020-gtnc,核心创新点,MPS,raw-not-distributed/D027-2020-gtnc/wiki.md#semantic,可追溯,,0
1408,academic/wiki/papers/D027-2020-gtnc,研究基础,MPS,raw-not-distributed/D027-2020-gtnc/wiki.md#semantic,可追溯,,0
1409,academic/wiki/papers/D027-2020-gtnc,研究基础,特征映射feature map,raw-not-distributed/D027-2020-gtnc/wiki.md#semantic,可追溯,,0
1410,academic/wiki/papers/D027-2020-gtnc,研究基础,保真度fidelity,raw-not-distributed/D027-2020-gtnc/wiki.md#semantic,可追溯,,0
1411,academic/wiki/papers/D027-2020-gtnc,研究基础,多体希尔伯特空间,raw-not-distributed/D027-2020-gtnc/wiki.md#semantic,可追溯,,0
1412,academic/wiki/papers/D027-2020-gtnc,研究基础,量子纠缠,raw-not-distributed/D027-2020-gtnc/wiki.md#semantic,可追溯,,0
1413,academic/wiki/papers/D027-2020-gtnc,研究基础,散度,raw-not-distributed/D027-2020-gtnc/wiki.md#semantic,可追溯,,0
1414,academic/wiki/papers/D027-2020-gtnc,对比方法,DMPSC,raw-not-distributed/D027-2020-gtnc/wiki.md#semantic,可追溯,,0
1415,academic/wiki/papers/D027-2020-gtnc,对比方法,朴素贝叶斯分类器,raw-not-distributed/D027-2020-gtnc/wiki.md#semantic,可追溯,,0
1416,academic/wiki/papers/D027-2020-gtnc,对比方法,SVM,raw-not-distributed/D027-2020-gtnc/wiki.md#semantic,可追溯,,0
1417,academic/wiki/papers/D027-2020-gtnc,对比方法,CNN,raw-not-distributed/D027-2020-gtnc/wiki.md#semantic,可追溯,,0
1418,academic/wiki/papers/D027-2020-gtnc,对比方法,懒学习基线,raw-not-distributed/D027-2020-gtnc/wiki.md#semantic,可追溯,,0
1419,academic/wiki/papers/D027-2020-gtnc,应用于,手写数字图像分类MNIST,raw-not-distributed/D027-2020-gtnc/wiki.md#semantic,可追溯,,0
1420,academic/wiki/papers/D027-2020-gtnc,应用于,时尚产品图像分类,raw-not-distributed/D027-2020-gtnc/wiki.md#semantic,可追溯,,0
1421,academic/wiki/papers/D027-2020-gtnc,局限性,准确率低于卷积神经网络等判别式模型的最优结果,raw-not-distributed/D027-2020-gtnc/wiki.md#semantic,可追溯,,0
1422,academic/wiki/papers/D027-2020-gtnc,未来展望,通过优化架构与超参数进一步提升GTNC准确率,raw-not-distributed/D027-2020-gtnc/wiki.md#semantic,可追溯,,0
1423,academic/wiki/papers/D027-2020-gtnc,未来展望,探索基于量子电路实现此类机器学习方案,raw-not-distributed/D027-2020-gtnc/wiki.md#semantic,可追溯,,0
1424,GTNC,基于,MPS,raw-not-distributed/D027-2020-gtnc/wiki.md#semantic,可追溯,,0
1425,GMPSC,属于,GTNC,raw-not-distributed/D027-2020-gtnc/wiki.md#semantic,可追溯,,0
1426,GTNC,对比,SVM,raw-not-distributed/D027-2020-gtnc/wiki.md#semantic,可追溯,,0
1427,GTNC,对比,朴素贝叶斯分类器,raw-not-distributed/D027-2020-gtnc/wiki.md#semantic,可追溯,,0
1428,DMPSC,对比,GMPSC,raw-not-distributed/D027-2020-gtnc/wiki.md#semantic,可追溯,,0
1429,特征映射feature map,映射至,多体希尔伯特空间,raw-not-distributed/D027-2020-gtnc/wiki.md#semantic,可追溯,,0
1430,SVM,结合,特征映射feature map,raw-not-distributed/D027-2020-gtnc/wiki.md#semantic,可追溯,,0
1431,MPS,约束,纠缠熵,raw-not-distributed/D027-2020-gtnc/wiki.md#semantic,可追溯,,0
1432,MPS,包含,保真度fidelity,raw-not-distributed/D027-2020-gtnc/paper.md,推断,,0
1433,MPS,包含,特征映射feature map,raw-not-distributed/D027-2020-gtnc/paper.md,推断,,0
1434,准确率低于卷积神经网络等判别式模型的最优结果,包含,模型,raw-not-distributed/D027-2020-gtnc/paper.md,推断,,0
1435,准确率低于卷积神经网络等判别式模型的最优结果,包含,CNN,raw-not-distributed/D027-2020-gtnc/paper.md,推断,,0
1436,通过优化架构与超参数进一步提升GTNC准确率,包含,GTNC,raw-not-distributed/D027-2020-gtnc/paper.md,推断,,0
1437,探索基于量子电路实现此类机器学习方案,包含,量子电路,raw-not-distributed/D027-2020-gtnc/paper.md,推断,,0
1514,academic/wiki/papers/D028-2020-tsgo-tangent-space-gradient-optimization-of-tensor-network-for-machine-learning,来源,academic/raw/references/D028-2020-tsgo-tangent-space-gradient-optimization-of-tensor-network-for-machine-learning/paper,raw-not-distributed/D028-2020-tsgo-tangent-space-gradient-optimization-of-tensor-network-for-machine-learning/paper.md,可追溯,,0
1515,Zheng-Zhi Sun,第一作者,academic/wiki/papers/D028-2020-tsgo-tangent-space-gradient-optimization-of-tensor-network-for-machine-learning,raw-not-distributed/D028-2020-tsgo-tangent-space-gradient-optimization-of-tensor-network-for-machine-learning/wiki.md#semantic,可追溯,,0
1516,Shi-Ju Ran,作者,academic/wiki/papers/D028-2020-tsgo-tangent-space-gradient-optimization-of-tensor-network-for-machine-learning,raw-not-distributed/D028-2020-tsgo-tangent-space-gradient-optimization-of-tensor-network-for-machine-learning/wiki.md#semantic,可追溯,,0
1517,Gang Su,作者,academic/wiki/papers/D028-2020-tsgo-tangent-space-gradient-optimization-of-tensor-network-for-machine-learning,raw-not-distributed/D028-2020-tsgo-tangent-space-gradient-optimization-of-tensor-network-for-machine-learning/wiki.md#semantic,可追溯,,0
1518,academic/wiki/papers/D028-2020-tsgo-tangent-space-gradient-optimization-of-tensor-network-for-machine-learning,研究基础,张量网络概率模型,raw-not-distributed/D028-2020-tsgo-tangent-space-gradient-optimization-of-tensor-network-for-machine-learning/wiki.md#semantic,可追溯,,0
1519,academic/wiki/papers/D028-2020-tsgo-tangent-space-gradient-optimization-of-tensor-network-for-machine-learning,研究基础,中心正交形式,raw-not-distributed/D028-2020-tsgo-tangent-space-gradient-optimization-of-tensor-network-for-machine-learning/wiki.md#semantic,可追溯,,0
1520,academic/wiki/papers/D028-2020-tsgo-tangent-space-gradient-optimization-of-tensor-network-for-machine-learning,核心方法,TSGO,raw-not-distributed/D028-2020-tsgo-tangent-space-gradient-optimization-of-tensor-network-for-machine-learning/wiki.md#semantic,可追溯,,0
1521,academic/wiki/papers/D028-2020-tsgo-tangent-space-gradient-optimization-of-tensor-network-for-machine-learning,核心创新点,以旋转角θ确定学习率η=tanθ,raw-not-distributed/D028-2020-tsgo-tangent-space-gradient-optimization-of-tensor-network-for-machine-learning/wiki.md#semantic,可追溯,,0
1522,academic/wiki/papers/D028-2020-tsgo-tangent-space-gradient-optimization-of-tensor-network-for-machine-learning,核心创新点,将梯度约束在参数向量正交的切平面上,raw-not-distributed/D028-2020-tsgo-tangent-space-gradient-optimization-of-tensor-network-for-machine-learning/wiki.md#semantic,可追溯,,0
1523,academic/wiki/papers/D028-2020-tsgo-tangent-space-gradient-optimization-of-tensor-network-for-machine-learning,对比方法,反向传播+Adam,raw-not-distributed/D028-2020-tsgo-tangent-space-gradient-optimization-of-tensor-network-for-machine-learning/wiki.md#semantic,可追溯,,0
1524,academic/wiki/papers/D028-2020-tsgo-tangent-space-gradient-optimization-of-tensor-network-for-machine-learning,局限性,一般不能直接用于更新一般神经网络,raw-not-distributed/D028-2020-tsgo-tangent-space-gradient-optimization-of-tensor-network-for-machine-learning/wiki.md#semantic,可追溯,,0
1525,academic/wiki/papers/D028-2020-tsgo-tangent-space-gradient-optimization-of-tensor-network-for-machine-learning,局限性,在强非线性下无法保证梯度正交条件成立,raw-not-distributed/D028-2020-tsgo-tangent-space-gradient-optimization-of-tensor-network-for-machine-learning/wiki.md#semantic,可追溯,,0
1526,academic/wiki/papers/D028-2020-tsgo-tangent-space-gradient-optimization-of-tensor-network-for-machine-learning,未来展望,推广到玻尔兹曼机,raw-not-distributed/D028-2020-tsgo-tangent-space-gradient-optimization-of-tensor-network-for-machine-learning/wiki.md#semantic,可追溯,,0
1527,academic/wiki/papers/D028-2020-tsgo-tangent-space-gradient-optimization-of-tensor-network-for-machine-learning,未来展望,推广到贝叶斯网络,raw-not-distributed/D028-2020-tsgo-tangent-space-gradient-optimization-of-tensor-network-for-machine-learning/wiki.md#semantic,可追溯,,0
1528,TSGO,应用于,MPS,raw-not-distributed/D028-2020-tsgo-tangent-space-gradient-optimization-of-tensor-network-for-machine-learning/wiki.md#semantic,可追溯,,0
1529,TSGO,对比,反向传播+Adam,raw-not-distributed/D028-2020-tsgo-tangent-space-gradient-optimization-of-tensor-network-for-machine-learning/wiki.md#semantic,可追溯,,0
1530,TSGO,基于,中心正交形式,raw-not-distributed/D028-2020-tsgo-tangent-space-gradient-optimization-of-tensor-network-for-machine-learning/wiki.md#semantic,可追溯,,0
1607,academic/wiki/papers/D029-2020-tncs-physrevresearch2033293,来源,academic/raw/references/D029-2020-tncs-physrevresearch2033293/paper,raw-not-distributed/D029-2020-tncs-physrevresearch2033293/paper.md,可追溯,,0
1608,Shi-Ju Ran,第一作者,academic/wiki/papers/D029-2020-tncs-physrevresearch2033293,raw-not-distributed/D029-2020-tncs-physrevresearch2033293/wiki.md#semantic,可追溯,,0
1609,Zheng-Zhi Sun,作者,academic/wiki/papers/D029-2020-tncs-physrevresearch2033293,raw-not-distributed/D029-2020-tncs-physrevresearch2033293/wiki.md#semantic,可追溯,,0
1610,Shao-Ming Fei,作者,academic/wiki/papers/D029-2020-tncs-physrevresearch2033293,raw-not-distributed/D029-2020-tncs-physrevresearch2033293/wiki.md#semantic,可追溯,,0
1611,Gang Su,作者,academic/wiki/papers/D029-2020-tncs-physrevresearch2033293,raw-not-distributed/D029-2020-tncs-physrevresearch2033293/wiki.md#semantic,可追溯,,0
1612,Maciej Lewenstein,作者,academic/wiki/papers/D029-2020-tncs-physrevresearch2033293,raw-not-distributed/D029-2020-tncs-physrevresearch2033293/wiki.md#semantic,可追溯,,0
1613,academic/wiki/papers/D029-2020-tncs-physrevresearch2033293,核心方法,TNCS,raw-not-distributed/D029-2020-tncs-physrevresearch2033293/wiki.md#semantic,可追溯,,0
1614,academic/wiki/papers/D029-2020-tncs-physrevresearch2033293,核心方法,压缩感知,raw-not-distributed/D029-2020-tncs-physrevresearch2033293/wiki.md#semantic,可追溯,,0
1615,academic/wiki/papers/D029-2020-tncs-physrevresearch2033293,核心方法,无监督机器学习,raw-not-distributed/D029-2020-tncs-physrevresearch2033293/wiki.md#semantic,可追溯,,0
1616,academic/wiki/papers/D029-2020-tncs-physrevresearch2033293,核心方法,张量网络,raw-not-distributed/D029-2020-tncs-physrevresearch2033293/wiki.md#semantic,可追溯,,0
1617,academic/wiki/papers/D029-2020-tncs-physrevresearch2033293,核心创新点,引入q稀疏度刻画量子态稀疏性,raw-not-distributed/D029-2020-tncs-physrevresearch2033293/wiki.md#semantic,可追溯,,0
1618,academic/wiki/papers/D029-2020-tncs-physrevresearch2033293,核心创新点,以无监督张量网络训练所得Born机作为生成模型,raw-not-distributed/D029-2020-tncs-physrevresearch2033293/wiki.md#semantic,可追溯,,0
1619,academic/wiki/papers/D029-2020-tncs-physrevresearch2033293,研究基础,压缩感知,raw-not-distributed/D029-2020-tncs-physrevresearch2033293/wiki.md#semantic,可追溯,,0
1620,academic/wiki/papers/D029-2020-tncs-physrevresearch2033293,研究基础,MPS,raw-not-distributed/D029-2020-tncs-physrevresearch2033293/wiki.md#semantic,可追溯,,0
1621,academic/wiki/papers/D029-2020-tncs-physrevresearch2033293,研究基础,纠缠熵面积律,raw-not-distributed/D029-2020-tncs-physrevresearch2033293/wiki.md#semantic,可追溯,,0
1622,academic/wiki/papers/D029-2020-tncs-physrevresearch2033293,对比方法,基于深度神经网络自编码器的压缩感知方法,raw-not-distributed/D029-2020-tncs-physrevresearch2033293/wiki.md#semantic,可追溯,,0
1623,academic/wiki/papers/D029-2020-tncs-physrevresearch2033293,对比方法,高效马尔可夫链采样方法,raw-not-distributed/D029-2020-tncs-physrevresearch2033293/wiki.md#semantic,可追溯,,0
1624,academic/wiki/papers/D029-2020-tncs-physrevresearch2033293,局限性,量子平台上实现TN模型或多比特量子态尚不可行,raw-not-distributed/D029-2020-tncs-physrevresearch2033293/wiki.md#semantic,可追溯,,0
1625,academic/wiki/papers/D029-2020-tncs-physrevresearch2033293,局限性,实际测量纠缠在当前量子设备上尚不可行,raw-not-distributed/D029-2020-tncs-physrevresearch2033293/wiki.md#semantic,可追溯,,0
1626,academic/wiki/papers/D029-2020-tncs-physrevresearch2033293,未来展望,推广至基于量子理论的真实数据安全通信,raw-not-distributed/D029-2020-tncs-physrevresearch2033293/wiki.md#semantic,可追溯,,0
1627,academic/wiki/papers/D029-2020-tncs-physrevresearch2033293,未来展望,在量子平台上以TN设计量子电路作为Born机实现TNCS,raw-not-distributed/D029-2020-tncs-physrevresearch2033293/wiki.md#semantic,可追溯,,0
1628,TNCS,结合,压缩感知,raw-not-distributed/D029-2020-tncs-physrevresearch2033293/wiki.md#semantic,可追溯,,0
1629,TNCS,结合,张量网络,raw-not-distributed/D029-2020-tncs-physrevresearch2033293/wiki.md#semantic,可追溯,,0
1630,TNCS,结合,无监督机器学习,raw-not-distributed/D029-2020-tncs-physrevresearch2033293/wiki.md#semantic,可追溯,,0
1631,TNCS,应用于,手写数字图像识别,raw-not-distributed/D029-2020-tncs-physrevresearch2033293/wiki.md#semantic,可追溯,,0
1632,TNCS,应用于,时装图像分类,raw-not-distributed/D029-2020-tncs-physrevresearch2033293/wiki.md#semantic,可追溯,,0
1633,Born机,基于,MPS,raw-not-distributed/D029-2020-tncs-physrevresearch2033293/wiki.md#semantic,可追溯,,0
1634,无监督机器学习,训练,Born机,raw-not-distributed/D029-2020-tncs-physrevresearch2033293/wiki.md#semantic,可追溯,,0
1635,纠缠熵面积律,解释,q稀疏度必要性,raw-not-distributed/D029-2020-tncs-physrevresearch2033293/wiki.md#semantic,可追溯,,0
1636,MPS,替代,深度神经网络自编码器,raw-not-distributed/D029-2020-tncs-physrevresearch2033293/wiki.md#semantic,可追溯,,0
1637,纠缠entanglement,作为,采样策略依据,raw-not-distributed/D029-2020-tncs-physrevresearch2033293/wiki.md#semantic,可追溯,,0
1638,以无监督张量网络训练所得Born机作为生成模型,包含,模型,raw-not-distributed/D029-2020-tncs-physrevresearch2033293/paper.md,推断,,0
1639,以无监督张量网络训练所得Born机作为生成模型,包含,张量网络,raw-not-distributed/D029-2020-tncs-physrevresearch2033293/paper.md,推断,,0
1640,量子平台上实现TN模型或多比特量子态尚不可行,包含,模型,raw-not-distributed/D029-2020-tncs-physrevresearch2033293/paper.md,推断,,0
1641,在量子平台上以TN设计量子电路作为Born机实现TNCS,包含,量子电路,raw-not-distributed/D029-2020-tncs-physrevresearch2033293/paper.md,推断,,0
1642,在量子平台上以TN设计量子电路作为Born机实现TNCS,包含,TNCS,raw-not-distributed/D029-2020-tncs-physrevresearch2033293/paper.md,推断,,0
1719,academic/wiki/papers/D030-2021-qubismnet,来源,academic/raw/references/D030-2021-qubismnet/paper,raw-not-distributed/D030-2021-qubismnet/paper.md,可追溯,,0
1720,Xinran Ma,第一作者,academic/wiki/papers/D030-2021-qubismnet,raw-not-distributed/D030-2021-qubismnet/wiki.md#semantic,可追溯,,0
1721,Z. C. Tu,作者,academic/wiki/papers/D030-2021-qubismnet,raw-not-distributed/D030-2021-qubismnet/wiki.md#semantic,可追溯,,0
1722,Shi-Ju Ran,作者,academic/wiki/papers/D030-2021-qubismnet,raw-not-distributed/D030-2021-qubismnet/wiki.md#semantic,可追溯,,0
1723,academic/wiki/papers/D030-2021-qubismnet,核心方法,映射,raw-not-distributed/D030-2021-qubismnet/wiki.md#semantic,可追溯,,0
1724,academic/wiki/papers/D030-2021-qubismnet,核心方法,CNN,raw-not-distributed/D030-2021-qubismnet/wiki.md#semantic,可追溯,,0
1725,academic/wiki/papers/D030-2021-qubismnet,核心创新点,QubismNet将Qubism图像化与CNN回归结合以估计哈密顿量物理参数,raw-not-distributed/D030-2021-qubismnet/wiki.md#semantic,可追溯,,0
1726,academic/wiki/papers/D030-2021-qubismnet,核心创新点,训练样本受限时对训练范围之外参数区间的推广能力,raw-not-distributed/D030-2021-qubismnet/wiki.md#semantic,可追溯,,0
1727,academic/wiki/papers/D030-2021-qubismnet,研究基础,RDM,raw-not-distributed/D030-2021-qubismnet/wiki.md#semantic,可追溯,,0
1728,academic/wiki/papers/D030-2021-qubismnet,研究基础,量子自旋模型,raw-not-distributed/D030-2021-qubismnet/wiki.md#semantic,可追溯,,0
1729,academic/wiki/papers/D030-2021-qubismnet,应用于,一维自旋模型,raw-not-distributed/D030-2021-qubismnet/wiki.md#semantic,可追溯,,0
1730,academic/wiki/papers/D030-2021-qubismnet,应用于,二维模型,raw-not-distributed/D030-2021-qubismnet/wiki.md#semantic,可追溯,,0
1731,academic/wiki/papers/D030-2021-qubismnet,研究基础,DMRG,raw-not-distributed/D030-2021-qubismnet/wiki.md#semantic,可追溯,,0
1732,academic/wiki/papers/D030-2021-qubismnet,未来展望,按设计基态反推哈密顿量以服务量子模拟与态层析,raw-not-distributed/D030-2021-qubismnet/wiki.md#semantic,可追溯,,0
1733,映射,结合,CNN,raw-not-distributed/D030-2021-qubismnet/wiki.md#semantic,可追溯,,0
1734,QubismNet将Qubism图像化与CNN回归结合以估计哈密顿量物理参数,包含,映射,raw-not-distributed/D030-2021-qubismnet/paper.md,推断,,0
1735,QubismNet将Qubism图像化与CNN回归结合以估计哈密顿量物理参数,包含,CNN,raw-not-distributed/D030-2021-qubismnet/paper.md,推断,,0
1830,academic/wiki/papers/D031-2021-adqc,来源,academic/raw/references/D031-2021-adqc/paper,raw-not-distributed/D031-2021-adqc/paper.md,可追溯,,0
1831,Peng-Fei Zhou,第一作者,academic/wiki/papers/D031-2021-adqc,raw-not-distributed/D031-2021-adqc/wiki.md#semantic,可追溯,,0
1832,Rui Hong,作者,academic/wiki/papers/D031-2021-adqc,raw-not-distributed/D031-2021-adqc/wiki.md#semantic,可追溯,,0
1833,Shi-Ju Ran,作者,academic/wiki/papers/D031-2021-adqc,raw-not-distributed/D031-2021-adqc/wiki.md#semantic,可追溯,,0
1834,academic/wiki/papers/D031-2021-adqc,核心方法,ADQC,raw-not-distributed/D031-2021-adqc/wiki.md#semantic,可追溯,,0
1835,academic/wiki/papers/D031-2021-adqc,核心创新点,引入无约束潜门作为变分参数,raw-not-distributed/D031-2021-adqc/wiki.md#semantic,可追溯,,0
1836,academic/wiki/papers/D031-2021-adqc,核心创新点,通过分解潜门得到幺正门构造电路,raw-not-distributed/D031-2021-adqc/wiki.md#semantic,可追溯,,0
1837,academic/wiki/papers/D031-2021-adqc,核心方法,反向传播优化潜门,raw-not-distributed/D031-2021-adqc/wiki.md#semantic,可追溯,,0
1838,academic/wiki/papers/D031-2021-adqc,研究基础,MPS,raw-not-distributed/D031-2021-adqc/wiki.md#semantic,可追溯,,0
1839,academic/wiki/papers/D031-2021-adqc,研究基础,各向同性反铁磁模型,raw-not-distributed/D031-2021-adqc/wiki.md#semantic,可追溯,,0
1840,academic/wiki/papers/D031-2021-adqc,研究基础,XY链基态,raw-not-distributed/D031-2021-adqc/wiki.md#semantic,可追溯,,0
1841,academic/wiki/papers/D031-2021-adqc,研究基础,随机矩阵乘积态,raw-not-distributed/D031-2021-adqc/wiki.md#semantic,可追溯,,0
1842,academic/wiki/papers/D031-2021-adqc,核心方法,负对数保真度作为损失函数,raw-not-distributed/D031-2021-adqc/wiki.md#semantic,可追溯,,0
1843,academic/wiki/papers/D031-2021-adqc,对比方法,MPD,raw-not-distributed/D031-2021-adqc/wiki.md#semantic,可追溯,,0
1844,academic/wiki/papers/D031-2021-adqc,对比方法,SVD,raw-not-distributed/D031-2021-adqc/wiki.md#semantic,可追溯,,0
1845,academic/wiki/papers/D031-2021-adqc,对比方法,QR分解,raw-not-distributed/D031-2021-adqc/wiki.md#semantic,可追溯,,0
1846,academic/wiki/papers/D031-2021-adqc,核心创新点,参数压缩至原矩阵乘积态的约0.1%–1%,raw-not-distributed/D031-2021-adqc/wiki.md#semantic,可追溯,,0
1847,academic/wiki/papers/D031-2021-adqc,局限性,二分纠缠熵上界受电路层数限制,raw-not-distributed/D031-2021-adqc/wiki.md#semantic,可追溯,,0
1848,academic/wiki/papers/D031-2021-adqc,未来展望,推广至高维投影纠缠对态,raw-not-distributed/D031-2021-adqc/wiki.md#semantic,可追溯,,0
1849,academic/wiki/papers/D031-2021-adqc,未来展望,与变分量子本征求解器结合,raw-not-distributed/D031-2021-adqc/wiki.md#semantic,可追溯,,0
1850,academic/wiki/papers/D031-2021-adqc,未来展望,进一步研究贫瘠高原问题,raw-not-distributed/D031-2021-adqc/wiki.md#semantic,可追溯,,0
1851,ADQC,基于,MPS,raw-not-distributed/D031-2021-adqc/wiki.md#semantic,可追溯,,0
1852,ADQC,改进,MPD,raw-not-distributed/D031-2021-adqc/wiki.md#semantic,可追溯,,0
1853,ADQC,结合,反向传播,raw-not-distributed/D031-2021-adqc/wiki.md#semantic,可追溯,,0
1854,ADQC,替代,QR分解,raw-not-distributed/D031-2021-adqc/wiki.md#semantic,可追溯,,0
1855,MPS,应用于,量子态制备,raw-not-distributed/D031-2021-adqc/wiki.md#semantic,可追溯,,0
1856,反向传播优化潜门,包含,反向传播,raw-not-distributed/D031-2021-adqc/paper.md,推断,,0
1857,通过分解潜门得到幺正门构造电路,包含,QR分解,raw-not-distributed/D031-2021-adqc/paper.md,推断,,0
1858,参数压缩至原矩阵乘积态的约0.1%–1%,包含,MPS,raw-not-distributed/D031-2021-adqc/paper.md,推断,,0
1859,二分纠缠熵上界受电路层数限制,包含,纠缠熵,raw-not-distributed/D031-2021-adqc/paper.md,推断,,0
1860,推广至高维投影纠缠对态,包含,PEPS,raw-not-distributed/D031-2021-adqc/paper.md,推断,,0
1956,academic/wiki/papers/D032-2021-卢迎fgto,来源,academic/raw/references/D032-2021-卢迎fgto/paper,raw-not-distributed/D032-2021-卢迎fgto/paper.md,可追溯,,0
1957,Ying Lu,第一作者,academic/wiki/papers/D032-2021-卢迎fgto,raw-not-distributed/D032-2021-卢迎fgto/wiki.md#semantic,可追溯,,0
1958,Yue-Min Li,作者,academic/wiki/papers/D032-2021-卢迎fgto,raw-not-distributed/D032-2021-卢迎fgto/wiki.md#semantic,可追溯,,0
1959,Peng-Fei Zhou,作者,academic/wiki/papers/D032-2021-卢迎fgto,raw-not-distributed/D032-2021-卢迎fgto/wiki.md#semantic,可追溯,,0
1960,Shi-Ju Ran,作者,academic/wiki/papers/D032-2021-卢迎fgto,raw-not-distributed/D032-2021-卢迎fgto/wiki.md#semantic,可追溯,,0
1961,academic/wiki/papers/D032-2021-卢迎fgto,核心方法,细粒度时间优化算法,raw-not-distributed/D032-2021-卢迎fgto/wiki.md#semantic,可追溯,,0
1962,academic/wiki/papers/D032-2021-卢迎fgto,核心方法,自动微分,raw-not-distributed/D032-2021-卢迎fgto/wiki.md#semantic,可追溯,,0
1963,academic/wiki/papers/D032-2021-卢迎fgto,核心方法,梯度下降,raw-not-distributed/D032-2021-卢迎fgto/wiki.md#semantic,可追溯,,0
1964,academic/wiki/papers/D032-2021-卢迎fgto,核心方法,变分磁场时间演化,raw-not-distributed/D032-2021-卢迎fgto/wiki.md#semantic,可追溯,,0
1965,academic/wiki/papers/D032-2021-卢迎fgto,核心创新点,由粗到细逐步放宽磁场时变频率上限,raw-not-distributed/D032-2021-卢迎fgto/wiki.md#semantic,可追溯,,0
1966,academic/wiki/papers/D032-2021-卢迎fgto,核心创新点,用耦合不完整哈密顿量演化制备目标态,raw-not-distributed/D032-2021-卢迎fgto/wiki.md#semantic,可追溯,,0
1967,academic/wiki/papers/D032-2021-卢迎fgto,研究基础,量子淬火,raw-not-distributed/D032-2021-卢迎fgto/wiki.md#semantic,可追溯,,0
1968,academic/wiki/papers/D032-2021-卢迎fgto,研究基础,量子最优控制,raw-not-distributed/D032-2021-卢迎fgto/wiki.md#semantic,可追溯,,0
1969,academic/wiki/papers/D032-2021-卢迎fgto,研究基础,一维海森堡模型,raw-not-distributed/D032-2021-卢迎fgto/wiki.md#semantic,可追溯,,0
1970,academic/wiki/papers/D032-2021-卢迎fgto,研究基础,模型,raw-not-distributed/D032-2021-卢迎fgto/wiki.md#semantic,可追溯,,0
1971,academic/wiki/papers/D032-2021-卢迎fgto,研究基础,量子伊辛模型,raw-not-distributed/D032-2021-卢迎fgto/wiki.md#semantic,可追溯,,0
1972,academic/wiki/papers/D032-2021-卢迎fgto,对比方法,局部时间优化,raw-not-distributed/D032-2021-卢迎fgto/wiki.md#semantic,可追溯,,0
1973,academic/wiki/papers/D032-2021-卢迎fgto,对比方法,全局时间优化,raw-not-distributed/D032-2021-卢迎fgto/wiki.md#semantic,可追溯,,0
1974,academic/wiki/papers/D032-2021-卢迎fgto,未来展望,推广到非厄米时间演化,raw-not-distributed/D032-2021-卢迎fgto/wiki.md#semantic,可追溯,,0
1975,academic/wiki/papers/D032-2021-卢迎fgto,未来展望,应用于非均匀Kibble-Zurek机制研究,raw-not-distributed/D032-2021-卢迎fgto/wiki.md#semantic,可追溯,,0
1976,academic/wiki/papers/D032-2021-卢迎fgto,未来展望,用Sobol指数探测磁场敏感性,raw-not-distributed/D032-2021-卢迎fgto/wiki.md#semantic,可追溯,,0
1977,细粒度时间优化算法,对比,局部时间优化,raw-not-distributed/D032-2021-卢迎fgto/wiki.md#semantic,可追溯,,0
1978,细粒度时间优化算法,对比,全局时间优化,raw-not-distributed/D032-2021-卢迎fgto/wiki.md#semantic,可追溯,,0
1979,细粒度时间优化算法,基于,自动微分,raw-not-distributed/D032-2021-卢迎fgto/wiki.md#semantic,可追溯,,0
1980,细粒度时间优化算法,改进,梯度下降,raw-not-distributed/D032-2021-卢迎fgto/wiki.md#semantic,可追溯,,0
1981,一维海森堡模型,属于,自旋液体,raw-not-distributed/D032-2021-卢迎fgto/wiki.md#semantic,可追溯,,0
1982,模型,替代,一维海森堡模型,raw-not-distributed/D032-2021-卢迎fgto/wiki.md#semantic,可追溯,,0
1983,量子伊辛模型,替代,一维海森堡模型,raw-not-distributed/D032-2021-卢迎fgto/wiki.md#semantic,可追溯,,0
2080,academic/wiki/papers/D033-2021-quantum-phase-visualization,来源,academic/raw/references/D033-2021-quantum-phase-visualization/paper,raw-not-distributed/D033-2021-quantum-phase-visualization/paper.md,可追溯,,0
2081,academic/wiki/papers/D033-2021-quantum-phase-visualization,发表于,Phys. Rev. B,raw-not-distributed/D033-2021-quantum-phase-visualization/wiki.md#semantic,可追溯,,0
2082,Yuan Yang,第一作者,academic/wiki/papers/D033-2021-quantum-phase-visualization,raw-not-distributed/D033-2021-quantum-phase-visualization/wiki.md#semantic,可追溯,,0
2083,Zheng-Zhi Sun,作者,academic/wiki/papers/D033-2021-quantum-phase-visualization,raw-not-distributed/D033-2021-quantum-phase-visualization/wiki.md#semantic,可追溯,,0
2084,Shi-Ju Ran,作者,academic/wiki/papers/D033-2021-quantum-phase-visualization,raw-not-distributed/D033-2021-quantum-phase-visualization/wiki.md#semantic,可追溯,,0
2085,Gang Su,作者,academic/wiki/papers/D033-2021-quantum-phase-visualization,raw-not-distributed/D033-2021-quantum-phase-visualization/wiki.md#semantic,可追溯,,0
2086,academic/wiki/papers/D033-2021-quantum-phase-visualization,核心方法,分布随机邻域嵌入,raw-not-distributed/D033-2021-quantum-phase-visualization/wiki.md#semantic,可追溯,,0
2087,academic/wiki/papers/D033-2021-quantum-phase-visualization,核心方法,NLF,raw-not-distributed/D033-2021-quantum-phase-visualization/wiki.md#semantic,可追溯,,0
2088,academic/wiki/papers/D033-2021-quantum-phase-visualization,核心创新点,通过非线性降维将基态从希尔伯特空间映射至二维特征空间以可视化量子相与相变点,raw-not-distributed/D033-2021-quantum-phase-visualization/wiki.md#semantic,可追溯,,0
2089,academic/wiki/papers/D033-2021-quantum-phase-visualization,对比方法,PCA,raw-not-distributed/D033-2021-quantum-phase-visualization/wiki.md#semantic,可追溯,,0
2090,academic/wiki/papers/D033-2021-quantum-phase-visualization,对比方法,有监督机器学习分类器,raw-not-distributed/D033-2021-quantum-phase-visualization/wiki.md#semantic,可追溯,,0
2091,academic/wiki/papers/D033-2021-quantum-phase-visualization,对比方法,朗道序参量范式,raw-not-distributed/D033-2021-quantum-phase-visualization/wiki.md#semantic,可追溯,,0
2092,academic/wiki/papers/D033-2021-quantum-phase-visualization,局限性,降维后特征的物理含义不可解读,raw-not-distributed/D033-2021-quantum-phase-visualization/wiki.md#semantic,可追溯,,0
2093,academic/wiki/papers/D033-2021-quantum-phase-visualization,局限性,几何形状与临界性、拓扑属性的严格对应关系尚未建立,raw-not-distributed/D033-2021-quantum-phase-visualization/wiki.md#semantic,可追溯,,0
2094,academic/wiki/papers/D033-2021-quantum-phase-visualization,未来展望,建立更严格稳健的对应关系,raw-not-distributed/D033-2021-quantum-phase-visualization/wiki.md#semantic,可追溯,,0
2095,academic/wiki/papers/D033-2021-quantum-phase-visualization,未来展望,发展更高可解释性的降维方法,raw-not-distributed/D033-2021-quantum-phase-visualization/wiki.md#semantic,可追溯,,0
2096,academic/wiki/papers/D033-2021-quantum-phase-visualization,核心方法,k均值聚类k-means,raw-not-distributed/D033-2021-quantum-phase-visualization/wiki.md#semantic,可追溯,,0
2097,分布随机邻域嵌入,结合,NLF,raw-not-distributed/D033-2021-quantum-phase-visualization/wiki.md#semantic,可追溯,,0
2098,TFIM,应用于,分布随机邻域嵌入,raw-not-distributed/D033-2021-quantum-phase-visualization/wiki.md#semantic,可追溯,,0
2099,模型,应用于,分布随机邻域嵌入,raw-not-distributed/D033-2021-quantum-phase-visualization/wiki.md#semantic,可追溯,,0
2100,spin-,应用于,分布随机邻域嵌入,raw-not-distributed/D033-2021-quantum-phase-visualization/wiki.md#semantic,可追溯,,0
2101,MNIST,应用于,分布随机邻域嵌入,raw-not-distributed/D033-2021-quantum-phase-visualization/wiki.md#semantic,可追溯,,0
2102,通过非线性降维将基态从希尔伯特空间映射至二维特征空间以可视化量子相与相变点,包含,KT,raw-not-distributed/D033-2021-quantum-phase-visualization/paper.md,推断,,0
2103,通过非线性降维将基态从希尔伯特空间映射至二维特征空间以可视化量子相与相变点,包含,映射,raw-not-distributed/D033-2021-quantum-phase-visualization/paper.md,推断,,0
2200,academic/wiki/papers/D034-2021-virtual-configuration-binarization,来源,academic/raw/references/D034-2021-virtual-configuration-binarization/paper,raw-not-distributed/D034-2021-virtual-configuration-binarization/paper.md,可追溯,,0
2201,Yuan Yang,第一作者,academic/wiki/papers/D034-2021-virtual-configuration-binarization,raw-not-distributed/D034-2021-virtual-configuration-binarization/wiki.md#semantic,可追溯,,0
2202,Zhengchuan Wang,作者,academic/wiki/papers/D034-2021-virtual-configuration-binarization,raw-not-distributed/D034-2021-virtual-configuration-binarization/wiki.md#semantic,可追溯,,0
2203,Shi-Ju Ran,作者,academic/wiki/papers/D034-2021-virtual-configuration-binarization,raw-not-distributed/D034-2021-virtual-configuration-binarization/wiki.md#semantic,可追溯,,0
2204,Gang Su,作者,academic/wiki/papers/D034-2021-virtual-configuration-binarization,raw-not-distributed/D034-2021-virtual-configuration-binarization/wiki.md#semantic,可追溯,,0
2205,academic/wiki/papers/D034-2021-virtual-configuration-binarization,核心方法,VCB,raw-not-distributed/D034-2021-virtual-configuration-binarization/wiki.md#semantic,可追溯,,0
2206,academic/wiki/papers/D034-2021-virtual-configuration-binarization,核心创新点,将矩阵积态中心张量编码为彩色图像并二值化以识别量子相变,raw-not-distributed/D034-2021-virtual-configuration-binarization/wiki.md#semantic,可追溯,,0
2207,academic/wiki/papers/D034-2021-virtual-configuration-binarization,研究基础,MPS,raw-not-distributed/D034-2021-virtual-configuration-binarization/wiki.md#semantic,可追溯,,0
2208,academic/wiki/papers/D034-2021-virtual-configuration-binarization,研究基础,DMRG,raw-not-distributed/D034-2021-virtual-configuration-binarization/wiki.md#semantic,可追溯,,0
2209,academic/wiki/papers/D034-2021-virtual-configuration-binarization,研究基础,TFIM,raw-not-distributed/D034-2021-virtual-configuration-binarization/wiki.md#semantic,可追溯,,0
2210,academic/wiki/papers/D034-2021-virtual-configuration-binarization,研究基础,海森堡模型,raw-not-distributed/D034-2021-virtual-configuration-binarization/wiki.md#semantic,可追溯,,0
2211,academic/wiki/papers/D034-2021-virtual-configuration-binarization,研究基础,图像二值化,raw-not-distributed/D034-2021-virtual-configuration-binarization/wiki.md#semantic,可追溯,,0
2212,academic/wiki/papers/D034-2021-virtual-configuration-binarization,局限性,阈值选择对方案性能至关重要,raw-not-distributed/D034-2021-virtual-configuration-binarization/wiki.md#semantic,可追溯,,0
2213,academic/wiki/papers/D034-2021-virtual-configuration-binarization,未来展望,引入更多计算机视觉技术用于多体量子态解读,raw-not-distributed/D034-2021-virtual-configuration-binarization/wiki.md#semantic,可追溯,,0
2214,academic/wiki/papers/D034-2021-virtual-configuration-binarization,应用于,量子相变识别,raw-not-distributed/D034-2021-virtual-configuration-binarization/wiki.md#semantic,可追溯,,0
2215,VCB,基于,MPS,raw-not-distributed/D034-2021-virtual-configuration-binarization/wiki.md#semantic,可追溯,,0
2216,VCB,基于,图像二值化,raw-not-distributed/D034-2021-virtual-configuration-binarization/wiki.md#semantic,可追溯,,0
2217,VCB,结合,DMRG,raw-not-distributed/D034-2021-virtual-configuration-binarization/wiki.md#semantic,可追溯,,0
2218,VCB,推广,TFIM,raw-not-distributed/D034-2021-virtual-configuration-binarization/wiki.md#semantic,可追溯,,0
2219,VCB,推广,海森堡模型,raw-not-distributed/D034-2021-virtual-configuration-binarization/wiki.md#semantic,可追溯,,0
2220,VCB,应用于,量子相识别,raw-not-distributed/D034-2021-virtual-configuration-binarization/wiki.md#semantic,可追溯,,0
2221,VCB,应用于,量子临界点定位,raw-not-distributed/D034-2021-virtual-configuration-binarization/wiki.md#semantic,可追溯,,0
2222,将矩阵积态中心张量编码为彩色图像并二值化以识别量子相变,包含,KT,raw-not-distributed/D034-2021-virtual-configuration-binarization/paper.md,推断,,0
2319,academic/wiki/papers/D035-2021-光量子分类器,来源,academic/raw/references/D035-2021-光量子分类器/paper,raw-not-distributed/D035-2021-光量子分类器/paper.md,可追溯,,0
2320,academic/wiki/papers/D035-2021-光量子分类器,发表于,Photonics Research,raw-not-distributed/D035-2021-光量子分类器/wiki.md#semantic,可追溯,,0
2321,Kunkun Wang,第一作者,academic/wiki/papers/D035-2021-光量子分类器,raw-not-distributed/D035-2021-光量子分类器/wiki.md#semantic,可追溯,,0
2322,Lei Xiao,作者,academic/wiki/papers/D035-2021-光量子分类器,raw-not-distributed/D035-2021-光量子分类器/wiki.md#semantic,可追溯,,0
2323,Wei Yi,作者,academic/wiki/papers/D035-2021-光量子分类器,raw-not-distributed/D035-2021-光量子分类器/wiki.md#semantic,可追溯,,0
2324,Shi Ju Ran,作者,academic/wiki/papers/D035-2021-光量子分类器,raw-not-distributed/D035-2021-光量子分类器/wiki.md#semantic,可追溯,,0
2325,Peng Xue,作者,academic/wiki/papers/D035-2021-光量子分类器,raw-not-distributed/D035-2021-光量子分类器/wiki.md#semantic,可追溯,,0
2326,academic/wiki/papers/D035-2021-光量子分类器,核心方法,张量网络机器学习,raw-not-distributed/D035-2021-光量子分类器/wiki.md#semantic,可追溯,,0
2327,academic/wiki/papers/D035-2021-光量子分类器,核心方法,MPS,raw-not-distributed/D035-2021-光量子分类器/wiki.md#semantic,可追溯,,0
2328,academic/wiki/papers/D035-2021-光量子分类器,核心创新点,基于纠缠熵的特征选择,raw-not-distributed/D035-2021-光量子分类器/wiki.md#semantic,可追溯,,0
2329,academic/wiki/papers/D035-2021-光量子分类器,核心创新点,单光子实验演示,raw-not-distributed/D035-2021-光量子分类器/wiki.md#semantic,可追溯,,0
2330,academic/wiki/papers/D035-2021-光量子分类器,研究基础,MPS,raw-not-distributed/D035-2021-光量子分类器/wiki.md#semantic,可追溯,,0
2331,academic/wiki/papers/D035-2021-光量子分类器,研究基础,纠缠熵,raw-not-distributed/D035-2021-光量子分类器/wiki.md#semantic,可追溯,,0
2332,academic/wiki/papers/D035-2021-光量子分类器,研究基础,MNIST,raw-not-distributed/D035-2021-光量子分类器/wiki.md#semantic,可追溯,,0
2333,academic/wiki/papers/D035-2021-光量子分类器,对比方法,方案B,raw-not-distributed/D035-2021-光量子分类器/wiki.md#semantic,可追溯,,0
2334,academic/wiki/papers/D035-2021-光量子分类器,未来展望,推广至氮空位中心,raw-not-distributed/D035-2021-光量子分类器/wiki.md#semantic,可追溯,,0
2335,academic/wiki/papers/D035-2021-光量子分类器,未来展望,推广至核磁共振系统,raw-not-distributed/D035-2021-光量子分类器/wiki.md#semantic,可追溯,,0
2336,academic/wiki/papers/D035-2021-光量子分类器,未来展望,推广至囚禁离子,raw-not-distributed/D035-2021-光量子分类器/wiki.md#semantic,可追溯,,0
2337,academic/wiki/papers/D035-2021-光量子分类器,未来展望,基于超导量子电路实现更复杂任务,raw-not-distributed/D035-2021-光量子分类器/wiki.md#semantic,可追溯,,0
2338,单光子实验,基于,偏振态,raw-not-distributed/D035-2021-光量子分类器/wiki.md#semantic,可追溯,,0
2339,单光子实验,基于,空间模式,raw-not-distributed/D035-2021-光量子分类器/wiki.md#semantic,可追溯,,0
2340,纠缠熵,结合,余弦变换,raw-not-distributed/D035-2021-光量子分类器/wiki.md#semantic,可追溯,,0
2341,MPS,基于,MPS,raw-not-distributed/D035-2021-光量子分类器/wiki.md#semantic,可追溯,,0
2342,基于纠缠熵的特征选择,包含,纠缠熵,raw-not-distributed/D035-2021-光量子分类器/paper.md,推断,,0
2343,推广至囚禁离子,包含,囚禁离子,raw-not-distributed/D035-2021-光量子分类器/paper.md,推断,,0
2344,基于超导量子电路实现更复杂任务,包含,量子电路,raw-not-distributed/D035-2021-光量子分类器/paper.md,推断,,0
2441,academic/wiki/papers/D036-2021-mpnn,来源,academic/raw/references/D036-2021-mpnn/paper,raw-not-distributed/D036-2021-mpnn/paper.md,可追溯,,0
2442,academic/wiki/papers/D036-2021-mpnn,发表于,SciPost Phys,raw-not-distributed/D036-2021-mpnn/wiki.md#semantic,可追溯,,0
2443,Rui Hong,第一作者,academic/wiki/papers/D036-2021-mpnn,raw-not-distributed/D036-2021-mpnn/wiki.md#semantic,可追溯,,0
2444,Peng-Fei Zhou,作者,academic/wiki/papers/D036-2021-mpnn,raw-not-distributed/D036-2021-mpnn/wiki.md#semantic,可追溯,,0
2445,Bin Xi,作者,academic/wiki/papers/D036-2021-mpnn,raw-not-distributed/D036-2021-mpnn/wiki.md#semantic,可追溯,,0
2446,Jie Hu,作者,academic/wiki/papers/D036-2021-mpnn,raw-not-distributed/D036-2021-mpnn/wiki.md#semantic,可追溯,,0
2447,An-Chun Ji,作者,academic/wiki/papers/D036-2021-mpnn,raw-not-distributed/D036-2021-mpnn/wiki.md#semantic,可追溯,,0
2448,Shi-Ju Ran,作者,academic/wiki/papers/D036-2021-mpnn,raw-not-distributed/D036-2021-mpnn/wiki.md#semantic,可追溯,,0
2449,academic/wiki/papers/D036-2021-mpnn,核心方法,MPNN,raw-not-distributed/D036-2021-mpnn/wiki.md#semantic,可追溯,,0
2450,academic/wiki/papers/D036-2021-mpnn,核心创新点,将能量显式纳入损失函数,raw-not-distributed/D036-2021-mpnn/wiki.md#semantic,可追溯,,0
2451,academic/wiki/papers/D036-2021-mpnn,核心创新点,结合Metropolis采样与含能量项的深度神经网络损失,raw-not-distributed/D036-2021-mpnn/wiki.md#semantic,可追溯,,0
2452,academic/wiki/papers/D036-2021-mpnn,研究基础,QPNN,raw-not-distributed/D036-2021-mpnn/wiki.md#semantic,可追溯,,0
2453,academic/wiki/papers/D036-2021-mpnn,研究基础,Metropolis采样,raw-not-distributed/D036-2021-mpnn/wiki.md#semantic,可追溯,,0
2454,academic/wiki/papers/D036-2021-mpnn,对比方法,QPNN,raw-not-distributed/D036-2021-mpnn/wiki.md#semantic,可追溯,,0
2455,academic/wiki/papers/D036-2021-mpnn,对比方法,采样量子势神经网络,raw-not-distributed/D036-2021-mpnn/wiki.md#semantic,可追溯,,0
2456,academic/wiki/papers/D036-2021-mpnn,未来展望,推广至多电子薛定谔方程反演,raw-not-distributed/D036-2021-mpnn/wiki.md#semantic,可追溯,,0
2457,academic/wiki/papers/D036-2021-mpnn,未来展望,推广至其他物理微分方程逆问题求解,raw-not-distributed/D036-2021-mpnn/wiki.md#semantic,可追溯,,0
2458,academic/wiki/papers/D036-2021-mpnn,应用于,一维谐振子,raw-not-distributed/D036-2021-mpnn/wiki.md#semantic,可追溯,,0
2459,academic/wiki/papers/D036-2021-mpnn,应用于,氢原子基态,raw-not-distributed/D036-2021-mpnn/wiki.md#semantic,可追溯,,0
2460,academic/wiki/papers/D036-2021-mpnn,局限性,势能整体平移不确定性需通过参考点约束固定,raw-not-distributed/D036-2021-mpnn/wiki.md#semantic,可追溯,,0
2461,QPNN,改进,MPNN,raw-not-distributed/D036-2021-mpnn/wiki.md#semantic,可追溯,,0
2462,Metropolis采样,结合,DNN,raw-not-distributed/D036-2021-mpnn/wiki.md#semantic,可追溯,,0
2463,薛定谔方程,涉及,势能反演,raw-not-distributed/D036-2021-mpnn/wiki.md#semantic,可追溯,,0
2464,采样量子势神经网络,包含,Metropolis采样,raw-not-distributed/D036-2021-mpnn/paper.md,推断,,0
2465,结合Metropolis采样与含能量项的深度神经网络损失,包含,Metropolis采样,raw-not-distributed/D036-2021-mpnn/paper.md,推断,,0
2466,结合Metropolis采样与含能量项的深度神经网络损失,包含,采样量子势神经网络,raw-not-distributed/D036-2021-mpnn/paper.md,推断,,0
2467,结合Metropolis采样与含能量项的深度神经网络损失,包含,DNN,raw-not-distributed/D036-2021-mpnn/paper.md,推断,,0
2468,结合Metropolis采样与含能量项的深度神经网络损失,包含,MPNN,raw-not-distributed/D036-2021-mpnn/paper.md,推断,,0
2469,推广至多电子薛定谔方程反演,包含,电子薛定谔方程,raw-not-distributed/D036-2021-mpnn/paper.md,推断,,0
2575,academic/wiki/papers/D037-2021-entanglement-feature-extraction,来源,academic/raw/references/D037-2021-entanglement-feature-extraction/paper,raw-not-distributed/D037-2021-entanglement-feature-extraction/paper.md,可追溯,,0
2576,academic/wiki/papers/D037-2021-entanglement-feature-extraction,发表于,Frontiers in Applied Mathematics and Statistics,raw-not-distributed/D037-2021-entanglement-feature-extraction/wiki.md#semantic,可追溯,,0
2577,Yuhan Liu,第一作者,academic/wiki/papers/D037-2021-entanglement-feature-extraction,raw-not-distributed/D037-2021-entanglement-feature-extraction/wiki.md#semantic,可追溯,,0
2578,Wen-Jun Li,作者,academic/wiki/papers/D037-2021-entanglement-feature-extraction,raw-not-distributed/D037-2021-entanglement-feature-extraction/wiki.md#semantic,可追溯,,0
2579,Xiao Zhang,作者,academic/wiki/papers/D037-2021-entanglement-feature-extraction,raw-not-distributed/D037-2021-entanglement-feature-extraction/wiki.md#semantic,可追溯,,0
2580,Maciej Lewenstein,作者,academic/wiki/papers/D037-2021-entanglement-feature-extraction,raw-not-distributed/D037-2021-entanglement-feature-extraction/wiki.md#semantic,可追溯,,0
2581,Gang Su,作者,academic/wiki/papers/D037-2021-entanglement-feature-extraction,raw-not-distributed/D037-2021-entanglement-feature-extraction/wiki.md#semantic,可追溯,,0
2582,Shi-Ju Ran,作者,academic/wiki/papers/D037-2021-entanglement-feature-extraction,raw-not-distributed/D037-2021-entanglement-feature-extraction/wiki.md#semantic,可追溯,,0
2583,academic/wiki/papers/D037-2021-entanglement-feature-extraction,研究基础,MPS,raw-not-distributed/D037-2021-entanglement-feature-extraction/wiki.md#semantic,可追溯,,0
2584,academic/wiki/papers/D037-2021-entanglement-feature-extraction,研究基础,SEE,raw-not-distributed/D037-2021-entanglement-feature-extraction/wiki.md#semantic,可追溯,,0
2585,academic/wiki/papers/D037-2021-entanglement-feature-extraction,研究基础,BEE,raw-not-distributed/D037-2021-entanglement-feature-extraction/wiki.md#semantic,可追溯,,0
2586,academic/wiki/papers/D037-2021-entanglement-feature-extraction,研究基础,张量网络,raw-not-distributed/D037-2021-entanglement-feature-extraction/wiki.md#semantic,可追溯,,0
2587,academic/wiki/papers/D037-2021-entanglement-feature-extraction,核心方法,纠缠驱动的特征提取,raw-not-distributed/D037-2021-entanglement-feature-extraction/wiki.md#semantic,可追溯,,0
2588,academic/wiki/papers/D037-2021-entanglement-feature-extraction,核心方法,MPS,raw-not-distributed/D037-2021-entanglement-feature-extraction/wiki.md#semantic,可追溯,,0
2589,academic/wiki/papers/D037-2021-entanglement-feature-extraction,核心创新点,利用纠缠熵评估特征重要性并丢弃低纠缠特征,raw-not-distributed/D037-2021-entanglement-feature-extraction/wiki.md#semantic,可追溯,,0
2590,academic/wiki/papers/D037-2021-entanglement-feature-extraction,核心创新点,张量网络版灵敏度分析,raw-not-distributed/D037-2021-entanglement-feature-extraction/wiki.md#semantic,可追溯,,0
2591,academic/wiki/papers/D037-2021-entanglement-feature-extraction,对比方法,依赖图像分割与矩阵变换滤波器的特征提取,raw-not-distributed/D037-2021-entanglement-feature-extraction/wiki.md#semantic,可追溯,,0
2592,academic/wiki/papers/D037-2021-entanglement-feature-extraction,局限性,主要适用于短程关联图像,raw-not-distributed/D037-2021-entanglement-feature-extraction/wiki.md#semantic,可追溯,,0
2593,academic/wiki/papers/D037-2021-entanglement-feature-extraction,局限性,对长程关联图像效率较低,raw-not-distributed/D037-2021-entanglement-feature-extraction/wiki.md#semantic,可追溯,,0
2594,academic/wiki/papers/D037-2021-entanglement-feature-extraction,未来展望,PEPS,raw-not-distributed/D037-2021-entanglement-feature-extraction/wiki.md#semantic,可追溯,,0
2595,MPS,基于,张量网络,raw-not-distributed/D037-2021-entanglement-feature-extraction/wiki.md#semantic,可追溯,,0
2596,PEPS,扩展,MPS,raw-not-distributed/D037-2021-entanglement-feature-extraction/wiki.md#semantic,可追溯,,0
2597,MPS,应用于,图像分类,raw-not-distributed/D037-2021-entanglement-feature-extraction/wiki.md#semantic,可追溯,,0
2598,纠缠驱动的特征提取,结合,DCT,raw-not-distributed/D037-2021-entanglement-feature-extraction/wiki.md#semantic,可追溯,,0
2599,纠缠驱动的特征提取,结合,zig-zag路径优化,raw-not-distributed/D037-2021-entanglement-feature-extraction/wiki.md#semantic,可追溯,,0
2600,利用纠缠熵评估特征重要性并丢弃低纠缠特征,包含,纠缠熵,raw-not-distributed/D037-2021-entanglement-feature-extraction/paper.md,推断,,0
2601,张量网络版灵敏度分析,包含,张量网络,raw-not-distributed/D037-2021-entanglement-feature-extraction/paper.md,推断,,0
2602,PEPS,包含,张量网络,raw-not-distributed/D037-2021-entanglement-feature-extraction/paper.md,推断,,0
2656,academic/wiki/hubs/纠缠熵与纠缠谱诊断,子方向,academic/wiki/hubs/局域与双体纠缠熵及面积律,,推断,,0
2722,academic/wiki/papers/D038-2022-cpl-tn特征选择-白生成,来源,academic/raw/references/D038-2022-cpl-tn特征选择-白生成/paper,raw-not-distributed/D038-2022-cpl-tn特征选择-白生成/paper.md,可追溯,,0
2723,Sheng-Chen Bai,第一作者,academic/wiki/papers/D038-2022-cpl-tn特征选择-白生成,raw-not-distributed/D038-2022-cpl-tn特征选择-白生成/wiki.md#semantic,可追溯,,0
2724,Yi-Cheng Tang,作者,academic/wiki/papers/D038-2022-cpl-tn特征选择-白生成,raw-not-distributed/D038-2022-cpl-tn特征选择-白生成/wiki.md#semantic,可追溯,,0
2725,Shi-Ju Ran,作者,academic/wiki/papers/D038-2022-cpl-tn特征选择-白生成,raw-not-distributed/D038-2022-cpl-tn特征选择-白生成/wiki.md#semantic,可追溯,,0
2726,academic/wiki/papers/D038-2022-cpl-tn特征选择-白生成,核心方法,生成式张量网络,raw-not-distributed/D038-2022-cpl-tn特征选择-白生成/wiki.md#semantic,可追溯,,0
2727,academic/wiki/papers/D038-2022-cpl-tn特征选择-白生成,核心方法,测量引起纠缠熵变化,raw-not-distributed/D038-2022-cpl-tn特征选择-白生成/wiki.md#semantic,可追溯,,0
2728,academic/wiki/papers/D038-2022-cpl-tn特征选择-白生成,核心创新点,通过纠缠熵变化无监督识别信息性像素,raw-not-distributed/D038-2022-cpl-tn特征选择-白生成/wiki.md#semantic,可追溯,,0
2729,academic/wiki/papers/D038-2022-cpl-tn特征选择-白生成,核心创新点,将特征联合概率分布编码为量子振幅,raw-not-distributed/D038-2022-cpl-tn特征选择-白生成/wiki.md#semantic,可追溯,,0
2730,academic/wiki/papers/D038-2022-cpl-tn特征选择-白生成,研究基础,纠缠熵,raw-not-distributed/D038-2022-cpl-tn特征选择-白生成/wiki.md#semantic,可追溯,,0
2731,academic/wiki/papers/D038-2022-cpl-tn特征选择-白生成,研究基础,张量网络机器学习,raw-not-distributed/D038-2022-cpl-tn特征选择-白生成/wiki.md#semantic,可追溯,,0
2732,academic/wiki/papers/D038-2022-cpl-tn特征选择-白生成,核心创新点,通过纠缠熵变化符号揭示特征间纠缠结构,raw-not-distributed/D038-2022-cpl-tn特征选择-白生成/wiki.md#semantic,可追溯,,0
2733,academic/wiki/papers/D038-2022-cpl-tn特征选择-白生成,未来展望,应用于图像分割image segmentation,raw-not-distributed/D038-2022-cpl-tn特征选择-白生成/wiki.md#semantic,可追溯,,0
2734,academic/wiki/papers/D038-2022-cpl-tn特征选择-白生成,未来展望,应用于目标检测object detection,raw-not-distributed/D038-2022-cpl-tn特征选择-白生成/wiki.md#semantic,可追溯,,0
2735,academic/wiki/papers/D038-2022-cpl-tn特征选择-白生成,未来展望,推动量子启发的可解释无监督学习,raw-not-distributed/D038-2022-cpl-tn特征选择-白生成/wiki.md#semantic,可追溯,,0
2736,academic/wiki/papers/D038-2022-cpl-tn特征选择-白生成,对比方法,像素质标签,raw-not-distributed/D038-2022-cpl-tn特征选择-白生成/wiki.md#semantic,可追溯,,0
2737,academic/wiki/papers/D038-2022-cpl-tn特征选择-白生成,探索,白鞋识别问题,raw-not-distributed/D038-2022-cpl-tn特征选择-白生成/wiki.md#semantic,可追溯,,0
2738,academic/wiki/papers/D038-2022-cpl-tn特征选择-白生成,探索,无监督特征识别,raw-not-distributed/D038-2022-cpl-tn特征选择-白生成/wiki.md#semantic,可追溯,,0
2739,测量引起纠缠熵变化,基于,纠缠熵,raw-not-distributed/D038-2022-cpl-tn特征选择-白生成/wiki.md#semantic,可追溯,,0
2740,测量引起纠缠熵变化,基于,生成式张量网络,raw-not-distributed/D038-2022-cpl-tn特征选择-白生成/wiki.md#semantic,可追溯,,0
2741,纠缠熵,揭示,概率分布信息结构,raw-not-distributed/D038-2022-cpl-tn特征选择-白生成/wiki.md#semantic,可追溯,,0
2742,通过纠缠熵变化无监督识别信息性像素,包含,纠缠熵,raw-not-distributed/D038-2022-cpl-tn特征选择-白生成/paper.md,推断,,0
2743,通过纠缠熵变化符号揭示特征间纠缠结构,包含,纠缠熵,raw-not-distributed/D038-2022-cpl-tn特征选择-白生成/paper.md,推断,,0
2879,academic/wiki/papers/D039-2022-tn-tailoring-王顶族,来源,academic/raw/references/D039-2022-tn-tailoring-王顶族/paper,raw-not-distributed/D039-2022-tn-tailoring-王顶族/paper.md,可追溯,,0
2880,academic/wiki/papers/D039-2022-tn-tailoring-王顶族,发表于,Phys. Rev. B,raw-not-distributed/D039-2022-tn-tailoring-王顶族/wiki.md#semantic,可追溯,,0
2881,Ding-Zu Wang,第一作者,academic/wiki/papers/D039-2022-tn-tailoring-王顶族,raw-not-distributed/D039-2022-tn-tailoring-王顶族/wiki.md#semantic,可追溯,,0
2882,Guo-Feng Zhang,作者,academic/wiki/papers/D039-2022-tn-tailoring-王顶族,raw-not-distributed/D039-2022-tn-tailoring-王顶族/wiki.md#semantic,可追溯,,0
2883,Maciej Lewenstein,作者,academic/wiki/papers/D039-2022-tn-tailoring-王顶族,raw-not-distributed/D039-2022-tn-tailoring-王顶族/wiki.md#semantic,可追溯,,0
2884,Shi-Ju Ran,作者,academic/wiki/papers/D039-2022-tn-tailoring-王顶族,raw-not-distributed/D039-2022-tn-tailoring-王顶族/wiki.md#semantic,可追溯,,0
2885,academic/wiki/papers/D039-2022-tn-tailoring-王顶族,核心方法,张量网络剪裁,raw-not-distributed/D039-2022-tn-tailoring-王顶族/wiki.md#semantic,可追溯,,0
2886,academic/wiki/papers/D039-2022-tn-tailoring-王顶族,核心创新点,从零温无限张量网络剪裁并缝合得到有限温密度算符,raw-not-distributed/D039-2022-tn-tailoring-王顶族/wiki.md#semantic,可追溯,,0
2887,academic/wiki/papers/D039-2022-tn-tailoring-王顶族,研究基础,零温无限张量网络,raw-not-distributed/D039-2022-tn-tailoring-王顶族/wiki.md#semantic,可追溯,,0
2888,academic/wiki/papers/D039-2022-tn-tailoring-王顶族,对比方法,LTRG,raw-not-distributed/D039-2022-tn-tailoring-王顶族/wiki.md#semantic,可追溯,,0
2889,academic/wiki/papers/D039-2022-tn-tailoring-王顶族,对比方法,可微张量重正化群,raw-not-distributed/D039-2022-tn-tailoring-王顶族/wiki.md#semantic,可追溯,,0
2890,academic/wiki/papers/D039-2022-tn-tailoring-王顶族,对比方法,连续矩阵乘积算符,raw-not-distributed/D039-2022-tn-tailoring-王顶族/wiki.md#semantic,可追溯,,0
2891,academic/wiki/papers/D039-2022-tn-tailoring-王顶族,应用于,TFIM,raw-not-distributed/D039-2022-tn-tailoring-王顶族/wiki.md#semantic,可追溯,,0
2892,academic/wiki/papers/D039-2022-tn-tailoring-王顶族,应用于,模型,raw-not-distributed/D039-2022-tn-tailoring-王顶族/wiki.md#semantic,可追溯,,0
2893,academic/wiki/papers/D039-2022-tn-tailoring-王顶族,未来展望,推广至高维玻色系统,raw-not-distributed/D039-2022-tn-tailoring-王顶族/wiki.md#semantic,可追溯,,0
2894,academic/wiki/papers/D039-2022-tn-tailoring-王顶族,未来展望,推广至高维费米系统,raw-not-distributed/D039-2022-tn-tailoring-王顶族/wiki.md#semantic,可追溯,,0
2895,academic/wiki/papers/D039-2022-tn-tailoring-王顶族,未来展望,推广至连续空间量子场,raw-not-distributed/D039-2022-tn-tailoring-王顶族/wiki.md#semantic,可追溯,,0
2896,张量网络剪裁,基于,零温无限张量网络,raw-not-distributed/D039-2022-tn-tailoring-王顶族/wiki.md#semantic,可追溯,,0
2897,张量网络剪裁,结合,边界矩阵乘积态,raw-not-distributed/D039-2022-tn-tailoring-王顶族/wiki.md#semantic,可追溯,,0
2898,张量网络剪裁,对比,LTRG,raw-not-distributed/D039-2022-tn-tailoring-王顶族/wiki.md#semantic,可追溯,,0
2899,张量网络剪裁,对比,可微张量重正,raw-not-distributed/D039-2022-tn-tailoring-王顶族/wiki.md#semantic,可追溯,,0
2900,张量网络剪裁,对比,连续矩阵乘积算符,raw-not-distributed/D039-2022-tn-tailoring-王顶族/wiki.md#semantic,可追溯,,0
2901,TFIM,属于,临界量子多体系统,raw-not-distributed/D039-2022-tn-tailoring-王顶族/wiki.md#semantic,可追溯,,0
2902,模型,属于,临界量子多体系统,raw-not-distributed/D039-2022-tn-tailoring-王顶族/wiki.md#semantic,可追溯,,0
2903,TFIM,包含,临界点,raw-not-distributed/D039-2022-tn-tailoring-王顶族/wiki.md#semantic,推断,,0
2904,从零温无限张量网络剪裁并缝合得到有限温密度算符,包含,零温无限张量网络,raw-not-distributed/D039-2022-tn-tailoring-王顶族/paper.md,推断,,0
2905,从零温无限张量网络剪裁并缝合得到有限温密度算符,包含,张量网络剪裁,raw-not-distributed/D039-2022-tn-tailoring-王顶族/paper.md,推断,,0
2906,从零温无限张量网络剪裁并缝合得到有限温密度算符,包含,张量网络,raw-not-distributed/D039-2022-tn-tailoring-王顶族/paper.md,推断,,0
3052,academic/wiki/papers/D040-2022-functional-mps-洪瑞,来源,academic/raw/references/D040-2022-functional-mps-洪瑞/paper,raw-not-distributed/D040-2022-functional-mps-洪瑞/paper.md,可追溯,,0
3053,academic/wiki/papers/D040-2022-functional-mps-洪瑞,发表于,Phys. Rev. B,raw-not-distributed/D040-2022-functional-mps-洪瑞/wiki.md#semantic,可追溯,,0
3054,Rui Hong,第一作者,academic/wiki/papers/D040-2022-functional-mps-洪瑞,raw-not-distributed/D040-2022-functional-mps-洪瑞/wiki.md#semantic,可追溯,,0
3055,Ya-Xuan Xiao,作者,academic/wiki/papers/D040-2022-functional-mps-洪瑞,raw-not-distributed/D040-2022-functional-mps-洪瑞/wiki.md#semantic,可追溯,,0
3056,Jie Hu,作者,academic/wiki/papers/D040-2022-functional-mps-洪瑞,raw-not-distributed/D040-2022-functional-mps-洪瑞/wiki.md#semantic,可追溯,,0
3057,An-Chun Ji,作者,academic/wiki/papers/D040-2022-functional-mps-洪瑞,raw-not-distributed/D040-2022-functional-mps-洪瑞/wiki.md#semantic,可追溯,,0
3058,Shi-Ju Ran,作者,academic/wiki/papers/D040-2022-functional-mps-洪瑞,raw-not-distributed/D040-2022-functional-mps-洪瑞/wiki.md#semantic,可追溯,,0
3059,academic/wiki/papers/D040-2022-functional-mps-洪瑞,核心方法,FTN,raw-not-distributed/D040-2022-functional-mps-洪瑞/wiki.md#semantic,可追溯,,0
3060,academic/wiki/papers/D040-2022-functional-mps-洪瑞,核心方法,MPS,raw-not-distributed/D040-2022-functional-mps-洪瑞/wiki.md#semantic,可追溯,,0
3061,academic/wiki/papers/D040-2022-functional-mps-洪瑞,核心方法,自动微分,raw-not-distributed/D040-2022-functional-mps-洪瑞/wiki.md#semantic,可追溯,,0
3062,academic/wiki/papers/D040-2022-functional-mps-洪瑞,核心方法,梯度下降,raw-not-distributed/D040-2022-functional-mps-洪瑞/wiki.md#semantic,可追溯,,0
3063,academic/wiki/papers/D040-2022-functional-mps-洪瑞,核心创新点,用张量网络表示连续空间多体波函数展开系数,raw-not-distributed/D040-2022-functional-mps-洪瑞/wiki.md#semantic,可追溯,,0
3064,academic/wiki/papers/D040-2022-functional-mps-洪瑞,核心创新点,通过两网络内积计算loss并反向传播更新张量,raw-not-distributed/D040-2022-functional-mps-洪瑞/wiki.md#semantic,可追溯,,0
3065,academic/wiki/papers/D040-2022-functional-mps-洪瑞,研究基础,多体薛定谔方程,raw-not-distributed/D040-2022-functional-mps-洪瑞/wiki.md#semantic,可追溯,,0
3066,academic/wiki/papers/D040-2022-functional-mps-洪瑞,研究基础,连续空间,raw-not-distributed/D040-2022-functional-mps-洪瑞/wiki.md#semantic,可追溯,,0
3067,academic/wiki/papers/D040-2022-functional-mps-洪瑞,研究基础,张量网络,raw-not-distributed/D040-2022-functional-mps-洪瑞/wiki.md#semantic,可追溯,,0
3068,academic/wiki/papers/D040-2022-functional-mps-洪瑞,研究基础,正交函数基,raw-not-distributed/D040-2022-functional-mps-洪瑞/wiki.md#semantic,可追溯,,0
3069,academic/wiki/papers/D040-2022-functional-mps-洪瑞,对比方法,神经网络,raw-not-distributed/D040-2022-functional-mps-洪瑞/wiki.md#semantic,可追溯,,0
3070,academic/wiki/papers/D040-2022-functional-mps-洪瑞,未来展望,推广到投影纠缠对态,raw-not-distributed/D040-2022-functional-mps-洪瑞/wiki.md#semantic,可追溯,,0
3071,academic/wiki/papers/D040-2022-functional-mps-洪瑞,未来展望,结合费米张量网络处理电子体系,raw-not-distributed/D040-2022-functional-mps-洪瑞/wiki.md#semantic,可追溯,,0
3072,academic/wiki/papers/D040-2022-functional-mps-洪瑞,未来展望,函数基替换为其他展开如Taylor级数,raw-not-distributed/D040-2022-functional-mps-洪瑞/wiki.md#semantic,可追溯,,0
3073,FTN,基于,MPS,raw-not-distributed/D040-2022-functional-mps-洪瑞/wiki.md#semantic,可追溯,,0
3074,FTN,基于,张量网络,raw-not-distributed/D040-2022-functional-mps-洪瑞/wiki.md#semantic,可追溯,,0
3075,FTN,基于,正交函数基,raw-not-distributed/D040-2022-functional-mps-洪瑞/wiki.md#semantic,可追溯,,0
3076,MPS,表示,波函数系数,raw-not-distributed/D040-2022-functional-mps-洪瑞/wiki.md#semantic,可追溯,,0
3077,MPS,对比,神经网络,raw-not-distributed/D040-2022-functional-mps-洪瑞/wiki.md#semantic,可追溯,,0
3078,PEPS,推广,MPS,raw-not-distributed/D040-2022-functional-mps-洪瑞/wiki.md#semantic,可追溯,,0
3079,纠缠熵,刻画,量子关联,raw-not-distributed/D040-2022-functional-mps-洪瑞/wiki.md#semantic,可追溯,,0
3080,用张量网络表示连续空间多体波函数展开系数,包含,波函数,raw-not-distributed/D040-2022-functional-mps-洪瑞/paper.md,推断,,0
3081,用张量网络表示连续空间多体波函数展开系数,包含,连续空间,raw-not-distributed/D040-2022-functional-mps-洪瑞/paper.md,推断,,0
3082,用张量网络表示连续空间多体波函数展开系数,包含,张量网络,raw-not-distributed/D040-2022-functional-mps-洪瑞/paper.md,推断,,0
3083,通过两网络内积计算loss并反向传播更新张量,包含,反向传播,raw-not-distributed/D040-2022-functional-mps-洪瑞/paper.md,推断,,0
3084,推广到投影纠缠对态,包含,PEPS,raw-not-distributed/D040-2022-functional-mps-洪瑞/paper.md,推断,,0
3085,结合费米张量网络处理电子体系,包含,张量网络,raw-not-distributed/D040-2022-functional-mps-洪瑞/paper.md,推断,,0
3236,academic/wiki/papers/D041-2022-rlf李伟明,来源,academic/raw/references/D041-2022-rlf李伟明/paper,raw-not-distributed/D041-2022-rlf李伟明/paper.md,可追溯,,0
3237,academic/wiki/papers/D041-2022-rlf李伟明,发表于,Mathematics,raw-not-distributed/D041-2022-rlf李伟明/wiki.md#semantic,可追溯,,0
3238,Wei-Ming Li,第一作者,academic/wiki/papers/D041-2022-rlf李伟明,raw-not-distributed/D041-2022-rlf李伟明/wiki.md#semantic,可追溯,,0
3239,Shi-Ju Ran,作者,academic/wiki/papers/D041-2022-rlf李伟明,raw-not-distributed/D041-2022-rlf李伟明/wiki.md#semantic,可追溯,,0
3240,academic/wiki/papers/D041-2022-rlf李伟明,核心创新点,RLF,raw-not-distributed/D041-2022-rlf李伟明/wiki.md#semantic,可追溯,,0
3241,academic/wiki/papers/D041-2022-rlf李伟明,核心方法,NSSL,raw-not-distributed/D041-2022-rlf李伟明/wiki.md#semantic,可追溯,,0
3242,academic/wiki/papers/D041-2022-rlf李伟明,核心方法,RLF-NSSL,raw-not-distributed/D041-2022-rlf李伟明/wiki.md#semantic,可追溯,,0
3243,academic/wiki/papers/D041-2022-rlf李伟明,对比方法,朴素贝叶斯分类器,raw-not-distributed/D041-2022-rlf李伟明/wiki.md#semantic,可追溯,,0
3244,academic/wiki/papers/D041-2022-rlf李伟明,对比方法,近邻,raw-not-distributed/D041-2022-rlf李伟明/wiki.md#semantic,可追溯,,0
3245,academic/wiki/papers/D041-2022-rlf李伟明,对比方法,谱聚类,raw-not-distributed/D041-2022-rlf李伟明/wiki.md#semantic,可追溯,,0
3246,academic/wiki/papers/D041-2022-rlf李伟明,对比方法,标准保真度作为量子启发核函数,raw-not-distributed/D041-2022-rlf李伟明/wiki.md#semantic,可追溯,,0
3247,academic/wiki/papers/D041-2022-rlf李伟明,研究基础,QKF,raw-not-distributed/D041-2022-rlf李伟明/wiki.md#semantic,可追溯,,0
3248,academic/wiki/papers/D041-2022-rlf李伟明,研究基础,保真度fidelity,raw-not-distributed/D041-2022-rlf李伟明/wiki.md#semantic,可追溯,,0
3249,academic/wiki/papers/D041-2022-rlf李伟明,研究基础,对数保真度,raw-not-distributed/D041-2022-rlf李伟明/wiki.md#semantic,可追溯,,0
3250,academic/wiki/papers/D041-2022-rlf李伟明,研究基础,最大编码率约减,raw-not-distributed/D041-2022-rlf李伟明/wiki.md#semantic,可追溯,,0
3251,academic/wiki/papers/D041-2022-rlf李伟明,研究基础,t-SNE,raw-not-distributed/D041-2022-rlf李伟明/wiki.md#semantic,可追溯,,0
3252,academic/wiki/papers/D041-2022-rlf李伟明,未来展望,推广到参数化模型,raw-not-distributed/D041-2022-rlf李伟明/wiki.md#semantic,可追溯,,0
3253,academic/wiki/papers/D041-2022-rlf李伟明,未来展望,在更多数据集上验证RLF相对经典核函数的优势,raw-not-distributed/D041-2022-rlf李伟明/wiki.md#semantic,可追溯,,0
3254,academic/wiki/papers/D041-2022-rlf李伟明,局限性,需在更多数据集上进一步验证,raw-not-distributed/D041-2022-rlf李伟明/wiki.md#semantic,可追溯,,0
3255,RLF-NSSL,基于,RLF,raw-not-distributed/D041-2022-rlf李伟明/wiki.md#semantic,可追溯,,0
3256,RLF,替代,保真度fidelity,raw-not-distributed/D041-2022-rlf李伟明/wiki.md#semantic,可追溯,,0
3257,RLF,改进,对数保真度,raw-not-distributed/D041-2022-rlf李伟明/wiki.md#semantic,可追溯,,0
3258,RLF,应用于,半监督学习,raw-not-distributed/D041-2022-rlf李伟明/wiki.md#semantic,可追溯,,0
3259,NSSL,结合,量子启发核函数,raw-not-distributed/D041-2022-rlf李伟明/wiki.md#semantic,可追溯,,0
3260,最大编码率约减,应用于,量子机器学习,raw-not-distributed/D041-2022-rlf李伟明/wiki.md#semantic,可追溯,,0
3261,NSSL,包含,半监督学习,raw-not-distributed/D041-2022-rlf李伟明/paper.md,推断,,0
3262,标准保真度作为量子启发核函数,包含,量子启发核函数,raw-not-distributed/D041-2022-rlf李伟明/paper.md,推断,,0
3263,RLF,包含,对数保真度,raw-not-distributed/D041-2022-rlf李伟明/paper.md,推断,,0
3264,RLF,包含,保真度fidelity,raw-not-distributed/D041-2022-rlf李伟明/paper.md,推断,,0
3265,推广到参数化模型,包含,模型,raw-not-distributed/D041-2022-rlf李伟明/paper.md,推断,,0
3420,academic/wiki/papers/D042-2023-kagome-方大智,来源,academic/raw/references/D042-2023-kagome-方大智/paper,raw-not-distributed/D042-2023-kagome-方大智/paper.md,可追溯,,0
3421,academic/wiki/papers/D042-2023-kagome-方大智,发表于,Phys. Rev. B,raw-not-distributed/D042-2023-kagome-方大智/wiki.md#semantic,可追溯,,0
3422,Da-zhi Fang,第一作者,academic/wiki/papers/D042-2023-kagome-方大智,raw-not-distributed/D042-2023-kagome-方大智/wiki.md#semantic,可追溯,,0
3423,Ning Xi,作者,academic/wiki/papers/D042-2023-kagome-方大智,raw-not-distributed/D042-2023-kagome-方大智/wiki.md#semantic,可追溯,,0
3424,Shi-Ju Ran,作者,academic/wiki/papers/D042-2023-kagome-方大智,raw-not-distributed/D042-2023-kagome-方大智/wiki.md#semantic,可追溯,,0
3425,Gang Su,作者,academic/wiki/papers/D042-2023-kagome-方大智,raw-not-distributed/D042-2023-kagome-方大智/wiki.md#semantic,可追溯,,0
3426,academic/wiki/papers/D042-2023-kagome-方大智,核心方法,张量网络方法,raw-not-distributed/D042-2023-kagome-方大智/wiki.md#semantic,可追溯,,0
3427,academic/wiki/papers/D042-2023-kagome-方大智,核心方法,全更新无穷投影纠缠对态,raw-not-distributed/D042-2023-kagome-方大智/wiki.md#semantic,可追溯,,0
3428,academic/wiki/papers/D042-2023-kagome-方大智,核心方法,PESS,raw-not-distributed/D042-2023-kagome-方大智/wiki.md#semantic,可追溯,,0
3429,academic/wiki/papers/D042-2023-kagome-方大智,研究基础,扭曲格点,raw-not-distributed/D042-2023-kagome-方大智/wiki.md#semantic,可追溯,,0
3430,academic/wiki/papers/D042-2023-kagome-方大智,研究基础,磁化平台,raw-not-distributed/D042-2023-kagome-方大智/wiki.md#semantic,可追溯,,0
3431,academic/wiki/papers/D042-2023-kagome-方大智,核心创新点,在无穷大晶格上证实1/9磁化平台由价键晶体描述,raw-not-distributed/D042-2023-kagome-方大智/wiki.md#semantic,可追溯,,0
3432,academic/wiki/papers/D042-2023-kagome-方大智,核心创新点,证实该价键晶体具有√3×√3空间对称性,raw-not-distributed/D042-2023-kagome-方大智/wiki.md#semantic,可追溯,,0
3433,academic/wiki/papers/D042-2023-kagome-方大智,核心创新点,指出1/9平台存在无能隙激发并对应中心荷约为1的共形场论描述,raw-not-distributed/D042-2023-kagome-方大智/wiki.md#semantic,可追溯,,0
3434,academic/wiki/papers/D042-2023-kagome-方大智,对比方法,圆柱几何上的密度矩阵重整化群方法,raw-not-distributed/D042-2023-kagome-方大智/wiki.md#semantic,可追溯,,0
3435,academic/wiki/papers/D042-2023-kagome-方大智,局限性,基态性质强烈依赖于所选几何与边界条件,raw-not-distributed/D042-2023-kagome-方大智/wiki.md#semantic,可追溯,,0
3436,VBC,对比,量子自旋液体,raw-not-distributed/D042-2023-kagome-方大智/wiki.md#semantic,可追溯,,0
3437,VBC,属于,磁化平台,raw-not-distributed/D042-2023-kagome-方大智/wiki.md#semantic,可追溯,,0
3438,全更新无穷投影纠缠对态,对比,PESS,raw-not-distributed/D042-2023-kagome-方大智/wiki.md#semantic,可追溯,,0
3439,全更新无穷投影纠缠对态,基于,张量网络方法,raw-not-distributed/D042-2023-kagome-方大智/wiki.md#semantic,可追溯,,0
3440,PESS,基于,张量网络方法,raw-not-distributed/D042-2023-kagome-方大智/wiki.md#semantic,可追溯,,0
3441,在无穷大晶格上证实1/9磁化平台由价键晶体描述,包含,磁化平台,raw-not-distributed/D042-2023-kagome-方大智/paper.md,推断,,0
3615,academic/wiki/papers/D043-2023-schmidt-tns-prl,来源,academic/raw/references/D043-2023-schmidt-tns-prl/paper,raw-not-distributed/D043-2023-schmidt-tns-prl/paper.md,可追溯,,0
3616,Peng-Fei Zhou,第一作者,academic/wiki/papers/D043-2023-schmidt-tns-prl,raw-not-distributed/D043-2023-schmidt-tns-prl/wiki.md#semantic,可追溯,,0
3617,Ying Lu,作者,academic/wiki/papers/D043-2023-schmidt-tns-prl,raw-not-distributed/D043-2023-schmidt-tns-prl/wiki.md#semantic,可追溯,,0
3618,Jia-Hao Wang,作者,academic/wiki/papers/D043-2023-schmidt-tns-prl,raw-not-distributed/D043-2023-schmidt-tns-prl/wiki.md#semantic,可追溯,,0
3619,Shi-Ju Ran,作者,academic/wiki/papers/D043-2023-schmidt-tns-prl,raw-not-distributed/D043-2023-schmidt-tns-prl/wiki.md#semantic,可追溯,,0
3620,academic/wiki/papers/D043-2023-schmidt-tns-prl,核心方法,TNS,raw-not-distributed/D043-2023-schmidt-tns-prl/wiki.md#semantic,可追溯,,0
3621,academic/wiki/papers/D043-2023-schmidt-tns-prl,核心方法,局部幺正张量网络表示Schmidt分解变换,raw-not-distributed/D043-2023-schmidt-tns-prl/wiki.md#semantic,可追溯,,0
3622,academic/wiki/papers/D043-2023-schmidt-tns-prl,核心方法,Schmidt,raw-not-distributed/D043-2023-schmidt-tns-prl/wiki.md#semantic,可追溯,,0
3623,academic/wiki/papers/D043-2023-schmidt-tns-prl,核心创新点,将Schmidt分解表示为线性复杂度张量网络,raw-not-distributed/D043-2023-schmidt-tns-prl/wiki.md#semantic,可追溯,,0
3624,academic/wiki/papers/D043-2023-schmidt-tns-prl,核心创新点,对Schmidt系数与变换两侧分别用张量网络参数化,raw-not-distributed/D043-2023-schmidt-tns-prl/wiki.md#semantic,可追溯,,0
3625,academic/wiki/papers/D043-2023-schmidt-tns-prl,研究基础,Schmidt分解,raw-not-distributed/D043-2023-schmidt-tns-prl/wiki.md#semantic,可追溯,,0
3626,academic/wiki/papers/D043-2023-schmidt-tns-prl,研究基础,纠缠谱,raw-not-distributed/D043-2023-schmidt-tns-prl/wiki.md#semantic,可追溯,,0
3627,academic/wiki/papers/D043-2023-schmidt-tns-prl,研究基础,MPS,raw-not-distributed/D043-2023-schmidt-tns-prl/wiki.md#semantic,可追溯,,0
3628,academic/wiki/papers/D043-2023-schmidt-tns-prl,研究基础,几何阻挫准一维自旋模型基态,raw-not-distributed/D043-2023-schmidt-tns-prl/wiki.md#semantic,可追溯,,0
3629,academic/wiki/papers/D043-2023-schmidt-tns-prl,研究基础,平移不变性,raw-not-distributed/D043-2023-schmidt-tns-prl/wiki.md#semantic,可追溯,,0
3630,academic/wiki/papers/D043-2023-schmidt-tns-prl,未来展望,全态采样的指数加速,raw-not-distributed/D043-2023-schmidt-tns-prl/wiki.md#semantic,可追溯,,0
3631,academic/wiki/papers/D043-2023-schmidt-tns-prl,对比方法,直接态向量方法表示Schmidt分解,raw-not-distributed/D043-2023-schmidt-tns-prl/wiki.md#semantic,可追溯,,0
3632,TNS,基于,MPS,raw-not-distributed/D043-2023-schmidt-tns-prl/wiki.md#semantic,可追溯,,0
3633,MPS,编码,纠缠谱,raw-not-distributed/D043-2023-schmidt-tns-prl/wiki.md#semantic,可追溯,,0
3634,直接态向量方法表示Schmidt分解,包含,Schmidt分解,raw-not-distributed/D043-2023-schmidt-tns-prl/paper.md,推断,,0
3635,将Schmidt分解表示为线性复杂度张量网络,包含,Schmidt分解,raw-not-distributed/D043-2023-schmidt-tns-prl/paper.md,推断,,0
3636,将Schmidt分解表示为线性复杂度张量网络,包含,张量网络,raw-not-distributed/D043-2023-schmidt-tns-prl/paper.md,推断,,0
3637,将Schmidt分解表示为线性复杂度张量网络,包含,直接态向量方法表示Schmidt分解,raw-not-distributed/D043-2023-schmidt-tns-prl/paper.md,推断,,0
3638,将Schmidt分解表示为线性复杂度张量网络,包含,Schmidt,raw-not-distributed/D043-2023-schmidt-tns-prl/paper.md,推断,,0
3639,对Schmidt系数与变换两侧分别用张量网络参数化,包含,Schmidt分解,raw-not-distributed/D043-2023-schmidt-tns-prl/paper.md,推断,,0
3640,对Schmidt系数与变换两侧分别用张量网络参数化,包含,直接态向量方法表示Schmidt分解,raw-not-distributed/D043-2023-schmidt-tns-prl/paper.md,推断,,0
3641,对Schmidt系数与变换两侧分别用张量网络参数化,包含,Schmidt,raw-not-distributed/D043-2023-schmidt-tns-prl/paper.md,推断,,0
3642,对Schmidt系数与变换两侧分别用张量网络参数化,包含,张量网络,raw-not-distributed/D043-2023-schmidt-tns-prl/paper.md,推断,,0
3643,对Schmidt系数与变换两侧分别用张量网络参数化,包含,Schmidt系数,raw-not-distributed/D043-2023-schmidt-tns-prl/paper.md,推断,,0
3829,academic/wiki/papers/D044-2023-luying-quvis,来源,academic/raw/references/D044-2023-luying-quvis/paper,raw-not-distributed/D044-2023-luying-quvis/paper.md,可追溯,,0
3830,Ying Lu,第一作者,academic/wiki/papers/D044-2023-luying-quvis,raw-not-distributed/D044-2023-luying-quvis/wiki.md#semantic,可追溯,,0
3831,Peng-Fei Zhou,作者,academic/wiki/papers/D044-2023-luying-quvis,raw-not-distributed/D044-2023-luying-quvis/wiki.md#semantic,可追溯,,0
3832,Shao-Ming Fei,作者,academic/wiki/papers/D044-2023-luying-quvis,raw-not-distributed/D044-2023-luying-quvis/wiki.md#semantic,可追溯,,0
3833,Shi-Ju Ran,作者,academic/wiki/papers/D044-2023-luying-quvis,raw-not-distributed/D044-2023-luying-quvis/wiki.md#semantic,可追溯,,0
3834,academic/wiki/papers/D044-2023-luying-quvis,核心创新点,量子变分指令集,raw-not-distributed/D044-2023-luying-quvis/wiki.md#semantic,可追溯,,0
3835,academic/wiki/papers/D044-2023-luying-quvis,核心方法,FGTO,raw-not-distributed/D044-2023-luying-quvis/wiki.md#semantic,可追溯,,0
3836,academic/wiki/papers/D044-2023-luying-quvis,对比方法,量子最小指令集,raw-not-distributed/D044-2023-luying-quvis/wiki.md#semantic,可追溯,,0
3837,academic/wiki/papers/D044-2023-luying-quvis,研究基础,QFT,raw-not-distributed/D044-2023-luying-quvis/wiki.md#semantic,可追溯,,0
3838,academic/wiki/papers/D044-2023-luying-quvis,应用于,SWAP,raw-not-distributed/D044-2023-luying-quvis/wiki.md#semantic,可追溯,,0
3839,academic/wiki/papers/D044-2023-luying-quvis,局限性,需要已知自旋间相互作用形式,raw-not-distributed/D044-2023-luying-quvis/wiki.md#semantic,可追溯,,0
3840,academic/wiki/papers/D044-2023-luying-quvis,未来展望,结合机器学习估计局部可观测量与约化密度矩阵以处理未知相互作用,raw-not-distributed/D044-2023-luying-quvis/wiki.md#semantic,可追溯,,0
3841,量子变分指令集,基于,FGTO,raw-not-distributed/D044-2023-luying-quvis/wiki.md#semantic,可追溯,,0
3842,量子变分指令集,替代,量子最小指令集,raw-not-distributed/D044-2023-luying-quvis/wiki.md#semantic,可追溯,,0
3843,需要已知自旋间相互作用形式,包含,相互作用,raw-not-distributed/D044-2023-luying-quvis/paper.md,推断,,0
3844,结合机器学习估计局部可观测量与约化密度矩阵以处理未知相互作用,包含,相互作用,raw-not-distributed/D044-2023-luying-quvis/paper.md,推断,,0
3845,结合机器学习估计局部可观测量与约化密度矩阵以处理未知相互作用,包含,RDM,raw-not-distributed/D044-2023-luying-quvis/paper.md,推断,,0
4036,academic/wiki/papers/D045-2023-resmps,来源,academic/raw/references/D045-2023-resmps/paper,raw-not-distributed/D045-2023-resmps/paper.md,可追溯,,0
4037,academic/wiki/papers/D045-2023-resmps,发表于,SciPost Phys,raw-not-distributed/D045-2023-resmps/wiki.md#semantic,可追溯,,0
4038,Ye-Ming Meng,第一作者,academic/wiki/papers/D045-2023-resmps,raw-not-distributed/D045-2023-resmps/wiki.md#semantic,可追溯,,0
4039,Jing Zhang,作者,academic/wiki/papers/D045-2023-resmps,raw-not-distributed/D045-2023-resmps/wiki.md#semantic,可追溯,,0
4040,Peng Zhang,作者,academic/wiki/papers/D045-2023-resmps,raw-not-distributed/D045-2023-resmps/wiki.md#semantic,可追溯,,0
4041,Chao Gao,作者,academic/wiki/papers/D045-2023-resmps,raw-not-distributed/D045-2023-resmps/wiki.md#semantic,可追溯,,0
4042,Shi-Ju Ran,作者,academic/wiki/papers/D045-2023-resmps,raw-not-distributed/D045-2023-resmps/wiki.md#semantic,可追溯,,0
4043,academic/wiki/papers/D045-2023-resmps,研究基础,MPS,raw-not-distributed/D045-2023-resmps/wiki.md#semantic,可追溯,,0
4044,academic/wiki/papers/D045-2023-resmps,核心方法,Residual matrix product state,raw-not-distributed/D045-2023-resmps/wiki.md#semantic,可追溯,,0
4045,academic/wiki/papers/D045-2023-resmps,核心创新点,MPS,raw-not-distributed/D045-2023-resmps/wiki.md#semantic,可追溯,,0
4046,academic/wiki/papers/D045-2023-resmps,核心创新点,ResMPS变分参数本身是输入特征的函数,raw-not-distributed/D045-2023-resmps/wiki.md#semantic,可追溯,,0
4047,academic/wiki/papers/D045-2023-resmps,核心方法,线性简化版,raw-not-distributed/D045-2023-resmps/wiki.md#semantic,可追溯,,0
4048,academic/wiki/papers/D045-2023-resmps,核心方法,dropout,raw-not-distributed/D045-2023-resmps/wiki.md#semantic,可追溯,,0
4049,academic/wiki/papers/D045-2023-resmps,核心创新点,ResMPS与Factorization Machines及Exponential Machines的多项式展开等价性,raw-not-distributed/D045-2023-resmps/wiki.md#semantic,可追溯,,0
4050,academic/wiki/papers/D045-2023-resmps,核心创新点,给出避免ResMPS梯度消失与爆炸的条件,raw-not-distributed/D045-2023-resmps/wiki.md#semantic,可追溯,,0
4051,academic/wiki/papers/D045-2023-resmps,对比方法,AlexNet,raw-not-distributed/D045-2023-resmps/wiki.md#semantic,可追溯,,0
4052,academic/wiki/papers/D045-2023-resmps,对比方法,堆叠卷积层的ResNet,raw-not-distributed/D045-2023-resmps/wiki.md#semantic,可追溯,,0
4053,academic/wiki/papers/D045-2023-resmps,对比方法,既有方法,raw-not-distributed/D045-2023-resmps/wiki.md#semantic,可追溯,,0
4054,academic/wiki/papers/D045-2023-resmps,局限性,在Fashion-MNIST上精度仍逊于堆叠卷积层的ResNet,raw-not-distributed/D045-2023-resmps/wiki.md#semantic,可追溯,,0
4055,academic/wiki/papers/D045-2023-resmps,未来展望,用卷积层替换权重矩阵以进一步提升精度,raw-not-distributed/D045-2023-resmps/wiki.md#semantic,可追溯,,0
4056,academic/wiki/papers/D045-2023-resmps,未来展望,将ResMPS思路推广到Tree TN,raw-not-distributed/D045-2023-resmps/wiki.md#semantic,可追溯,,0
4057,academic/wiki/papers/D045-2023-resmps,未来展望,将ResMPS思路推广到Projected Entangled-Pair States,raw-not-distributed/D045-2023-resmps/wiki.md#semantic,可追溯,,0
4058,Residual matrix product state,结合,残差神经网络,raw-not-distributed/D045-2023-resmps/wiki.md#semantic,可追溯,,0
4059,Residual matrix product state,改进,MPS,raw-not-distributed/D045-2023-resmps/wiki.md#semantic,可追溯,,0
4060,Residual matrix product state,等价于,Factorization Machines,raw-not-distributed/D045-2023-resmps/wiki.md#semantic,可追溯,,0
4061,Residual matrix product state,等价于,Exponential Machines,raw-not-distributed/D045-2023-resmps/wiki.md#semantic,可追溯,,0
4062,线性简化版,属于,Residual matrix product state,raw-not-distributed/D045-2023-resmps/wiki.md#semantic,可追溯,,0
4063,dropout,属于,Residual matrix product state,raw-not-distributed/D045-2023-resmps/wiki.md#semantic,可追溯,,0
4064,MPS,包含,线性简化版,raw-not-distributed/D045-2023-resmps/paper.md,推断,,0
4065,MPS,包含,神经网络,raw-not-distributed/D045-2023-resmps/paper.md,推断,,0
4066,ResMPS变分参数本身是输入特征的函数,包含,线性简化版,raw-not-distributed/D045-2023-resmps/paper.md,推断,,0
4067,ResMPS与Factorization Machines及Exponential Machines的多项式展开等价性,包含,线性简化版,raw-not-distributed/D045-2023-resmps/paper.md,推断,,0
4068,给出避免ResMPS梯度消失与爆炸的条件,包含,线性简化版,raw-not-distributed/D045-2023-resmps/paper.md,推断,,0
4069,在Fashion-MNIST上精度仍逊于堆叠卷积层的ResNet,包含,堆叠卷积层的ResNet,raw-not-distributed/D045-2023-resmps/paper.md,推断,,0
4070,在Fashion-MNIST上精度仍逊于堆叠卷积层的ResNet,包含,时尚产品图像分类,raw-not-distributed/D045-2023-resmps/paper.md,推断,,0
4071,在Fashion-MNIST上精度仍逊于堆叠卷积层的ResNet,包含,MNIST,raw-not-distributed/D045-2023-resmps/paper.md,推断,,0
4072,将ResMPS思路推广到Tree TN,包含,线性简化版,raw-not-distributed/D045-2023-resmps/paper.md,推断,,0
4073,将ResMPS思路推广到Projected Entangled-Pair States,包含,线性简化版,raw-not-distributed/D045-2023-resmps/paper.md,推断,,0
4266,academic/wiki/papers/D046-2023-王顶族qes边界奇异性,来源,academic/raw/references/D046-2023-王顶族qes边界奇异性/paper,raw-not-distributed/D046-2023-王顶族qes边界奇异性/paper.md,可追溯,,0
4267,academic/wiki/papers/D046-2023-王顶族qes边界奇异性,发表于,Quantum Science and Technology,raw-not-distributed/D046-2023-王顶族qes边界奇异性/wiki.md#semantic,可追溯,,0
4268,Ding-Zu Wang,第一作者,academic/wiki/papers/D046-2023-王顶族qes边界奇异性,raw-not-distributed/D046-2023-王顶族qes边界奇异性/wiki.md#semantic,可追溯,,0
4269,Guo-Feng Zhang,作者,academic/wiki/papers/D046-2023-王顶族qes边界奇异性,raw-not-distributed/D046-2023-王顶族qes边界奇异性/wiki.md#semantic,可追溯,,0
4270,Maciej Lewenstein,作者,academic/wiki/papers/D046-2023-王顶族qes边界奇异性,raw-not-distributed/D046-2023-王顶族qes边界奇异性/wiki.md#semantic,可追溯,,0
4271,Shi-Ju Ran,作者,academic/wiki/papers/D046-2023-王顶族qes边界奇异性,raw-not-distributed/D046-2023-王顶族qes边界奇异性/wiki.md#semantic,可追溯,,0
4272,academic/wiki/papers/D046-2023-王顶族qes边界奇异性,核心方法,变分张量网络方法,raw-not-distributed/D046-2023-王顶族qes边界奇异性/wiki.md#semantic,可追溯,,0
4273,academic/wiki/papers/D046-2023-王顶族qes边界奇异性,核心方法,PEPO,raw-not-distributed/D046-2023-王顶族qes边界奇异性/wiki.md#semantic,可追溯,,0
4274,academic/wiki/papers/D046-2023-王顶族qes边界奇异性,核心创新点,边界淬火点boundary quench point(BQP),raw-not-distributed/D046-2023-王顶族qes边界奇异性/wiki.md#semantic,可追溯,,0
4275,academic/wiki/papers/D046-2023-王顶族qes边界奇异性,核心创新点,EBH,raw-not-distributed/D046-2023-王顶族qes边界奇异性/wiki.md#semantic,可追溯,,0
4276,academic/wiki/papers/D046-2023-王顶族qes边界奇异性,研究基础,QES,raw-not-distributed/D046-2023-王顶族qes边界奇异性/wiki.md#semantic,可追溯,,0
4277,academic/wiki/papers/D046-2023-王顶族qes边界奇异性,研究基础,自旋1/2 XXZ链,raw-not-distributed/D046-2023-王顶族qes边界奇异性/wiki.md#semantic,可追溯,,0
4278,academic/wiki/papers/D046-2023-王顶族qes边界奇异性,研究基础,自旋1 XXZ链,raw-not-distributed/D046-2023-王顶族qes边界奇异性/wiki.md#semantic,可追溯,,0
4279,academic/wiki/papers/D046-2023-王顶族qes边界奇异性,研究基础,二维模型,raw-not-distributed/D046-2023-王顶族qes边界奇异性/wiki.md#semantic,可追溯,,0
4280,academic/wiki/papers/D046-2023-王顶族qes边界奇异性,研究基础,模型,raw-not-distributed/D046-2023-王顶族qes边界奇异性/wiki.md#semantic,可追溯,,0
4281,academic/wiki/papers/D046-2023-王顶族qes边界奇异性,对比方法,范式,raw-not-distributed/D046-2023-王顶族qes边界奇异性/wiki.md#semantic,可追溯,,0
4282,academic/wiki/papers/D046-2023-王顶族qes边界奇异性,局限性,BQP仅在偏离SU(2)对称的U(1)或Z₂对称体系中显现,raw-not-distributed/D046-2023-王顶族qes边界奇异性/wiki.md#semantic,可追溯,,0
4283,academic/wiki/papers/D046-2023-王顶族qes边界奇异性,局限性,当前分析限于一维系统,raw-not-distributed/D046-2023-王顶族qes边界奇异性/wiki.md#semantic,可追溯,,0
4284,academic/wiki/papers/D046-2023-王顶族qes边界奇异性,未来展望,借助PEPO等热力学张量网络方法推广到更高维度,raw-not-distributed/D046-2023-王顶族qes边界奇异性/wiki.md#semantic,可追溯,,0
4285,EBH,应用于,边界诱导热力学模拟,raw-not-distributed/D046-2023-王顶族qes边界奇异性/wiki.md#semantic,可追溯,,0
4286,QES,基于,EBH,raw-not-distributed/D046-2023-王顶族qes边界奇异性/wiki.md#semantic,可追溯,,0
4287,EBH,包含,纠缠浴,raw-not-distributed/D046-2023-王顶族qes边界奇异性/paper.md,推断,,0
4288,借助PEPO等热力学张量网络方法推广到更高维度,包含,张量网络方法,raw-not-distributed/D046-2023-王顶族qes边界奇异性/paper.md,推断,,0
4289,借助PEPO等热力学张量网络方法推广到更高维度,包含,PEPO,raw-not-distributed/D046-2023-王顶族qes边界奇异性/paper.md,推断,,0
4290,借助PEPO等热力学张量网络方法推广到更高维度,包含,张量网络,raw-not-distributed/D046-2023-王顶族qes边界奇异性/paper.md,推断,,0
4494,academic/wiki/papers/D047-2024-wang-eth-inhomogeneous,来源,academic/raw/references/D047-2024-wang-eth-inhomogeneous/paper,raw-not-distributed/D047-2024-wang-eth-inhomogeneous/paper.md,可追溯,,0
4495,academic/wiki/papers/D047-2024-wang-eth-inhomogeneous,发表于,Phys. Rev. B,raw-not-distributed/D047-2024-wang-eth-inhomogeneous/wiki.md#semantic,可追溯,,0
4496,Ding-Zu Wang,第一作者,academic/wiki/papers/D047-2024-wang-eth-inhomogeneous,raw-not-distributed/D047-2024-wang-eth-inhomogeneous/wiki.md#semantic,可追溯,,0
4497,Hao Zhu,作者,academic/wiki/papers/D047-2024-wang-eth-inhomogeneous,raw-not-distributed/D047-2024-wang-eth-inhomogeneous/wiki.md#semantic,可追溯,,0
4498,Jian Cui,作者,academic/wiki/papers/D047-2024-wang-eth-inhomogeneous,raw-not-distributed/D047-2024-wang-eth-inhomogeneous/wiki.md#semantic,可追溯,,0
4499,Javier Argüello-Luengo,作者,academic/wiki/papers/D047-2024-wang-eth-inhomogeneous,raw-not-distributed/D047-2024-wang-eth-inhomogeneous/wiki.md#semantic,可追溯,,0
4500,Maciej Lewenstein,作者,academic/wiki/papers/D047-2024-wang-eth-inhomogeneous,raw-not-distributed/D047-2024-wang-eth-inhomogeneous/wiki.md#semantic,可追溯,,0
4501,Guo-Feng Zhang,作者,academic/wiki/papers/D047-2024-wang-eth-inhomogeneous,raw-not-distributed/D047-2024-wang-eth-inhomogeneous/wiki.md#semantic,可追溯,,0
4502,Piotr Sierant,作者,academic/wiki/papers/D047-2024-wang-eth-inhomogeneous,raw-not-distributed/D047-2024-wang-eth-inhomogeneous/wiki.md#semantic,可追溯,,0
4503,Shi-Ju Ran,作者,academic/wiki/papers/D047-2024-wang-eth-inhomogeneous,raw-not-distributed/D047-2024-wang-eth-inhomogeneous/wiki.md#semantic,可追溯,,0
4504,academic/wiki/papers/D047-2024-wang-eth-inhomogeneous,研究基础,自旋链,raw-not-distributed/D047-2024-wang-eth-inhomogeneous/wiki.md#semantic,可追溯,,0
4505,academic/wiki/papers/D047-2024-wang-eth-inhomogeneous,研究基础,ETH,raw-not-distributed/D047-2024-wang-eth-inhomogeneous/wiki.md#semantic,可追溯,,0
4506,academic/wiki/papers/D047-2024-wang-eth-inhomogeneous,核心方法,精确对角化,raw-not-distributed/D047-2024-wang-eth-inhomogeneous/wiki.md#semantic,可追溯,,0
4507,academic/wiki/papers/D047-2024-wang-eth-inhomogeneous,核心方法,能级统计,raw-not-distributed/D047-2024-wang-eth-inhomogeneous/wiki.md#semantic,可追溯,,0
4508,academic/wiki/papers/D047-2024-wang-eth-inhomogeneous,核心创新点,沿链线性变化的zz相互作用诱导量子混沌与遍历性,raw-not-distributed/D047-2024-wang-eth-inhomogeneous/wiki.md#semantic,可追溯,,0
4509,academic/wiki/papers/D047-2024-wang-eth-inhomogeneous,核心创新点,强梯度下重新抑制热化恢复非遍历行为,raw-not-distributed/D047-2024-wang-eth-inhomogeneous/wiki.md#semantic,可追溯,,0
4510,academic/wiki/papers/D047-2024-wang-eth-inhomogeneous,核心创新点,在Rydberg原子阵列中实现线性梯度XXZ模型,raw-not-distributed/D047-2024-wang-eth-inhomogeneous/wiki.md#semantic,可追溯,,0
4511,academic/wiki/papers/D047-2024-wang-eth-inhomogeneous,对比方法,均匀XXZ链,raw-not-distributed/D047-2024-wang-eth-inhomogeneous/wiki.md#semantic,可追溯,,0
4512,academic/wiki/papers/D047-2024-wang-eth-inhomogeneous,对比方法,强无序MBL相互作用体系,raw-not-distributed/D047-2024-wang-eth-inhomogeneous/wiki.md#semantic,可追溯,,0
4513,academic/wiki/papers/D047-2024-wang-eth-inhomogeneous,未来展望,后续工作中考虑偶极相互作用引入的次近邻项影响,raw-not-distributed/D047-2024-wang-eth-inhomogeneous/wiki.md#semantic,可追溯,,0
4514,academic/wiki/papers/D047-2024-wang-eth-inhomogeneous,未来展望,推广到无序相互作用体系,raw-not-distributed/D047-2024-wang-eth-inhomogeneous/wiki.md#semantic,可追溯,,0
4515,academic/wiki/papers/D047-2024-wang-eth-inhomogeneous,局限性,偶极相互作用按衰减引入次近邻项的影响未在本文处理,raw-not-distributed/D047-2024-wang-eth-inhomogeneous/wiki.md#semantic,可追溯,,0
4516,academic/wiki/papers/D047-2024-wang-eth-inhomogeneous,局限性,研究聚焦于一维自旋链干净系统,raw-not-distributed/D047-2024-wang-eth-inhomogeneous/wiki.md#semantic,可追溯,,0
4517,academic/wiki/papers/D047-2024-wang-eth-inhomogeneous,应用于,超冷原子实验平台,raw-not-distributed/D047-2024-wang-eth-inhomogeneous/wiki.md#semantic,可追溯,,0
4518,academic/wiki/papers/D047-2024-wang-eth-inhomogeneous,涉及,量子混沌,raw-not-distributed/D047-2024-wang-eth-inhomogeneous/wiki.md#semantic,可追溯,,0
4519,academic/wiki/papers/D047-2024-wang-eth-inhomogeneous,涉及,希尔伯特空间碎裂,raw-not-distributed/D047-2024-wang-eth-inhomogeneous/wiki.md#semantic,可追溯,,0
4520,academic/wiki/papers/D047-2024-wang-eth-inhomogeneous,涉及,ETH矩阵元统计ETH matrix elements,raw-not-distributed/D047-2024-wang-eth-inhomogeneous/wiki.md#semantic,可追溯,,0
4521,academic/wiki/papers/D047-2024-wang-eth-inhomogeneous,涉及,Floquet工程化,raw-not-distributed/D047-2024-wang-eth-inhomogeneous/wiki.md#semantic,可追溯,,0
4522,academic/wiki/papers/D047-2024-wang-eth-inhomogeneous,涉及,纠缠熵,raw-not-distributed/D047-2024-wang-eth-inhomogeneous/wiki.md#semantic,可追溯,,0
4523,academic/wiki/papers/D047-2024-wang-eth-inhomogeneous,涉及,存活概率,raw-not-distributed/D047-2024-wang-eth-inhomogeneous/wiki.md#semantic,可追溯,,0
4524,academic/wiki/papers/D047-2024-wang-eth-inhomogeneous,涉及,Rydberg原子阵列,raw-not-distributed/D047-2024-wang-eth-inhomogeneous/wiki.md#semantic,可追溯,,0
4525,academic/wiki/papers/D047-2024-wang-eth-inhomogeneous,紧密相关于,MPS,raw-not-distributed/D047-2024-wang-eth-inhomogeneous/wiki.md#semantic,可追溯,,0
4526,academic/wiki/papers/D047-2024-wang-eth-inhomogeneous,核心创新点,非对角ETH矩阵元方差在非遍历区偏离光滑函数行为,raw-not-distributed/D047-2024-wang-eth-inhomogeneous/wiki.md#semantic,可追溯,,0
4527,academic/wiki/papers/D047-2024-wang-eth-inhomogeneous,核心创新点,非遍历区纠缠熵呈对数增长并存留显著存活概率,raw-not-distributed/D047-2024-wang-eth-inhomogeneous/wiki.md#semantic,可追溯,,0
4528,academic/wiki/papers/D047-2024-wang-eth-inhomogeneous,核心方法,通过偶极相互作用或波导介导光子交换实现跃迁,raw-not-distributed/D047-2024-wang-eth-inhomogeneous/wiki.md#semantic,可追溯,,0
4529,academic/wiki/papers/D047-2024-wang-eth-inhomogeneous,核心方法,单原子寻址调制线性梯度,raw-not-distributed/D047-2024-wang-eth-inhomogeneous/wiki.md#semantic,可追溯,,0
4530,academic/wiki/papers/D047-2024-wang-eth-inhomogeneous,核心方法,Floquet,raw-not-distributed/D047-2024-wang-eth-inhomogeneous/wiki.md#semantic,可追溯,,0
4531,academic/wiki/papers/D047-2024-wang-eth-inhomogeneous,对比方法,偶极相互作用随主量子数以增强,raw-not-distributed/D047-2024-wang-eth-inhomogeneous/wiki.md#semantic,可追溯,,0
4532,academic/wiki/papers/D047-2024-wang-eth-inhomogeneous,对比方法,可积XXZ链,raw-not-distributed/D047-2024-wang-eth-inhomogeneous/wiki.md#semantic,可追溯,,0
4533,academic/wiki/papers/D047-2024-wang-eth-inhomogeneous,对比方法,Floquet驱动,raw-not-distributed/D047-2024-wang-eth-inhomogeneous/wiki.md#semantic,可追溯,,0
4534,academic/wiki/papers/D047-2024-wang-eth-inhomogeneous,对比方法,偶极-偶极相互作用,raw-not-distributed/D047-2024-wang-eth-inhomogeneous/wiki.md#semantic,可追溯,,0
4535,academic/wiki/papers/D047-2024-wang-eth-inhomogeneous,对比方法,MBL相互作用模型,raw-not-distributed/D047-2024-wang-eth-inhomogeneous/wiki.md#semantic,可追溯,,0
4536,academic/wiki/papers/D047-2024-wang-eth-inhomogeneous,核心方法,中等梯度驱动量子混沌与遍历性,raw-not-distributed/D047-2024-wang-eth-inhomogeneous/wiki.md#semantic,可追溯,,0
4537,academic/wiki/papers/D047-2024-wang-eth-inhomogeneous,核心方法,强梯度抑制遍历性,raw-not-distributed/D047-2024-wang-eth-inhomogeneous/wiki.md#semantic,可追溯,,0
4538,academic/wiki/papers/D047-2024-wang-eth-inhomogeneous,核心创新点,偶极相互作用在约微米下提供足够强的自旋交换,raw-not-distributed/D047-2024-wang-eth-inhomogeneous/wiki.md#semantic,可追溯,,0
4539,academic/wiki/papers/D047-2024-wang-eth-inhomogeneous,核心创新点,单原子寻址调控sigma_i^z sigma_{i+1}^z 项上的线性梯度,raw-not-distributed/D047-2024-wang-eth-inhomogeneous/wiki.md#semantic,可追溯,,0
4540,academic/wiki/papers/D047-2024-wang-eth-inhomogeneous,核心方法,对角ETH矩阵元中心值与涨落随系统尺寸指数衰减诊断遍历性,raw-not-distributed/D047-2024-wang-eth-inhomogeneous/wiki.md#semantic,可追溯,,0
4541,academic/wiki/papers/D047-2024-wang-eth-inhomogeneous,核心方法,非对角ETH矩阵元高斯分布与光滑方差函数诊断遍历性,raw-not-distributed/D047-2024-wang-eth-inhomogeneous/wiki.md#semantic,可追溯,,0
4542,academic/wiki/papers/D047-2024-wang-eth-inhomogeneous,核心方法,纠缠熵弹性格性化扩展诊断遍历性,raw-not-distributed/D047-2024-wang-eth-inhomogeneous/wiki.md#semantic,可追溯,,0
4543,academic/wiki/papers/D047-2024-wang-eth-inhomogeneous,核心方法,存活概率快速衰减诊断遍历性,raw-not-distributed/D047-2024-wang-eth-inhomogeneous/wiki.md#semantic,可追溯,,0
4544,academic/wiki/papers/D047-2024-wang-eth-inhomogeneous,核心方法,纠缠熵对数增长诊断非遍历性,raw-not-distributed/D047-2024-wang-eth-inhomogeneous/wiki.md#semantic,可追溯,,0
4545,academic/wiki/papers/D047-2024-wang-eth-inhomogeneous,核心方法,存活概率长时间保持显著诊断非遍历性,raw-not-distributed/D047-2024-wang-eth-inhomogeneous/wiki.md#semantic,可追溯,,0
4546,academic/wiki/papers/D047-2024-wang-eth-inhomogeneous,核心创新点,在无序相互作用体系中观察到类似现象,raw-not-distributed/D047-2024-wang-eth-inhomogeneous/wiki.md#semantic,可追溯,,0
4547,academic/wiki/papers/D047-2024-wang-eth-inhomogeneous,核心方法,通过参数theta控制线性梯度,raw-not-distributed/D047-2024-wang-eth-inhomogeneous/wiki.md#semantic,可追溯,,0
4548,academic/wiki/papers/D047-2024-wang-eth-inhomogeneous,核心创新点,区分可积-量子混沌-强梯度非遍历三阶段,raw-not-distributed/D047-2024-wang-eth-inhomogeneous/wiki.md#semantic,可追溯,,0
4549,academic/wiki/papers/D047-2024-wang-eth-inhomogeneous,未来展望,Delta,raw-not-distributed/D047-2024-wang-eth-inhomogeneous/wiki.md#semantic,可追溯,,0
4550,academic/wiki/papers/D047-2024-wang-eth-inhomogeneous,未来展望,次近邻项约为近邻项一个数量级,raw-not-distributed/D047-2024-wang-eth-inhomogeneous/wiki.md#semantic,可追溯,,0
4551,academic/wiki/papers/D047-2024-wang-eth-inhomogeneous,未来展望,后续工作中考虑次近邻项影响,raw-not-distributed/D047-2024-wang-eth-inhomogeneous/wiki.md#semantic,可追溯,,0
4552,academic/wiki/papers/D047-2024-wang-eth-inhomogeneous,核心方法,中等梯度强度驱动混沌与遍历性,raw-not-distributed/D047-2024-wang-eth-inhomogeneous/wiki.md#semantic,可追溯,,0
4553,academic/wiki/papers/D047-2024-wang-eth-inhomogeneous,核心方法,强梯度强度抑制遍历性,raw-not-distributed/D047-2024-wang-eth-inhomogeneous/wiki.md#semantic,可追溯,,0
4554,academic/wiki/papers/D047-2024-wang-eth-inhomogeneous,核心创新点,通过线性梯度参数调控遍历性破缺,raw-not-distributed/D047-2024-wang-eth-inhomogeneous/wiki.md#semantic,可追溯,,0
4555,academic/wiki/papers/D047-2024-wang-eth-inhomogeneous,核心方法,位置依赖的z-z耦合Delta_i,raw-not-distributed/D047-2024-wang-eth-inhomogeneous/wiki.md#semantic,可追溯,,0
4556,academic/wiki/papers/D047-2024-wang-eth-inhomogeneous,核心方法,Delta-theta,raw-not-distributed/D047-2024-wang-eth-inhomogeneous/wiki.md#semantic,可追溯,,0
4557,academic/wiki/papers/D047-2024-wang-eth-inhomogeneous,核心创新点,干净系统中由空间非均匀性诱导ETH,raw-not-distributed/D047-2024-wang-eth-inhomogeneous/wiki.md#semantic,可追溯,,0
4558,academic/wiki/papers/D047-2024-wang-eth-inhomogeneous,核心创新点,干净系统中由强空间非均匀性破坏ETH,raw-not-distributed/D047-2024-wang-eth-inhomogeneous/wiki.md#semantic,可追溯,,0
4559,academic/wiki/papers/D047-2024-wang-eth-inhomogeneous,未来展望,后续工作中处理次近邻偶极相互作用,raw-not-distributed/D047-2024-wang-eth-inhomogeneous/wiki.md#semantic,可追溯,,0
4560,academic/wiki/papers/D047-2024-wang-eth-inhomogeneous,核心方法,线性梯度由参数theta控制,raw-not-distributed/D047-2024-wang-eth-inhomogeneous/wiki.md#semantic,可追溯,,0
4561,academic/wiki/papers/D047-2024-wang-eth-inhomogeneous,核心创新点,首次在干净一维XXZ链中通过线性梯度调控ETH,raw-not-distributed/D047-2024-wang-eth-inhomogeneous/wiki.md#semantic,可追溯,,0
4562,academic/wiki/papers/D047-2024-wang-eth-inhomogeneous,核心创新点,将Rydberg原子阵列作为实现平台,raw-not-distributed/D047-2024-wang-eth-inhomogeneous/wiki.md#semantic,可追溯,,0
4563,academic/wiki/papers/D047-2024-wang-eth-inhomogeneous,核心方法,将自旋自由度映射到原子的两个亚稳态,raw-not-distributed/D047-2024-wang-eth-inhomogeneous/wiki.md#semantic,可追溯,,0
4564,academic/wiki/papers/D047-2024-wang-eth-inhomogeneous,核心方法,偶极相互作用或波导介导光子交换实现跃迁,raw-not-distributed/D047-2024-wang-eth-inhomogeneous/wiki.md#semantic,可追溯,,0
4565,academic/wiki/papers/D047-2024-wang-eth-inhomogeneous,核心方法,sigma,raw-not-distributed/D047-2024-wang-eth-inhomogeneous/wiki.md#semantic,可追溯,,0
4566,academic/wiki/papers/D047-2024-wang-eth-inhomogeneous,核心方法,Delta,raw-not-distributed/D047-2024-wang-eth-inhomogeneous/wiki.md#semantic,可追溯,,0
4567,academic/wiki/papers/D047-2024-wang-eth-inhomogeneous,核心方法,通过精确对角化分析ETH矩阵元,raw-not-distributed/D047-2024-wang-eth-inhomogeneous/wiki.md#semantic,可追溯,,0
4568,academic/wiki/papers/D047-2024-wang-eth-inhomogeneous,核心方法,通过精确对角化分析能级统计,raw-not-distributed/D047-2024-wang-eth-inhomogeneous/wiki.md#semantic,可追溯,,0
4569,academic/wiki/papers/D047-2024-wang-eth-inhomogeneous,核心方法,通过精确对角化分析纠缠熵与存活概率,raw-not-distributed/D047-2024-wang-eth-inhomogeneous/wiki.md#semantic,可追溯,,0
4570,academic/wiki/papers/D047-2024-wang-eth-inhomogeneous,核心创新点,在干净自旋链中通过线性梯度诱导遍历性,raw-not-distributed/D047-2024-wang-eth-inhomogeneous/wiki.md#semantic,可追溯,,0
4571,academic/wiki/papers/D047-2024-wang-eth-inhomogeneous,核心创新点,在干净自旋链中通过强线性梯度破坏遍历性,raw-not-distributed/D047-2024-wang-eth-inhomogeneous/wiki.md#semantic,可追溯,,0
4572,academic/wiki/papers/D047-2024-wang-eth-inhomogeneous,对比方法,强无序MBL模型,raw-not-distributed/D047-2024-wang-eth-inhomogeneous/wiki.md#semantic,可追溯,,0
4573,academic/wiki/papers/D047-2024-wang-eth-inhomogeneous,对比方法,现象,raw-not-distributed/D047-2024-wang-eth-inhomogeneous/wiki.md#semantic,可追溯,,0
4574,academic/wiki/papers/D047-2024-wang-eth-inhomogeneous,核心创新点,指出与无序体系类似的现象,raw-not-distributed/D047-2024-wang-eth-inhomogeneous/wiki.md#semantic,可追溯,,0
4575,academic/wiki/papers/D047-2024-wang-eth-inhomogeneous,核心方法,偶极相互作用随主量子数以增强提供强自旋交换,raw-not-distributed/D047-2024-wang-eth-inhomogeneous/wiki.md#semantic,可追溯,,0
4576,academic/wiki/papers/D047-2024-wang-eth-inhomogeneous,核心方法,在约微米下提供足够强的自旋交换,raw-not-distributed/D047-2024-wang-eth-inhomogeneous/wiki.md#semantic,可追溯,,0
4577,academic/wiki/papers/D047-2024-wang-eth-inhomogeneous,核心方法,周期旋转自旋轴Floquet方式工程化XXZ相互作用,raw-not-distributed/D047-2024-wang-eth-inhomogeneous/wiki.md#semantic,可追溯,,0
4578,academic/wiki/papers/D047-2024-wang-eth-inhomogeneous,核心方法,位置依赖的z-z耦合Delta_i在链两端分别取值Delta-theta与Delta+theta,raw-not-distributed/D047-2024-wang-eth-inhomogeneous/wiki.md#semantic,可追溯,,0
4579,academic/wiki/papers/D047-2024-wang-eth-inhomogeneous,核心方法,自旋自由度映射到原子的两个亚稳态,raw-not-distributed/D047-2024-wang-eth-inhomogeneous/wiki.md#semantic,可追溯,,0
4580,academic/wiki/papers/D047-2024-wang-eth-inhomogeneous,核心方法,跃迁由偶极相互作用或波导介导的光子交换提供,raw-not-distributed/D047-2024-wang-eth-inhomogeneous/wiki.md#semantic,可追溯,,0
4581,academic/wiki/papers/D047-2024-wang-eth-inhomogeneous,核心方法,偶极相互作用随主量子数以增强,raw-not-distributed/D047-2024-wang-eth-inhomogeneous/wiki.md#semantic,可追溯,,0
4582,academic/wiki/papers/D047-2024-wang-eth-inhomogeneous,核心方法,偶极相互作用按衰减引入次近邻项,raw-not-distributed/D047-2024-wang-eth-inhomogeneous/wiki.md#semantic,可追溯,,0
4583,academic/wiki/papers/D047-2024-wang-eth-inhomogeneous,核心方法,次近邻项约为近邻项一个数量级,raw-not-distributed/D047-2024-wang-eth-inhomogeneous/wiki.md#semantic,可追溯,,0
4584,academic/wiki/papers/D047-2024-wang-eth-inhomogeneous,核心方法,工作区间,raw-not-distributed/D047-2024-wang-eth-inhomogeneous/wiki.md#semantic,可追溯,,0
4585,academic/wiki/papers/D047-2024-wang-eth-inhomogeneous,核心方法,通过精确对角化分析ETH矩阵元统计性质,raw-not-distributed/D047-2024-wang-eth-inhomogeneous/wiki.md#semantic,可追溯,,0
4586,academic/wiki/papers/D047-2024-wang-eth-inhomogeneous,核心方法,追踪纠缠熵与存活概率的演化,raw-not-distributed/D047-2024-wang-eth-inhomogeneous/wiki.md#semantic,可追溯,,0
4587,academic/wiki/papers/D047-2024-wang-eth-inhomogeneous,核心方法,对角ETH矩阵元中心值与涨落随系统尺寸呈指数衰减,raw-not-distributed/D047-2024-wang-eth-inhomogeneous/wiki.md#semantic,可追溯,,0
4588,academic/wiki/papers/D047-2024-wang-eth-inhomogeneous,核心方法,非对角ETH矩阵元呈高斯分布,raw-not-distributed/D047-2024-wang-eth-inhomogeneous/wiki.md#semantic,可追溯,,0
4589,academic/wiki/papers/D047-2024-wang-eth-inhomogeneous,核心方法,"非对角ETH矩阵元方差为频率omega的光滑函数|f_O(E_bar,omega)|^2",raw-not-distributed/D047-2024-wang-eth-inhomogeneous/wiki.md#semantic,可追溯,,0
4590,academic/wiki/papers/D047-2024-wang-eth-inhomogeneous,核心方法,纠缠熵弹性格性化扩展与存活概率快速衰减指示遍历性,raw-not-distributed/D047-2024-wang-eth-inhomogeneous/wiki.md#semantic,可追溯,,0
4591,academic/wiki/papers/D047-2024-wang-eth-inhomogeneous,核心方法,纠缠熵对数增长与存活概率长时间保持显著指示非遍历性,raw-not-distributed/D047-2024-wang-eth-inhomogeneous/wiki.md#semantic,可追溯,,0
4592,academic/wiki/papers/D047-2024-wang-eth-inhomogeneous,核心方法,强梯度非遍历区非对角ETH矩阵元方差不再随能量光滑变化,raw-not-distributed/D047-2024-wang-eth-inhomogeneous/wiki.md#semantic,可追溯,,0
4593,academic/wiki/papers/D047-2024-wang-eth-inhomogeneous,核心方法,XXZ,raw-not-distributed/D047-2024-wang-eth-inhomogeneous/wiki.md#semantic,可追溯,,0
4594,academic/wiki/papers/D047-2024-wang-eth-inhomogeneous,核心创新点,干净系统中由空间非均匀性诱导量子混沌与ETH,raw-not-distributed/D047-2024-wang-eth-inhomogeneous/wiki.md#semantic,可追溯,,0
4595,academic/wiki/papers/D047-2024-wang-eth-inhomogeneous,核心创新点,干净系统中由强空间非均匀性重新抑制热化恢复非遍历行为,raw-not-distributed/D047-2024-wang-eth-inhomogeneous/wiki.md#semantic,可追溯,,0
4596,academic/wiki/papers/D047-2024-wang-eth-inhomogeneous,核心创新点,首次提出Rydberg原子阵列实现方案,raw-not-distributed/D047-2024-wang-eth-inhomogeneous/wiki.md#semantic,可追溯,,0
4597,academic/wiki/papers/D047-2024-wang-eth-inhomogeneous,对比方法,均匀可积XXZ链,raw-not-distributed/D047-2024-wang-eth-inhomogeneous/wiki.md#semantic,可追溯,,0
4598,academic/wiki/papers/D047-2024-wang-eth-inhomogeneous,局限性,偶极相互作用按衰减引入次近邻项的影响未处理,raw-not-distributed/D047-2024-wang-eth-inhomogeneous/wiki.md#semantic,可追溯,,0
4599,academic/wiki/papers/D047-2024-wang-eth-inhomogeneous,局限性,研究聚焦于一维干净自旋链,raw-not-distributed/D047-2024-wang-eth-inhomogeneous/wiki.md#semantic,可追溯,,0
4600,academic/wiki/papers/D047-2024-wang-eth-inhomogeneous,核心方法,精确对角化分析ETH矩阵元统计性质,raw-not-distributed/D047-2024-wang-eth-inhomogeneous/wiki.md#semantic,可追溯,,0
4601,academic/wiki/papers/D047-2024-wang-eth-inhomogeneous,核心方法,精确对角化分析能级统计,raw-not-distributed/D047-2024-wang-eth-inhomogeneous/wiki.md#semantic,可追溯,,0
4602,academic/wiki/papers/D047-2024-wang-eth-inhomogeneous,核心方法,精确对角化分析纠缠熵与存活概率,raw-not-distributed/D047-2024-wang-eth-inhomogeneous/wiki.md#semantic,可追溯,,0
4603,academic/wiki/papers/D047-2024-wang-eth-inhomogeneous,核心方法,对角ETH矩阵元中心值与涨落随系统尺寸呈指数衰减诊断遍历性,raw-not-distributed/D047-2024-wang-eth-inhomogeneous/wiki.md#semantic,可追溯,,0
4604,academic/wiki/papers/D047-2024-wang-eth-inhomogeneous,核心方法,非对角ETH矩阵元呈高斯分布与光滑方差函数诊断遍历性,raw-not-distributed/D047-2024-wang-eth-inhomogeneous/wiki.md#semantic,可追溯,,0
4605,academic/wiki/papers/D047-2024-wang-eth-inhomogeneous,核心方法,非对角ETH矩阵元方差不再随能量光滑变化诊断非遍历性,raw-not-distributed/D047-2024-wang-eth-inhomogeneous/wiki.md#semantic,可追溯,,0
4606,academic/wiki/papers/D047-2024-wang-eth-inhomogeneous,核心创新点,通过线性梯度参数theta调控遍历性,raw-not-distributed/D047-2024-wang-eth-inhomogeneous/wiki.md#semantic,可追溯,,0
4607,academic/wiki/papers/D047-2024-wang-eth-inhomogeneous,核心创新点,在干净一维XXZ链中通过线性梯度诱导ETH与遍历性,raw-not-distributed/D047-2024-wang-eth-inhomogeneous/wiki.md#semantic,可追溯,,0
4608,academic/wiki/papers/D047-2024-wang-eth-inhomogeneous,核心创新点,在干净一维XXZ链中通过强线性梯度破坏ETH与遍历性,raw-not-distributed/D047-2024-wang-eth-inhomogeneous/wiki.md#semantic,可追溯,,0
4609,academic/wiki/papers/D047-2024-wang-eth-inhomogeneous,核心创新点,提出Rydberg原子阵列实现方案,raw-not-distributed/D047-2024-wang-eth-inhomogeneous/wiki.md#semantic,可追溯,,0
4610,academic/wiki/papers/D047-2024-wang-eth-inhomogeneous,核心创新点,指出与无序体系类似现象,raw-not-distributed/D047-2024-wang-eth-inhomogeneous/wiki.md#semantic,可追溯,,0
4611,academic/wiki/papers/D047-2024-wang-eth-inhomogeneous,核心方法,精确对角化分析ETH矩阵元,raw-not-distributed/D047-2024-wang-eth-inhomogeneous/wiki.md#semantic,可追溯,,0
4612,academic/wiki/papers/D047-2024-wang-eth-inhomogeneous,核心创新点,沿链线性变化的zz相互作用驱动量子混沌与遍历性,raw-not-distributed/D047-2024-wang-eth-inhomogeneous/wiki.md#semantic,可追溯,,0
4613,Floquet,包含,Floquet工程化,raw-not-distributed/D047-2024-wang-eth-inhomogeneous/paper.md,推断,,0
4614,将自旋自由度映射到原子的两个亚稳态,包含,自旋自由度映射到原子的两个亚稳态,raw-not-distributed/D047-2024-wang-eth-inhomogeneous/paper.md,推断,,0
4615,Delta,包含,工作区间,raw-not-distributed/D047-2024-wang-eth-inhomogeneous/paper.md,推断,,0
4616,通过精确对角化分析ETH矩阵元,包含,精确对角化分析ETH矩阵元,raw-not-distributed/D047-2024-wang-eth-inhomogeneous/paper.md,推断,,0
4617,通过精确对角化分析ETH矩阵元,包含,精确对角化,raw-not-distributed/D047-2024-wang-eth-inhomogeneous/paper.md,推断,,0
4618,通过精确对角化分析能级统计,包含,精确对角化分析能级统计,raw-not-distributed/D047-2024-wang-eth-inhomogeneous/paper.md,推断,,0
4619,通过精确对角化分析能级统计,包含,精确对角化,raw-not-distributed/D047-2024-wang-eth-inhomogeneous/paper.md,推断,,0
4620,通过精确对角化分析纠缠熵与存活概率,包含,精确对角化分析纠缠熵与存活概率,raw-not-distributed/D047-2024-wang-eth-inhomogeneous/paper.md,推断,,0
4621,通过精确对角化分析纠缠熵与存活概率,包含,精确对角化,raw-not-distributed/D047-2024-wang-eth-inhomogeneous/paper.md,推断,,0
4622,偶极相互作用随主量子数以增强提供强自旋交换,包含,偶极相互作用随主量子数以增强,raw-not-distributed/D047-2024-wang-eth-inhomogeneous/paper.md,推断,,0
4623,位置依赖的z-z耦合Delta_i在链两端分别取值Delta-theta与Delta+theta,包含,位置依赖的z-z耦合Delta_i,raw-not-distributed/D047-2024-wang-eth-inhomogeneous/paper.md,推断,,0
4624,通过精确对角化分析ETH矩阵元统计性质,包含,通过精确对角化分析ETH矩阵元,raw-not-distributed/D047-2024-wang-eth-inhomogeneous/paper.md,推断,,0
4625,通过精确对角化分析ETH矩阵元统计性质,包含,精确对角化分析ETH矩阵元统计性质,raw-not-distributed/D047-2024-wang-eth-inhomogeneous/paper.md,推断,,0
4626,通过精确对角化分析ETH矩阵元统计性质,包含,精确对角化分析ETH矩阵元,raw-not-distributed/D047-2024-wang-eth-inhomogeneous/paper.md,推断,,0
4627,通过精确对角化分析ETH矩阵元统计性质,包含,精确对角化,raw-not-distributed/D047-2024-wang-eth-inhomogeneous/paper.md,推断,,0
4628,XXZ,包含,可积XXZ链,raw-not-distributed/D047-2024-wang-eth-inhomogeneous/paper.md,推断,,0
4629,XXZ,包含,均匀可积XXZ链,raw-not-distributed/D047-2024-wang-eth-inhomogeneous/paper.md,推断,,0
4630,均匀可积XXZ链,包含,可积XXZ链,raw-not-distributed/D047-2024-wang-eth-inhomogeneous/paper.md,推断,,0
4631,精确对角化分析ETH矩阵元统计性质,包含,精确对角化分析ETH矩阵元,raw-not-distributed/D047-2024-wang-eth-inhomogeneous/paper.md,推断,,0
4632,精确对角化分析ETH矩阵元统计性质,包含,精确对角化,raw-not-distributed/D047-2024-wang-eth-inhomogeneous/paper.md,推断,,0
4633,精确对角化分析能级统计,包含,精确对角化,raw-not-distributed/D047-2024-wang-eth-inhomogeneous/paper.md,推断,,0
4634,精确对角化分析纠缠熵与存活概率,包含,精确对角化,raw-not-distributed/D047-2024-wang-eth-inhomogeneous/paper.md,推断,,0
4635,对角ETH矩阵元中心值与涨落随系统尺寸呈指数衰减诊断遍历性,包含,对角ETH矩阵元中心值与涨落随系统尺寸呈指数衰减,raw-not-distributed/D047-2024-wang-eth-inhomogeneous/paper.md,推断,,0
4636,非对角ETH矩阵元呈高斯分布与光滑方差函数诊断遍历性,包含,非对角ETH矩阵元呈高斯分布,raw-not-distributed/D047-2024-wang-eth-inhomogeneous/paper.md,推断,,0
4637,精确对角化分析ETH矩阵元,包含,精确对角化,raw-not-distributed/D047-2024-wang-eth-inhomogeneous/paper.md,推断,,0
4638,沿链线性变化的zz相互作用诱导量子混沌与遍历性,包含,相互作用,raw-not-distributed/D047-2024-wang-eth-inhomogeneous/paper.md,推断,,0
4639,在Rydberg原子阵列中实现线性梯度XXZ模型,包含,均匀可积XXZ链,raw-not-distributed/D047-2024-wang-eth-inhomogeneous/paper.md,推断,,0
4640,在Rydberg原子阵列中实现线性梯度XXZ模型,包含,均匀XXZ链,raw-not-distributed/D047-2024-wang-eth-inhomogeneous/paper.md,推断,,0
4641,在Rydberg原子阵列中实现线性梯度XXZ模型,包含,可积XXZ链,raw-not-distributed/D047-2024-wang-eth-inhomogeneous/paper.md,推断,,0
4642,在Rydberg原子阵列中实现线性梯度XXZ模型,包含,模型,raw-not-distributed/D047-2024-wang-eth-inhomogeneous/paper.md,推断,,0
4643,在Rydberg原子阵列中实现线性梯度XXZ模型,包含,XXZ,raw-not-distributed/D047-2024-wang-eth-inhomogeneous/paper.md,推断,,0
4644,在Rydberg原子阵列中实现线性梯度XXZ模型,包含,自旋链,raw-not-distributed/D047-2024-wang-eth-inhomogeneous/paper.md,推断,,0
4645,后续工作中考虑偶极相互作用引入的次近邻项影响,包含,相互作用,raw-not-distributed/D047-2024-wang-eth-inhomogeneous/paper.md,推断,,0
4646,后续工作中考虑偶极相互作用引入的次近邻项影响,包含,近邻,raw-not-distributed/D047-2024-wang-eth-inhomogeneous/paper.md,推断,,0
4647,推广到无序相互作用体系,包含,相互作用,raw-not-distributed/D047-2024-wang-eth-inhomogeneous/paper.md,推断,,0
4648,偶极相互作用按衰减引入次近邻项的影响未在本文处理,包含,偶极相互作用按衰减引入次近邻项,raw-not-distributed/D047-2024-wang-eth-inhomogeneous/paper.md,推断,,0
4649,偶极相互作用按衰减引入次近邻项的影响未在本文处理,包含,相互作用,raw-not-distributed/D047-2024-wang-eth-inhomogeneous/paper.md,推断,,0
4650,偶极相互作用按衰减引入次近邻项的影响未在本文处理,包含,近邻,raw-not-distributed/D047-2024-wang-eth-inhomogeneous/paper.md,推断,,0
4651,研究聚焦于一维自旋链干净系统,包含,自旋链,raw-not-distributed/D047-2024-wang-eth-inhomogeneous/paper.md,推断,,0
4652,非对角ETH矩阵元方差在非遍历区偏离光滑函数行为,包含,对角ETH矩阵元中心值与涨落随系统尺寸呈指数衰减,raw-not-distributed/D047-2024-wang-eth-inhomogeneous/paper.md,推断,,0
4653,非对角ETH矩阵元方差在非遍历区偏离光滑函数行为,包含,对角ETH矩阵元中心值与涨落随系统尺寸呈指数衰减诊断遍历性,raw-not-distributed/D047-2024-wang-eth-inhomogeneous/paper.md,推断,,0
4654,非对角ETH矩阵元方差在非遍历区偏离光滑函数行为,包含,精确对角化分析ETH矩阵元,raw-not-distributed/D047-2024-wang-eth-inhomogeneous/paper.md,推断,,0
4655,非对角ETH矩阵元方差在非遍历区偏离光滑函数行为,包含,非对角ETH矩阵元呈高斯分布与光滑方差函数诊断遍历性,raw-not-distributed/D047-2024-wang-eth-inhomogeneous/paper.md,推断,,0
4656,非对角ETH矩阵元方差在非遍历区偏离光滑函数行为,包含,ETH,raw-not-distributed/D047-2024-wang-eth-inhomogeneous/paper.md,推断,,0
4657,非对角ETH矩阵元方差在非遍历区偏离光滑函数行为,包含,强梯度非遍历区非对角ETH矩阵元方差不再随能量光滑变化,raw-not-distributed/D047-2024-wang-eth-inhomogeneous/paper.md,推断,,0
4658,非对角ETH矩阵元方差在非遍历区偏离光滑函数行为,包含,通过精确对角化分析ETH矩阵元统计性质,raw-not-distributed/D047-2024-wang-eth-inhomogeneous/paper.md,推断,,0
4659,非对角ETH矩阵元方差在非遍历区偏离光滑函数行为,包含,非对角ETH矩阵元高斯分布与光滑方差函数诊断遍历性,raw-not-distributed/D047-2024-wang-eth-inhomogeneous/paper.md,推断,,0
4660,非对角ETH矩阵元方差在非遍历区偏离光滑函数行为,包含,精确对角化分析ETH矩阵元统计性质,raw-not-distributed/D047-2024-wang-eth-inhomogeneous/paper.md,推断,,0
4661,非对角ETH矩阵元方差在非遍历区偏离光滑函数行为,包含,非对角ETH矩阵元呈高斯分布,raw-not-distributed/D047-2024-wang-eth-inhomogeneous/paper.md,推断,,0
4662,非对角ETH矩阵元方差在非遍历区偏离光滑函数行为,包含,对角ETH矩阵元中心值与涨落随系统尺寸指数衰减诊断遍历性,raw-not-distributed/D047-2024-wang-eth-inhomogeneous/paper.md,推断,,0
4663,非对角ETH矩阵元方差在非遍历区偏离光滑函数行为,包含,非对角ETH矩阵元方差不再随能量光滑变化诊断非遍历性,raw-not-distributed/D047-2024-wang-eth-inhomogeneous/paper.md,推断,,0
4664,非对角ETH矩阵元方差在非遍历区偏离光滑函数行为,包含,通过精确对角化分析ETH矩阵元,raw-not-distributed/D047-2024-wang-eth-inhomogeneous/paper.md,推断,,0
4665,非遍历区纠缠熵呈对数增长并存留显著存活概率,包含,纠缠熵,raw-not-distributed/D047-2024-wang-eth-inhomogeneous/paper.md,推断,,0
4666,偶极相互作用在约微米下提供足够强的自旋交换,包含,相互作用,raw-not-distributed/D047-2024-wang-eth-inhomogeneous/paper.md,推断,,0
4667,偶极相互作用在约微米下提供足够强的自旋交换,包含,在约微米下提供足够强的自旋交换,raw-not-distributed/D047-2024-wang-eth-inhomogeneous/paper.md,推断,,0
4668,单原子寻址调控sigma_i^z sigma_{i+1}^z 项上的线性梯度,包含,sigma,raw-not-distributed/D047-2024-wang-eth-inhomogeneous/paper.md,推断,,0
4669,在无序相互作用体系中观察到类似现象,包含,相互作用,raw-not-distributed/D047-2024-wang-eth-inhomogeneous/paper.md,推断,,0
4670,在无序相互作用体系中观察到类似现象,包含,现象,raw-not-distributed/D047-2024-wang-eth-inhomogeneous/paper.md,推断,,0
4671,Delta,包含,通过参数theta控制线性梯度,raw-not-distributed/D047-2024-wang-eth-inhomogeneous/paper.md,推断,,0
4672,Delta,包含,位置依赖的z-z耦合Delta_i,raw-not-distributed/D047-2024-wang-eth-inhomogeneous/paper.md,推断,,0
4673,Delta,包含,线性梯度由参数theta控制,raw-not-distributed/D047-2024-wang-eth-inhomogeneous/paper.md,推断,,0
4674,Delta,包含,位置依赖的z-z耦合Delta_i在链两端分别取值Delta-theta与Delta+theta,raw-not-distributed/D047-2024-wang-eth-inhomogeneous/paper.md,推断,,0
4675,次近邻项约为近邻项一个数量级,包含,近邻,raw-not-distributed/D047-2024-wang-eth-inhomogeneous/paper.md,推断,,0
4676,后续工作中考虑次近邻项影响,包含,近邻,raw-not-distributed/D047-2024-wang-eth-inhomogeneous/paper.md,推断,,0
4677,干净系统中由空间非均匀性诱导ETH,包含,对角ETH矩阵元中心值与涨落随系统尺寸呈指数衰减,raw-not-distributed/D047-2024-wang-eth-inhomogeneous/paper.md,推断,,0
4678,干净系统中由空间非均匀性诱导ETH,包含,对角ETH矩阵元中心值与涨落随系统尺寸呈指数衰减诊断遍历性,raw-not-distributed/D047-2024-wang-eth-inhomogeneous/paper.md,推断,,0
4679,干净系统中由空间非均匀性诱导ETH,包含,精确对角化分析ETH矩阵元,raw-not-distributed/D047-2024-wang-eth-inhomogeneous/paper.md,推断,,0
4680,干净系统中由空间非均匀性诱导ETH,包含,非对角ETH矩阵元呈高斯分布与光滑方差函数诊断遍历性,raw-not-distributed/D047-2024-wang-eth-inhomogeneous/paper.md,推断,,0
4681,干净系统中由空间非均匀性诱导ETH,包含,ETH,raw-not-distributed/D047-2024-wang-eth-inhomogeneous/paper.md,推断,,0
4682,干净系统中由空间非均匀性诱导ETH,包含,强梯度非遍历区非对角ETH矩阵元方差不再随能量光滑变化,raw-not-distributed/D047-2024-wang-eth-inhomogeneous/paper.md,推断,,0
4683,干净系统中由空间非均匀性诱导ETH,包含,通过精确对角化分析ETH矩阵元统计性质,raw-not-distributed/D047-2024-wang-eth-inhomogeneous/paper.md,推断,,0
4684,干净系统中由空间非均匀性诱导ETH,包含,非对角ETH矩阵元高斯分布与光滑方差函数诊断遍历性,raw-not-distributed/D047-2024-wang-eth-inhomogeneous/paper.md,推断,,0
4685,干净系统中由空间非均匀性诱导ETH,包含,精确对角化分析ETH矩阵元统计性质,raw-not-distributed/D047-2024-wang-eth-inhomogeneous/paper.md,推断,,0
4686,干净系统中由空间非均匀性诱导ETH,包含,非对角ETH矩阵元呈高斯分布,raw-not-distributed/D047-2024-wang-eth-inhomogeneous/paper.md,推断,,0
4687,干净系统中由空间非均匀性诱导ETH,包含,对角ETH矩阵元中心值与涨落随系统尺寸指数衰减诊断遍历性,raw-not-distributed/D047-2024-wang-eth-inhomogeneous/paper.md,推断,,0
4688,干净系统中由空间非均匀性诱导ETH,包含,非对角ETH矩阵元方差不再随能量光滑变化诊断非遍历性,raw-not-distributed/D047-2024-wang-eth-inhomogeneous/paper.md,推断,,0
4689,干净系统中由空间非均匀性诱导ETH,包含,通过精确对角化分析ETH矩阵元,raw-not-distributed/D047-2024-wang-eth-inhomogeneous/paper.md,推断,,0
4690,干净系统中由强空间非均匀性破坏ETH,包含,对角ETH矩阵元中心值与涨落随系统尺寸呈指数衰减,raw-not-distributed/D047-2024-wang-eth-inhomogeneous/paper.md,推断,,0
4691,干净系统中由强空间非均匀性破坏ETH,包含,对角ETH矩阵元中心值与涨落随系统尺寸呈指数衰减诊断遍历性,raw-not-distributed/D047-2024-wang-eth-inhomogeneous/paper.md,推断,,0
4692,干净系统中由强空间非均匀性破坏ETH,包含,精确对角化分析ETH矩阵元,raw-not-distributed/D047-2024-wang-eth-inhomogeneous/paper.md,推断,,0
4693,干净系统中由强空间非均匀性破坏ETH,包含,非对角ETH矩阵元呈高斯分布与光滑方差函数诊断遍历性,raw-not-distributed/D047-2024-wang-eth-inhomogeneous/paper.md,推断,,0
4694,干净系统中由强空间非均匀性破坏ETH,包含,ETH,raw-not-distributed/D047-2024-wang-eth-inhomogeneous/paper.md,推断,,0
4695,干净系统中由强空间非均匀性破坏ETH,包含,强梯度非遍历区非对角ETH矩阵元方差不再随能量光滑变化,raw-not-distributed/D047-2024-wang-eth-inhomogeneous/paper.md,推断,,0
4696,干净系统中由强空间非均匀性破坏ETH,包含,通过精确对角化分析ETH矩阵元统计性质,raw-not-distributed/D047-2024-wang-eth-inhomogeneous/paper.md,推断,,0
4697,干净系统中由强空间非均匀性破坏ETH,包含,非对角ETH矩阵元高斯分布与光滑方差函数诊断遍历性,raw-not-distributed/D047-2024-wang-eth-inhomogeneous/paper.md,推断,,0
4698,干净系统中由强空间非均匀性破坏ETH,包含,精确对角化分析ETH矩阵元统计性质,raw-not-distributed/D047-2024-wang-eth-inhomogeneous/paper.md,推断,,0
4699,干净系统中由强空间非均匀性破坏ETH,包含,非对角ETH矩阵元呈高斯分布,raw-not-distributed/D047-2024-wang-eth-inhomogeneous/paper.md,推断,,0
4700,干净系统中由强空间非均匀性破坏ETH,包含,对角ETH矩阵元中心值与涨落随系统尺寸指数衰减诊断遍历性,raw-not-distributed/D047-2024-wang-eth-inhomogeneous/paper.md,推断,,0
4701,干净系统中由强空间非均匀性破坏ETH,包含,非对角ETH矩阵元方差不再随能量光滑变化诊断非遍历性,raw-not-distributed/D047-2024-wang-eth-inhomogeneous/paper.md,推断,,0
4702,干净系统中由强空间非均匀性破坏ETH,包含,通过精确对角化分析ETH矩阵元,raw-not-distributed/D047-2024-wang-eth-inhomogeneous/paper.md,推断,,0
4703,后续工作中处理次近邻偶极相互作用,包含,相互作用,raw-not-distributed/D047-2024-wang-eth-inhomogeneous/paper.md,推断,,0
4704,后续工作中处理次近邻偶极相互作用,包含,近邻,raw-not-distributed/D047-2024-wang-eth-inhomogeneous/paper.md,推断,,0
4705,首次在干净一维XXZ链中通过线性梯度调控ETH,包含,对角ETH矩阵元中心值与涨落随系统尺寸呈指数衰减,raw-not-distributed/D047-2024-wang-eth-inhomogeneous/paper.md,推断,,0
4706,首次在干净一维XXZ链中通过线性梯度调控ETH,包含,对角ETH矩阵元中心值与涨落随系统尺寸呈指数衰减诊断遍历性,raw-not-distributed/D047-2024-wang-eth-inhomogeneous/paper.md,推断,,0
4707,首次在干净一维XXZ链中通过线性梯度调控ETH,包含,精确对角化分析ETH矩阵元,raw-not-distributed/D047-2024-wang-eth-inhomogeneous/paper.md,推断,,0
4708,首次在干净一维XXZ链中通过线性梯度调控ETH,包含,非对角ETH矩阵元呈高斯分布与光滑方差函数诊断遍历性,raw-not-distributed/D047-2024-wang-eth-inhomogeneous/paper.md,推断,,0
4709,首次在干净一维XXZ链中通过线性梯度调控ETH,包含,ETH,raw-not-distributed/D047-2024-wang-eth-inhomogeneous/paper.md,推断,,0
4710,首次在干净一维XXZ链中通过线性梯度调控ETH,包含,强梯度非遍历区非对角ETH矩阵元方差不再随能量光滑变化,raw-not-distributed/D047-2024-wang-eth-inhomogeneous/paper.md,推断,,0
4711,首次在干净一维XXZ链中通过线性梯度调控ETH,包含,均匀可积XXZ链,raw-not-distributed/D047-2024-wang-eth-inhomogeneous/paper.md,推断,,0
4712,首次在干净一维XXZ链中通过线性梯度调控ETH,包含,均匀XXZ链,raw-not-distributed/D047-2024-wang-eth-inhomogeneous/paper.md,推断,,0
4713,首次在干净一维XXZ链中通过线性梯度调控ETH,包含,可积XXZ链,raw-not-distributed/D047-2024-wang-eth-inhomogeneous/paper.md,推断,,0
4714,首次在干净一维XXZ链中通过线性梯度调控ETH,包含,通过精确对角化分析ETH矩阵元统计性质,raw-not-distributed/D047-2024-wang-eth-inhomogeneous/paper.md,推断,,0
4715,首次在干净一维XXZ链中通过线性梯度调控ETH,包含,非对角ETH矩阵元高斯分布与光滑方差函数诊断遍历性,raw-not-distributed/D047-2024-wang-eth-inhomogeneous/paper.md,推断,,0
4716,首次在干净一维XXZ链中通过线性梯度调控ETH,包含,精确对角化分析ETH矩阵元统计性质,raw-not-distributed/D047-2024-wang-eth-inhomogeneous/paper.md,推断,,0
4717,首次在干净一维XXZ链中通过线性梯度调控ETH,包含,非对角ETH矩阵元呈高斯分布,raw-not-distributed/D047-2024-wang-eth-inhomogeneous/paper.md,推断,,0
4718,首次在干净一维XXZ链中通过线性梯度调控ETH,包含,对角ETH矩阵元中心值与涨落随系统尺寸指数衰减诊断遍历性,raw-not-distributed/D047-2024-wang-eth-inhomogeneous/paper.md,推断,,0
4719,首次在干净一维XXZ链中通过线性梯度调控ETH,包含,非对角ETH矩阵元方差不再随能量光滑变化诊断非遍历性,raw-not-distributed/D047-2024-wang-eth-inhomogeneous/paper.md,推断,,0
4720,首次在干净一维XXZ链中通过线性梯度调控ETH,包含,通过精确对角化分析ETH矩阵元,raw-not-distributed/D047-2024-wang-eth-inhomogeneous/paper.md,推断,,0
4721,首次在干净一维XXZ链中通过线性梯度调控ETH,包含,XXZ,raw-not-distributed/D047-2024-wang-eth-inhomogeneous/paper.md,推断,,0
4722,首次在干净一维XXZ链中通过线性梯度调控ETH,包含,自旋链,raw-not-distributed/D047-2024-wang-eth-inhomogeneous/paper.md,推断,,0
4723,在干净自旋链中通过线性梯度诱导遍历性,包含,自旋链,raw-not-distributed/D047-2024-wang-eth-inhomogeneous/paper.md,推断,,0
4724,在干净自旋链中通过强线性梯度破坏遍历性,包含,自旋链,raw-not-distributed/D047-2024-wang-eth-inhomogeneous/paper.md,推断,,0
4725,指出与无序体系类似的现象,包含,现象,raw-not-distributed/D047-2024-wang-eth-inhomogeneous/paper.md,推断,,0
4726,干净系统中由空间非均匀性诱导量子混沌与ETH,包含,对角ETH矩阵元中心值与涨落随系统尺寸呈指数衰减,raw-not-distributed/D047-2024-wang-eth-inhomogeneous/paper.md,推断,,0
4727,干净系统中由空间非均匀性诱导量子混沌与ETH,包含,对角ETH矩阵元中心值与涨落随系统尺寸呈指数衰减诊断遍历性,raw-not-distributed/D047-2024-wang-eth-inhomogeneous/paper.md,推断,,0
4728,干净系统中由空间非均匀性诱导量子混沌与ETH,包含,精确对角化分析ETH矩阵元,raw-not-distributed/D047-2024-wang-eth-inhomogeneous/paper.md,推断,,0
4729,干净系统中由空间非均匀性诱导量子混沌与ETH,包含,非对角ETH矩阵元呈高斯分布与光滑方差函数诊断遍历性,raw-not-distributed/D047-2024-wang-eth-inhomogeneous/paper.md,推断,,0
4730,干净系统中由空间非均匀性诱导量子混沌与ETH,包含,ETH,raw-not-distributed/D047-2024-wang-eth-inhomogeneous/paper.md,推断,,0
4731,干净系统中由空间非均匀性诱导量子混沌与ETH,包含,强梯度非遍历区非对角ETH矩阵元方差不再随能量光滑变化,raw-not-distributed/D047-2024-wang-eth-inhomogeneous/paper.md,推断,,0
4732,干净系统中由空间非均匀性诱导量子混沌与ETH,包含,通过精确对角化分析ETH矩阵元统计性质,raw-not-distributed/D047-2024-wang-eth-inhomogeneous/paper.md,推断,,0
4733,干净系统中由空间非均匀性诱导量子混沌与ETH,包含,非对角ETH矩阵元高斯分布与光滑方差函数诊断遍历性,raw-not-distributed/D047-2024-wang-eth-inhomogeneous/paper.md,推断,,0
4734,干净系统中由空间非均匀性诱导量子混沌与ETH,包含,精确对角化分析ETH矩阵元统计性质,raw-not-distributed/D047-2024-wang-eth-inhomogeneous/paper.md,推断,,0
4735,干净系统中由空间非均匀性诱导量子混沌与ETH,包含,非对角ETH矩阵元呈高斯分布,raw-not-distributed/D047-2024-wang-eth-inhomogeneous/paper.md,推断,,0
4736,干净系统中由空间非均匀性诱导量子混沌与ETH,包含,对角ETH矩阵元中心值与涨落随系统尺寸指数衰减诊断遍历性,raw-not-distributed/D047-2024-wang-eth-inhomogeneous/paper.md,推断,,0
4737,干净系统中由空间非均匀性诱导量子混沌与ETH,包含,非对角ETH矩阵元方差不再随能量光滑变化诊断非遍历性,raw-not-distributed/D047-2024-wang-eth-inhomogeneous/paper.md,推断,,0
4738,干净系统中由空间非均匀性诱导量子混沌与ETH,包含,通过精确对角化分析ETH矩阵元,raw-not-distributed/D047-2024-wang-eth-inhomogeneous/paper.md,推断,,0
4739,偶极相互作用按衰减引入次近邻项的影响未处理,包含,偶极相互作用按衰减引入次近邻项,raw-not-distributed/D047-2024-wang-eth-inhomogeneous/paper.md,推断,,0
4740,偶极相互作用按衰减引入次近邻项的影响未处理,包含,相互作用,raw-not-distributed/D047-2024-wang-eth-inhomogeneous/paper.md,推断,,0
4741,偶极相互作用按衰减引入次近邻项的影响未处理,包含,近邻,raw-not-distributed/D047-2024-wang-eth-inhomogeneous/paper.md,推断,,0
4742,研究聚焦于一维干净自旋链,包含,自旋链,raw-not-distributed/D047-2024-wang-eth-inhomogeneous/paper.md,推断,,0
4743,通过线性梯度参数theta调控遍历性,包含,通过参数theta控制线性梯度,raw-not-distributed/D047-2024-wang-eth-inhomogeneous/paper.md,推断,,0
4744,通过线性梯度参数theta调控遍历性,包含,线性梯度由参数theta控制,raw-not-distributed/D047-2024-wang-eth-inhomogeneous/paper.md,推断,,0
4745,在干净一维XXZ链中通过线性梯度诱导ETH与遍历性,包含,对角ETH矩阵元中心值与涨落随系统尺寸呈指数衰减,raw-not-distributed/D047-2024-wang-eth-inhomogeneous/paper.md,推断,,0
4746,在干净一维XXZ链中通过线性梯度诱导ETH与遍历性,包含,对角ETH矩阵元中心值与涨落随系统尺寸呈指数衰减诊断遍历性,raw-not-distributed/D047-2024-wang-eth-inhomogeneous/paper.md,推断,,0
4747,在干净一维XXZ链中通过线性梯度诱导ETH与遍历性,包含,精确对角化分析ETH矩阵元,raw-not-distributed/D047-2024-wang-eth-inhomogeneous/paper.md,推断,,0
4748,在干净一维XXZ链中通过线性梯度诱导ETH与遍历性,包含,非对角ETH矩阵元呈高斯分布与光滑方差函数诊断遍历性,raw-not-distributed/D047-2024-wang-eth-inhomogeneous/paper.md,推断,,0
4749,在干净一维XXZ链中通过线性梯度诱导ETH与遍历性,包含,ETH,raw-not-distributed/D047-2024-wang-eth-inhomogeneous/paper.md,推断,,0
4750,在干净一维XXZ链中通过线性梯度诱导ETH与遍历性,包含,强梯度非遍历区非对角ETH矩阵元方差不再随能量光滑变化,raw-not-distributed/D047-2024-wang-eth-inhomogeneous/paper.md,推断,,0
4751,在干净一维XXZ链中通过线性梯度诱导ETH与遍历性,包含,均匀可积XXZ链,raw-not-distributed/D047-2024-wang-eth-inhomogeneous/paper.md,推断,,0
4752,在干净一维XXZ链中通过线性梯度诱导ETH与遍历性,包含,均匀XXZ链,raw-not-distributed/D047-2024-wang-eth-inhomogeneous/paper.md,推断,,0
4753,在干净一维XXZ链中通过线性梯度诱导ETH与遍历性,包含,可积XXZ链,raw-not-distributed/D047-2024-wang-eth-inhomogeneous/paper.md,推断,,0
4754,在干净一维XXZ链中通过线性梯度诱导ETH与遍历性,包含,通过精确对角化分析ETH矩阵元统计性质,raw-not-distributed/D047-2024-wang-eth-inhomogeneous/paper.md,推断,,0
4755,在干净一维XXZ链中通过线性梯度诱导ETH与遍历性,包含,非对角ETH矩阵元高斯分布与光滑方差函数诊断遍历性,raw-not-distributed/D047-2024-wang-eth-inhomogeneous/paper.md,推断,,0
4756,在干净一维XXZ链中通过线性梯度诱导ETH与遍历性,包含,精确对角化分析ETH矩阵元统计性质,raw-not-distributed/D047-2024-wang-eth-inhomogeneous/paper.md,推断,,0
4757,在干净一维XXZ链中通过线性梯度诱导ETH与遍历性,包含,非对角ETH矩阵元呈高斯分布,raw-not-distributed/D047-2024-wang-eth-inhomogeneous/paper.md,推断,,0
4758,在干净一维XXZ链中通过线性梯度诱导ETH与遍历性,包含,对角ETH矩阵元中心值与涨落随系统尺寸指数衰减诊断遍历性,raw-not-distributed/D047-2024-wang-eth-inhomogeneous/paper.md,推断,,0
4759,在干净一维XXZ链中通过线性梯度诱导ETH与遍历性,包含,非对角ETH矩阵元方差不再随能量光滑变化诊断非遍历性,raw-not-distributed/D047-2024-wang-eth-inhomogeneous/paper.md,推断,,0
4760,在干净一维XXZ链中通过线性梯度诱导ETH与遍历性,包含,通过精确对角化分析ETH矩阵元,raw-not-distributed/D047-2024-wang-eth-inhomogeneous/paper.md,推断,,0
4761,在干净一维XXZ链中通过线性梯度诱导ETH与遍历性,包含,XXZ,raw-not-distributed/D047-2024-wang-eth-inhomogeneous/paper.md,推断,,0
4762,在干净一维XXZ链中通过线性梯度诱导ETH与遍历性,包含,自旋链,raw-not-distributed/D047-2024-wang-eth-inhomogeneous/paper.md,推断,,0
4763,在干净一维XXZ链中通过强线性梯度破坏ETH与遍历性,包含,对角ETH矩阵元中心值与涨落随系统尺寸呈指数衰减,raw-not-distributed/D047-2024-wang-eth-inhomogeneous/paper.md,推断,,0
4764,在干净一维XXZ链中通过强线性梯度破坏ETH与遍历性,包含,对角ETH矩阵元中心值与涨落随系统尺寸呈指数衰减诊断遍历性,raw-not-distributed/D047-2024-wang-eth-inhomogeneous/paper.md,推断,,0
4765,在干净一维XXZ链中通过强线性梯度破坏ETH与遍历性,包含,精确对角化分析ETH矩阵元,raw-not-distributed/D047-2024-wang-eth-inhomogeneous/paper.md,推断,,0
4766,在干净一维XXZ链中通过强线性梯度破坏ETH与遍历性,包含,非对角ETH矩阵元呈高斯分布与光滑方差函数诊断遍历性,raw-not-distributed/D047-2024-wang-eth-inhomogeneous/paper.md,推断,,0
4767,在干净一维XXZ链中通过强线性梯度破坏ETH与遍历性,包含,ETH,raw-not-distributed/D047-2024-wang-eth-inhomogeneous/paper.md,推断,,0
4768,在干净一维XXZ链中通过强线性梯度破坏ETH与遍历性,包含,强梯度非遍历区非对角ETH矩阵元方差不再随能量光滑变化,raw-not-distributed/D047-2024-wang-eth-inhomogeneous/paper.md,推断,,0
4769,在干净一维XXZ链中通过强线性梯度破坏ETH与遍历性,包含,均匀可积XXZ链,raw-not-distributed/D047-2024-wang-eth-inhomogeneous/paper.md,推断,,0
4770,在干净一维XXZ链中通过强线性梯度破坏ETH与遍历性,包含,均匀XXZ链,raw-not-distributed/D047-2024-wang-eth-inhomogeneous/paper.md,推断,,0
4771,在干净一维XXZ链中通过强线性梯度破坏ETH与遍历性,包含,可积XXZ链,raw-not-distributed/D047-2024-wang-eth-inhomogeneous/paper.md,推断,,0
4772,在干净一维XXZ链中通过强线性梯度破坏ETH与遍历性,包含,通过精确对角化分析ETH矩阵元统计性质,raw-not-distributed/D047-2024-wang-eth-inhomogeneous/paper.md,推断,,0
4773,在干净一维XXZ链中通过强线性梯度破坏ETH与遍历性,包含,非对角ETH矩阵元高斯分布与光滑方差函数诊断遍历性,raw-not-distributed/D047-2024-wang-eth-inhomogeneous/paper.md,推断,,0
4774,在干净一维XXZ链中通过强线性梯度破坏ETH与遍历性,包含,精确对角化分析ETH矩阵元统计性质,raw-not-distributed/D047-2024-wang-eth-inhomogeneous/paper.md,推断,,0
4775,在干净一维XXZ链中通过强线性梯度破坏ETH与遍历性,包含,非对角ETH矩阵元呈高斯分布,raw-not-distributed/D047-2024-wang-eth-inhomogeneous/paper.md,推断,,0
4776,在干净一维XXZ链中通过强线性梯度破坏ETH与遍历性,包含,对角ETH矩阵元中心值与涨落随系统尺寸指数衰减诊断遍历性,raw-not-distributed/D047-2024-wang-eth-inhomogeneous/paper.md,推断,,0
4777,在干净一维XXZ链中通过强线性梯度破坏ETH与遍历性,包含,非对角ETH矩阵元方差不再随能量光滑变化诊断非遍历性,raw-not-distributed/D047-2024-wang-eth-inhomogeneous/paper.md,推断,,0
4778,在干净一维XXZ链中通过强线性梯度破坏ETH与遍历性,包含,通过精确对角化分析ETH矩阵元,raw-not-distributed/D047-2024-wang-eth-inhomogeneous/paper.md,推断,,0
4779,在干净一维XXZ链中通过强线性梯度破坏ETH与遍历性,包含,XXZ,raw-not-distributed/D047-2024-wang-eth-inhomogeneous/paper.md,推断,,0
4780,在干净一维XXZ链中通过强线性梯度破坏ETH与遍历性,包含,自旋链,raw-not-distributed/D047-2024-wang-eth-inhomogeneous/paper.md,推断,,0
4781,指出与无序体系类似现象,包含,现象,raw-not-distributed/D047-2024-wang-eth-inhomogeneous/paper.md,推断,,0
4782,沿链线性变化的zz相互作用驱动量子混沌与遍历性,包含,相互作用,raw-not-distributed/D047-2024-wang-eth-inhomogeneous/paper.md,推断,,0
4783,沿链线性变化的zz相互作用驱动量子混沌与遍历性,包含,Floquet驱动,raw-not-distributed/D047-2024-wang-eth-inhomogeneous/paper.md,推断,,0
4984,academic/wiki/papers/D048-2024-luying-entanglement-prl,来源,academic/raw/references/D048-2024-luying-entanglement-prl/paper,raw-not-distributed/D048-2024-luying-entanglement-prl/paper.md,可追溯,,0
4985,Ying Lu,第一作者,academic/wiki/papers/D048-2024-luying-entanglement-prl,raw-not-distributed/D048-2024-luying-entanglement-prl/wiki.md#semantic,可追溯,,0
4986,Pei Shi,作者,academic/wiki/papers/D048-2024-luying-entanglement-prl,raw-not-distributed/D048-2024-luying-entanglement-prl/wiki.md#semantic,可追溯,,0
4987,Xiao-Han Wang,作者,academic/wiki/papers/D048-2024-luying-entanglement-prl,raw-not-distributed/D048-2024-luying-entanglement-prl/wiki.md#semantic,可追溯,,0
4988,Jie Hu,作者,academic/wiki/papers/D048-2024-luying-entanglement-prl,raw-not-distributed/D048-2024-luying-entanglement-prl/wiki.md#semantic,可追溯,,0
4989,Shi-Ju Ran,作者,academic/wiki/papers/D048-2024-luying-entanglement-prl,raw-not-distributed/D048-2024-luying-entanglement-prl/wiki.md#semantic,可追溯,,0
4990,academic/wiki/papers/D048-2024-luying-entanglement-prl,核心方法,量子自旋链最优磁场控制,raw-not-distributed/D048-2024-luying-entanglement-prl/wiki.md#semantic,可追溯,,0
4991,academic/wiki/papers/D048-2024-luying-entanglement-prl,核心方法,沿链外加磁场选取使纠缠熵极大值方向,raw-not-distributed/D048-2024-luying-entanglement-prl/wiki.md#semantic,可追溯,,0
4992,academic/wiki/papers/D048-2024-luying-entanglement-prl,核心方法,随机纯态扰动鲁棒性检验,raw-not-distributed/D048-2024-luying-entanglement-prl/wiki.md#semantic,可追溯,,0
4993,academic/wiki/papers/D048-2024-luying-entanglement-prl,核心创新点,弹道式纠缠增长持续至Page值以上,raw-not-distributed/D048-2024-luying-entanglement-prl/wiki.md#semantic,可追溯,,0
4994,academic/wiki/papers/D048-2024-luying-entanglement-prl,核心创新点,时间演化算符具有自同态性质解释鲁棒性,raw-not-distributed/D048-2024-luying-entanglement-prl/wiki.md#semantic,可追溯,,0
4995,academic/wiki/papers/D048-2024-luying-entanglement-prl,研究基础,量子自旋链,raw-not-distributed/D048-2024-luying-entanglement-prl/wiki.md#semantic,可追溯,,0
4996,academic/wiki/papers/D048-2024-luying-entanglement-prl,研究基础,纠缠熵,raw-not-distributed/D048-2024-luying-entanglement-prl/wiki.md#semantic,可追溯,,0
4997,academic/wiki/papers/D048-2024-luying-entanglement-prl,研究基础,弹道式纠缠传播,raw-not-distributed/D048-2024-luying-entanglement-prl/wiki.md#semantic,可追溯,,0
4998,academic/wiki/papers/D048-2024-luying-entanglement-prl,研究基础,Page值,raw-not-distributed/D048-2024-luying-entanglement-prl/wiki.md#semantic,可追溯,,0
4999,academic/wiki/papers/D048-2024-luying-entanglement-prl,对比方法,Page,raw-not-distributed/D048-2024-luying-entanglement-prl/wiki.md#semantic,可追溯,,0
5000,随机纯态扰动,拆分,随机纯态,raw-not-distributed/D048-2024-luying-entanglement-prl/wiki.md#semantic,可追溯,,0
5001,量子自旋链最优磁场控制,基于,量子自旋链,raw-not-distributed/D048-2024-luying-entanglement-prl/wiki.md#semantic,可追溯,,0
5002,量子自旋链最优磁场控制,基于,外加磁场,raw-not-distributed/D048-2024-luying-entanglement-prl/wiki.md#semantic,可追溯,,0
5003,量子自旋链最优磁场控制,应用于,纠缠熵,raw-not-distributed/D048-2024-luying-entanglement-prl/wiki.md#semantic,可追溯,,0
5004,时间演化算符自同态性质,解释,弹道式纠缠增长持续至饱和,raw-not-distributed/D048-2024-luying-entanglement-prl/wiki.md#semantic,可追溯,,0
5005,纠缠熵,对比,Page值,raw-not-distributed/D048-2024-luying-entanglement-prl/wiki.md#semantic,可追溯,,0
5006,随机纯态扰动鲁棒性检验,验证,弹道式纠缠增长持续至饱和,raw-not-distributed/D048-2024-luying-entanglement-prl/wiki.md#semantic,可追溯,,0
5007,量子自旋链最优磁场控制,包含,量子自旋链,raw-not-distributed/D048-2024-luying-entanglement-prl/paper.md,推断,,0
5008,沿链外加磁场选取使纠缠熵极大值方向,包含,外加磁场,raw-not-distributed/D048-2024-luying-entanglement-prl/paper.md,推断,,0
5009,沿链外加磁场选取使纠缠熵极大值方向,包含,纠缠熵,raw-not-distributed/D048-2024-luying-entanglement-prl/paper.md,推断,,0
5010,随机纯态扰动鲁棒性检验,包含,随机纯态扰动,raw-not-distributed/D048-2024-luying-entanglement-prl/paper.md,推断,,0
5011,随机纯态扰动鲁棒性检验,包含,随机纯态,raw-not-distributed/D048-2024-luying-entanglement-prl/paper.md,推断,,0
5012,Page,包含,Page值,raw-not-distributed/D048-2024-luying-entanglement-prl/paper.md,推断,,0
5013,随机纯态扰动,包含,随机纯态,raw-not-distributed/D048-2024-luying-entanglement-prl/paper.md,推断,,0
5014,弹道式纠缠增长持续至Page值以上,包含,Page值,raw-not-distributed/D048-2024-luying-entanglement-prl/paper.md,推断,,0
5015,弹道式纠缠增长持续至Page值以上,包含,Page,raw-not-distributed/D048-2024-luying-entanglement-prl/paper.md,推断,,0
5218,academic/wiki/papers/D049-2025-ifmps-hong-rui,来源,academic/raw/references/D049-2025-ifmps-hong-rui/paper,raw-not-distributed/D049-2025-ifmps-hong-rui/paper.md,可追溯,,0
5219,academic/wiki/papers/D049-2025-ifmps-hong-rui,发表于,Phys. Rev. B,raw-not-distributed/D049-2025-ifmps-hong-rui/wiki.md#semantic,可追溯,,0
5220,Rui Hong,第一作者,academic/wiki/papers/D049-2025-ifmps-hong-rui,raw-not-distributed/D049-2025-ifmps-hong-rui/wiki.md#semantic,可追溯,,0
5221,Hao-Wei Cui,作者,academic/wiki/papers/D049-2025-ifmps-hong-rui,raw-not-distributed/D049-2025-ifmps-hong-rui/wiki.md#semantic,可追溯,,0
5222,An-Chun Ji,作者,academic/wiki/papers/D049-2025-ifmps-hong-rui,raw-not-distributed/D049-2025-ifmps-hong-rui/wiki.md#semantic,可追溯,,0
5223,Shi-Ju Ran,作者,academic/wiki/papers/D049-2025-ifmps-hong-rui,raw-not-distributed/D049-2025-ifmps-hong-rui/wiki.md#semantic,可追溯,,0
5224,academic/wiki/papers/D049-2025-ifmps-hong-rui,研究基础,CQOs,raw-not-distributed/D049-2025-ifmps-hong-rui/wiki.md#semantic,可追溯,,0
5225,academic/wiki/papers/D049-2025-ifmps-hong-rui,研究基础,CFT,raw-not-distributed/D049-2025-ifmps-hong-rui/wiki.md#semantic,可追溯,,0
5226,academic/wiki/papers/D049-2025-ifmps-hong-rui,研究基础,纠缠熵,raw-not-distributed/D049-2025-ifmps-hong-rui/wiki.md#semantic,可追溯,,0
5227,academic/wiki/papers/D049-2025-ifmps-hong-rui,研究基础,关联长度,raw-not-distributed/D049-2025-ifmps-hong-rui/wiki.md#semantic,可追溯,,0
5228,academic/wiki/papers/D049-2025-ifmps-hong-rui,核心方法,虚时演化,raw-not-distributed/D049-2025-ifmps-hong-rui/wiki.md#semantic,可追溯,,0
5229,academic/wiki/papers/D049-2025-ifmps-hong-rui,核心方法,平移不变函数矩阵乘积态,raw-not-distributed/D049-2025-ifmps-hong-rui/wiki.md#semantic,可追溯,,0
5230,academic/wiki/papers/D049-2025-ifmps-hong-rui,核心方法,张量网络,raw-not-distributed/D049-2025-ifmps-hong-rui/wiki.md#semantic,可追溯,,0
5231,academic/wiki/papers/D049-2025-ifmps-hong-rui,核心创新点,在连续空间求解无穷大多体薛定谔方程,raw-not-distributed/D049-2025-ifmps-hong-rui/wiki.md#semantic,可追溯,,0
5232,academic/wiki/papers/D049-2025-ifmps-hong-rui,核心创新点,识别分界点处纠缠熵与关联长度的临界标度律,raw-not-distributed/D049-2025-ifmps-hong-rui/wiki.md#semantic,可追溯,,0
5233,academic/wiki/papers/D049-2025-ifmps-hong-rui,核心创新点,通过标度律估计中心荷以识别连续空间CFT,raw-not-distributed/D049-2025-ifmps-hong-rui/wiki.md#semantic,可追溯,,0
5234,academic/wiki/papers/D049-2025-ifmps-hong-rui,核心创新点,证明三体耦合破坏连续空间c=1自由玻色CFT描述,raw-not-distributed/D049-2025-ifmps-hong-rui/wiki.md#semantic,可追溯,,0
5235,academic/wiki/papers/D049-2025-ifmps-hong-rui,局限性,蒙特卡洛与神经网络方法面临指数墙,raw-not-distributed/D049-2025-ifmps-hong-rui/wiki.md#semantic,可追溯,,0
5236,平移不变函数矩阵乘积态,基于,MPS,raw-not-distributed/D049-2025-ifmps-hong-rui/wiki.md#semantic,可追溯,,0
5237,虚时演化,结合,MPS,raw-not-distributed/D049-2025-ifmps-hong-rui/wiki.md#semantic,可追溯,,0
5238,中心荷,标识,c=1自由玻色共形场论,raw-not-distributed/D049-2025-ifmps-hong-rui/wiki.md#semantic,可追溯,,0
5239,CQOs,包含,三体耦合,raw-not-distributed/D049-2025-ifmps-hong-rui/wiki.md#semantic,推断,,0
5240,CQOs,包含,两体耦合,raw-not-distributed/D049-2025-ifmps-hong-rui/wiki.md#semantic,推断,,0
5241,在连续空间求解无穷大多体薛定谔方程,包含,多体薛定谔方程,raw-not-distributed/D049-2025-ifmps-hong-rui/paper.md,推断,,0
5242,在连续空间求解无穷大多体薛定谔方程,包含,薛定谔方程,raw-not-distributed/D049-2025-ifmps-hong-rui/paper.md,推断,,0
5243,在连续空间求解无穷大多体薛定谔方程,包含,连续空间,raw-not-distributed/D049-2025-ifmps-hong-rui/paper.md,推断,,0
5244,识别分界点处纠缠熵与关联长度的临界标度律,包含,关联长度,raw-not-distributed/D049-2025-ifmps-hong-rui/paper.md,推断,,0
5245,识别分界点处纠缠熵与关联长度的临界标度律,包含,纠缠熵,raw-not-distributed/D049-2025-ifmps-hong-rui/paper.md,推断,,0
5246,通过标度律估计中心荷以识别连续空间CFT,包含,连续空间,raw-not-distributed/D049-2025-ifmps-hong-rui/paper.md,推断,,0
5247,通过标度律估计中心荷以识别连续空间CFT,包含,CFT,raw-not-distributed/D049-2025-ifmps-hong-rui/paper.md,推断,,0
5248,证明三体耦合破坏连续空间c=1自由玻色CFT描述,包含,连续空间,raw-not-distributed/D049-2025-ifmps-hong-rui/paper.md,推断,,0
5249,证明三体耦合破坏连续空间c=1自由玻色CFT描述,包含,CFT,raw-not-distributed/D049-2025-ifmps-hong-rui/paper.md,推断,,0
5250,蒙特卡洛与神经网络方法面临指数墙,包含,神经网络,raw-not-distributed/D049-2025-ifmps-hong-rui/paper.md,推断,,0
5453,academic/wiki/papers/D050-2025-adtn-nn-compression,来源,academic/raw/references/D050-2025-adtn-nn-compression/paper,raw-not-distributed/D050-2025-adtn-nn-compression/paper.md,可追溯,,0
5454,academic/wiki/papers/D050-2025-adtn-nn-compression,发表于,Intell. Comput.,raw-not-distributed/D050-2025-adtn-nn-compression/wiki.md#semantic,可追溯,,0
5455,Yong Qing,第一作者,academic/wiki/papers/D050-2025-adtn-nn-compression,raw-not-distributed/D050-2025-adtn-nn-compression/wiki.md#semantic,可追溯,,0
5456,Ke Li,作者,academic/wiki/papers/D050-2025-adtn-nn-compression,raw-not-distributed/D050-2025-adtn-nn-compression/wiki.md#semantic,可追溯,,0
5457,Peng-Fei Zhou,作者,academic/wiki/papers/D050-2025-adtn-nn-compression,raw-not-distributed/D050-2025-adtn-nn-compression/wiki.md#semantic,可追溯,,0
5458,Shi-Ju Ran,作者,academic/wiki/papers/D050-2025-adtn-nn-compression,raw-not-distributed/D050-2025-adtn-nn-compression/wiki.md#semantic,可追溯,,0
5459,academic/wiki/papers/D050-2025-adtn-nn-compression,核心方法,自动可微张量网络自动可微张量网络,raw-not-distributed/D050-2025-adtn-nn-compression/wiki.md#semantic,可追溯,,0
5460,自动可微张量网络自动可微张量网络,拆分,神经网络压缩方案,raw-not-distributed/D050-2025-adtn-nn-compression/wiki.md#semantic,可追溯,,0
5461,自动可微张量网络自动可微张量网络,拆分,ADTN,raw-not-distributed/D050-2025-adtn-nn-compression/wiki.md#semantic,可追溯,,0
5462,ADTN,应用于,神经网络压缩,raw-not-distributed/D050-2025-adtn-nn-compression/wiki.md#semantic,可追溯,,0
5463,academic/wiki/papers/D050-2025-adtn-nn-compression,核心方法,将神经网络层的变分参数编码为深层张量网络的收缩结果,raw-not-distributed/D050-2025-adtn-nn-compression/wiki.md#semantic,可追溯,,0
5464,academic/wiki/papers/D050-2025-adtn-nn-compression,核心方法,利用自动微分优化深层张量网络中的张量,raw-not-distributed/D050-2025-adtn-nn-compression/wiki.md#semantic,可追溯,,0
5465,深层张量网络,编码,神经网络层变分参数,raw-not-distributed/D050-2025-adtn-nn-compression/wiki.md#semantic,可追溯,,0
5466,自动微分,优化,深层张量网络中的张量,raw-not-distributed/D050-2025-adtn-nn-compression/wiki.md#semantic,可追溯,,0
5467,academic/wiki/papers/D050-2025-adtn-nn-compression,核心创新点,将变分参数量从指数级复杂度降至线性级复杂度,raw-not-distributed/D050-2025-adtn-nn-compression/wiki.md#semantic,可追溯,,0
5468,academic/wiki/papers/D050-2025-adtn-nn-compression,核心创新点,利用砖墙结构深层张量网络表示变分参数张量,raw-not-distributed/D050-2025-adtn-nn-compression/wiki.md#semantic,可追溯,,0
5469,academic/wiki/papers/D050-2025-adtn-nn-compression,核心方法,砖墙结构深层张量网络,raw-not-distributed/D050-2025-adtn-nn-compression/wiki.md#semantic,可追溯,,0
5470,砖墙结构深层张量网络,替代,浅层张量分解,raw-not-distributed/D050-2025-adtn-nn-compression/wiki.md#semantic,可追溯,,0
5471,academic/wiki/papers/D050-2025-adtn-nn-compression,对比方法,TT,raw-not-distributed/D050-2025-adtn-nn-compression/wiki.md#semantic,可追溯,,0
5472,TT,对比,ADTN,raw-not-distributed/D050-2025-adtn-nn-compression/wiki.md#semantic,可追溯,,0
5473,academic/wiki/papers/D050-2025-adtn-nn-compression,对比方法,MPS,raw-not-distributed/D050-2025-adtn-nn-compression/wiki.md#semantic,可追溯,,0
5474,MPS,对比,ADTN,raw-not-distributed/D050-2025-adtn-nn-compression/wiki.md#semantic,可追溯,,0
5475,academic/wiki/papers/D050-2025-adtn-nn-compression,对比方法,MPO,raw-not-distributed/D050-2025-adtn-nn-compression/wiki.md#semantic,可追溯,,0
5476,MPO,对比,ADTN,raw-not-distributed/D050-2025-adtn-nn-compression/wiki.md#semantic,可追溯,,0
5477,academic/wiki/papers/D050-2025-adtn-nn-compression,对比方法,低秩适配,raw-not-distributed/D050-2025-adtn-nn-compression/wiki.md#semantic,可追溯,,0
5478,低秩适配,对比,ADTN,raw-not-distributed/D050-2025-adtn-nn-compression/wiki.md#semantic,可追溯,,0
5479,academic/wiki/papers/D050-2025-adtn-nn-compression,对比方法,Tucker分解,raw-not-distributed/D050-2025-adtn-nn-compression/wiki.md#semantic,可追溯,,0
5480,academic/wiki/papers/D050-2025-adtn-nn-compression,对比方法,CP分解,raw-not-distributed/D050-2025-adtn-nn-compression/wiki.md#semantic,可追溯,,0
5481,academic/wiki/papers/D050-2025-adtn-nn-compression,对比方法,MUSCO,raw-not-distributed/D050-2025-adtn-nn-compression/wiki.md#semantic,可追溯,,0
5482,MUSCO,对比,ADTN,raw-not-distributed/D050-2025-adtn-nn-compression/wiki.md#semantic,可追溯,,0
5483,academic/wiki/papers/D050-2025-adtn-nn-compression,应用于,FC-2,raw-not-distributed/D050-2025-adtn-nn-compression/wiki.md#semantic,可追溯,,0
5484,academic/wiki/papers/D050-2025-adtn-nn-compression,应用于,LeNet-5,raw-not-distributed/D050-2025-adtn-nn-compression/wiki.md#semantic,可追溯,,0
5485,academic/wiki/papers/D050-2025-adtn-nn-compression,应用于,AlexNet,raw-not-distributed/D050-2025-adtn-nn-compression/wiki.md#semantic,可追溯,,0
5486,academic/wiki/papers/D050-2025-adtn-nn-compression,应用于,ZFnet,raw-not-distributed/D050-2025-adtn-nn-compression/wiki.md#semantic,可追溯,,0
5487,academic/wiki/papers/D050-2025-adtn-nn-compression,应用于,VGG-16,raw-not-distributed/D050-2025-adtn-nn-compression/wiki.md#semantic,可追溯,,0
5488,academic/wiki/papers/D050-2025-adtn-nn-compression,应用于,MNIST,raw-not-distributed/D050-2025-adtn-nn-compression/wiki.md#semantic,可追溯,,0
5489,academic/wiki/papers/D050-2025-adtn-nn-compression,应用于,CIFAR-10,raw-not-distributed/D050-2025-adtn-nn-compression/wiki.md#semantic,可追溯,,0
5490,academic/wiki/papers/D050-2025-adtn-nn-compression,应用于,CIFAR-100,raw-not-distributed/D050-2025-adtn-nn-compression/wiki.md#semantic,可追溯,,0
5491,academic/wiki/papers/D050-2025-adtn-nn-compression,局限性,解码过程为推理带来额外计算开销,raw-not-distributed/D050-2025-adtn-nn-compression/wiki.md#semantic,可追溯,,0
5492,academic/wiki/papers/D050-2025-adtn-nn-compression,局限性,自动可微张量网络收缩与神经网络推理为两个独立步骤,raw-not-distributed/D050-2025-adtn-nn-compression/wiki.md#semantic,可追溯,,0
5493,academic/wiki/papers/D050-2025-adtn-nn-compression,未来展望,将自动可微张量网络收缩与神经网络推理合并以提高计算效率,raw-not-distributed/D050-2025-adtn-nn-compression/wiki.md#semantic,可追溯,,0
5494,academic/wiki/papers/D050-2025-adtn-nn-compression,未来展望,采用非砖墙结构与替换激活函数,raw-not-distributed/D050-2025-adtn-nn-compression/wiki.md#semantic,可追溯,,0
5495,academic/wiki/papers/D050-2025-adtn-nn-compression,未来展望,将多个神经网络层的参数拼接为单一张量后压缩,raw-not-distributed/D050-2025-adtn-nn-compression/wiki.md#semantic,可追溯,,0
5496,ADTN,基于,深层张量网络,raw-not-distributed/D050-2025-adtn-nn-compression/wiki.md#semantic,可追溯,,0
5497,神经网络压缩方案,包含,神经网络压缩,raw-not-distributed/D050-2025-adtn-nn-compression/paper.md,推断,,0
5498,利用自动微分优化深层张量网络中的张量,包含,深层张量网络,raw-not-distributed/D050-2025-adtn-nn-compression/paper.md,推断,,0
5499,利用自动微分优化深层张量网络中的张量,包含,深层张量网络中的张量,raw-not-distributed/D050-2025-adtn-nn-compression/paper.md,推断,,0
5500,深层张量网络中的张量,包含,深层张量网络,raw-not-distributed/D050-2025-adtn-nn-compression/paper.md,推断,,0
5501,砖墙结构深层张量网络,包含,深层张量网络,raw-not-distributed/D050-2025-adtn-nn-compression/paper.md,推断,,0
5502,CIFAR-100,包含,CIFAR-10,raw-not-distributed/D050-2025-adtn-nn-compression/paper.md,推断,,0
5503,利用砖墙结构深层张量网络表示变分参数张量,包含,砖墙结构深层张量网络,raw-not-distributed/D050-2025-adtn-nn-compression/paper.md,推断,,0
5504,利用砖墙结构深层张量网络表示变分参数张量,包含,张量网络,raw-not-distributed/D050-2025-adtn-nn-compression/paper.md,推断,,0
5505,自动可微张量网络收缩与神经网络推理为两个独立步骤,包含,张量网络,raw-not-distributed/D050-2025-adtn-nn-compression/paper.md,推断,,0
5506,自动可微张量网络收缩与神经网络推理为两个独立步骤,包含,神经网络,raw-not-distributed/D050-2025-adtn-nn-compression/paper.md,推断,,0
5507,将自动可微张量网络收缩与神经网络推理合并以提高计算效率,包含,张量网络,raw-not-distributed/D050-2025-adtn-nn-compression/paper.md,推断,,0
5508,将自动可微张量网络收缩与神经网络推理合并以提高计算效率,包含,神经网络,raw-not-distributed/D050-2025-adtn-nn-compression/paper.md,推断,,0
5509,将多个神经网络层的参数拼接为单一张量后压缩,包含,神经网络,raw-not-distributed/D050-2025-adtn-nn-compression/paper.md,推断,,0
5718,academic/wiki/papers/D051-2026-tianda-graph-qml,来源,academic/raw/references/D051-2026-tianda-graph-qml/paper,raw-not-distributed/D051-2026-tianda-graph-qml/paper.md,可追溯,,0
5719,Wenbo Qiao,第一作者,academic/wiki/papers/D051-2026-tianda-graph-qml,raw-not-distributed/D051-2026-tianda-graph-qml/wiki.md#semantic,可追溯,,0
5720,Peng Zhang,作者,academic/wiki/papers/D051-2026-tianda-graph-qml,raw-not-distributed/D051-2026-tianda-graph-qml/wiki.md#semantic,可追溯,,0
5721,Jiaming Zhao,作者,academic/wiki/papers/D051-2026-tianda-graph-qml,raw-not-distributed/D051-2026-tianda-graph-qml/wiki.md#semantic,可追溯,,0
5722,Shi-Ju Ran,作者,academic/wiki/papers/D051-2026-tianda-graph-qml,raw-not-distributed/D051-2026-tianda-graph-qml/wiki.md#semantic,可追溯,,0
5723,academic/wiki/papers/D051-2026-tianda-graph-qml,研究基础,图生成函数graphon,raw-not-distributed/D051-2026-tianda-graph-qml/wiki.md#semantic,可追溯,,0
5724,academic/wiki/papers/D051-2026-tianda-graph-qml,研究基础,数据重上传量子电路,raw-not-distributed/D051-2026-tianda-graph-qml/wiki.md#semantic,可追溯,,0
5725,academic/wiki/papers/D051-2026-tianda-graph-qml,核心方法,量子graphon神经表示quantum graphon neural representation(QGNR),raw-not-distributed/D051-2026-tianda-graph-qml/wiki.md#semantic,可追溯,,0
5726,academic/wiki/papers/D051-2026-tianda-graph-qml,核心方法,条件图生成函数学习,raw-not-distributed/D051-2026-tianda-graph-qml/wiki.md#semantic,可追溯,,0
5727,academic/wiki/papers/D051-2026-tianda-graph-qml,核心方法,距离,raw-not-distributed/D051-2026-tianda-graph-qml/wiki.md#semantic,可追溯,,0
5728,academic/wiki/papers/D051-2026-tianda-graph-qml,核心创新点,基于数据重上传量子电路的截断傅里叶级数表达能力拟合高频graphon,raw-not-distributed/D051-2026-tianda-graph-qml/wiki.md#semantic,可追溯,,0
5729,academic/wiki/papers/D051-2026-tianda-graph-qml,核心创新点,Gromov-Wasserstein距离作为训练目标实现端到端优化,raw-not-distributed/D051-2026-tianda-graph-qml/wiki.md#semantic,可追溯,,0
5730,academic/wiki/papers/D051-2026-tianda-graph-qml,核心创新点,与图神经网络集成实现条件graphon学习,raw-not-distributed/D051-2026-tianda-graph-qml/wiki.md#semantic,可追溯,,0
5731,academic/wiki/papers/D051-2026-tianda-graph-qml,对比方法,分片常数函数拟合,raw-not-distributed/D051-2026-tianda-graph-qml/wiki.md#semantic,可追溯,,0
5732,academic/wiki/papers/D051-2026-tianda-graph-qml,对比方法,IGNR,raw-not-distributed/D051-2026-tianda-graph-qml/wiki.md#semantic,可追溯,,0
5733,academic/wiki/papers/D051-2026-tianda-graph-qml,对比方法,FNO,raw-not-distributed/D051-2026-tianda-graph-qml/wiki.md#semantic,可追溯,,0
5734,academic/wiki/papers/D051-2026-tianda-graph-qml,局限性,运行时间受每节点对模拟时间制约,raw-not-distributed/D051-2026-tianda-graph-qml/wiki.md#semantic,可追溯,,0
5735,academic/wiki/papers/D051-2026-tianda-graph-qml,未来展望,发展量子启发技术以降低每节点对模拟时间,raw-not-distributed/D051-2026-tianda-graph-qml/wiki.md#semantic,可追溯,,0
5736,academic/wiki/papers/D051-2026-tianda-graph-qml,未来展望,利用更多量子比特学习更复杂graphon,raw-not-distributed/D051-2026-tianda-graph-qml/wiki.md#semantic,可追溯,,0
5737,academic/wiki/papers/D051-2026-tianda-graph-qml,未来展望,面向药物发现、蛋白质设计、生物分子工程等真实场景扩展,raw-not-distributed/D051-2026-tianda-graph-qml/wiki.md#semantic,可追溯,,0
5738,量子graphon神经表示quantum graphon neural representation(QGNR),基于,数据重上传量子电路,raw-not-distributed/D051-2026-tianda-graph-qml/wiki.md#semantic,可追溯,,0
5739,量子graphon神经表示quantum graphon neural representation(QGNR),基于,图生成函数graphon,raw-not-distributed/D051-2026-tianda-graph-qml/wiki.md#semantic,可追溯,,0
5740,量子graphon神经表示quantum graphon neural representation(QGNR),结合,距离,raw-not-distributed/D051-2026-tianda-graph-qml/wiki.md#semantic,可追溯,,0
5741,量子graphon神经表示quantum graphon neural representation(QGNR),扩展,条件图生成函数学习,raw-not-distributed/D051-2026-tianda-graph-qml/wiki.md#semantic,可追溯,,0
5742,条件图生成函数学习,结合,GNN,raw-not-distributed/D051-2026-tianda-graph-qml/wiki.md#semantic,可追溯,,0
5743,基于数据重上传量子电路的截断傅里叶级数表达能力拟合高频graphon,包含,图生成函数graphon,raw-not-distributed/D051-2026-tianda-graph-qml/paper.md,推断,,0
5744,基于数据重上传量子电路的截断傅里叶级数表达能力拟合高频graphon,包含,数据重上传量子电路,raw-not-distributed/D051-2026-tianda-graph-qml/paper.md,推断,,0
5745,基于数据重上传量子电路的截断傅里叶级数表达能力拟合高频graphon,包含,量子电路,raw-not-distributed/D051-2026-tianda-graph-qml/paper.md,推断,,0
5746,Gromov-Wasserstein距离作为训练目标实现端到端优化,包含,距离,raw-not-distributed/D051-2026-tianda-graph-qml/paper.md,推断,,0
5747,与图神经网络集成实现条件graphon学习,包含,图生成函数graphon,raw-not-distributed/D051-2026-tianda-graph-qml/paper.md,推断,,0
5748,与图神经网络集成实现条件graphon学习,包含,神经网络,raw-not-distributed/D051-2026-tianda-graph-qml/paper.md,推断,,0
5749,利用更多量子比特学习更复杂graphon,包含,图生成函数graphon,raw-not-distributed/D051-2026-tianda-graph-qml/paper.md,推断,,0
5958,academic/wiki/papers/D052-2026-cpb-chaos-ml,来源,academic/raw/references/D052-2026-cpb-chaos-ml/paper,raw-not-distributed/D052-2026-cpb-chaos-ml/paper.md,可追溯,,0
5959,academic/wiki/papers/D052-2026-cpb-chaos-ml,发表于,Chin. Phys. B,raw-not-distributed/D052-2026-cpb-chaos-ml/wiki.md#semantic,可追溯,,0
5960,Sheng-Chen Bai,第一作者,academic/wiki/papers/D052-2026-cpb-chaos-ml,raw-not-distributed/D052-2026-cpb-chaos-ml/wiki.md#semantic,可追溯,,0
5961,Shi-Ju Ran,作者,academic/wiki/papers/D052-2026-cpb-chaos-ml,raw-not-distributed/D052-2026-cpb-chaos-ml/wiki.md#semantic,可追溯,,0
5962,academic/wiki/papers/D052-2026-cpb-chaos-ml,研究基础,混沌非线性系统,raw-not-distributed/D052-2026-cpb-chaos-ml/wiki.md#semantic,可追溯,,0
5963,academic/wiki/papers/D052-2026-cpb-chaos-ml,研究基础,VQC,raw-not-distributed/D052-2026-cpb-chaos-ml/wiki.md#semantic,可追溯,,0
5964,academic/wiki/papers/D052-2026-cpb-chaos-ml,研究基础,量子特征映射,raw-not-distributed/D052-2026-cpb-chaos-ml/wiki.md#semantic,可追溯,,0
5965,academic/wiki/papers/D052-2026-cpb-chaos-ml,核心方法,通用学习范式,raw-not-distributed/D052-2026-cpb-chaos-ml/wiki.md#semantic,可追溯,,0
5966,academic/wiki/papers/D052-2026-cpb-chaos-ml,核心方法,一步前向预测,raw-not-distributed/D052-2026-cpb-chaos-ml/wiki.md#semantic,可追溯,,0
5967,academic/wiki/papers/D052-2026-cpb-chaos-ml,核心创新点,以L与L_LE发散作为缺乏泛化能力的指纹,raw-not-distributed/D052-2026-cpb-chaos-ml/wiki.md#semantic,可追溯,,0
5968,academic/wiki/papers/D052-2026-cpb-chaos-ml,核心创新点,用µ调谐的量子特征映射预处理,raw-not-distributed/D052-2026-cpb-chaos-ml/wiki.md#semantic,可追溯,,0
5969,academic/wiki/papers/D052-2026-cpb-chaos-ml,对比方法,LSTM,raw-not-distributed/D052-2026-cpb-chaos-ml/wiki.md#semantic,可追溯,,0
5970,academic/wiki/papers/D052-2026-cpb-chaos-ml,对比方法,ESN,raw-not-distributed/D052-2026-cpb-chaos-ml/wiki.md#semantic,可追溯,,0
5971,academic/wiki/papers/D052-2026-cpb-chaos-ml,未来展望,推广至高维混沌,raw-not-distributed/D052-2026-cpb-chaos-ml/wiki.md#semantic,可追溯,,0
5972,academic/wiki/papers/D052-2026-cpb-chaos-ml,未来展望,引入量子度量刻画VQC泛化能力,raw-not-distributed/D052-2026-cpb-chaos-ml/wiki.md#semantic,可追溯,,0
5973,academic/wiki/papers/D052-2026-cpb-chaos-ml,未来展望,引入混合量子-经典优化策略,raw-not-distributed/D052-2026-cpb-chaos-ml/wiki.md#semantic,可追溯,,0
5974,VQC,基于,张量网络,raw-not-distributed/D052-2026-cpb-chaos-ml/wiki.md#semantic,可追溯,,0
5975,VQC,对比,LSTM,raw-not-distributed/D052-2026-cpb-chaos-ml/wiki.md#semantic,可追溯,,0
5976,VQC,对比,ESN,raw-not-distributed/D052-2026-cpb-chaos-ml/wiki.md#semantic,可追溯,,0
5977,映射,应用于,VQC,raw-not-distributed/D052-2026-cpb-chaos-ml/wiki.md#semantic,可追溯,,0
5978,分岔图,应用于,VQC,raw-not-distributed/D052-2026-cpb-chaos-ml/wiki.md#semantic,可追溯,,0
5979,李雅普诺夫指数,应用于,VQC,raw-not-distributed/D052-2026-cpb-chaos-ml/wiki.md#semantic,可追溯,,0
5980,用µ调谐的量子特征映射预处理,包含,映射,raw-not-distributed/D052-2026-cpb-chaos-ml/paper.md,推断,,0
5981,用µ调谐的量子特征映射预处理,包含,量子特征映射,raw-not-distributed/D052-2026-cpb-chaos-ml/paper.md,推断,,0
5982,引入量子度量刻画VQC泛化能力,包含,VQC,raw-not-distributed/D052-2026-cpb-chaos-ml/paper.md,推断,,0
6191,academic/wiki/papers/D053-2026-mpe-prl,来源,academic/raw/references/D053-2026-mpe-prl/paper,raw-not-distributed/D053-2026-mpe-prl/paper.md,可追溯,,0
6192,Shuo Qi,第一作者,academic/wiki/papers/D053-2026-mpe-prl,raw-not-distributed/D053-2026-mpe-prl/wiki.md#semantic,可追溯,,0
6193,Wen-Jun Li,作者,academic/wiki/papers/D053-2026-mpe-prl,raw-not-distributed/D053-2026-mpe-prl/wiki.md#semantic,可追溯,,0
6194,Gang Su,作者,academic/wiki/papers/D053-2026-mpe-prl,raw-not-distributed/D053-2026-mpe-prl/wiki.md#semantic,可追溯,,0
6195,Shi-Ju Ran,作者,academic/wiki/papers/D053-2026-mpe-prl,raw-not-distributed/D053-2026-mpe-prl/wiki.md#semantic,可追溯,,0
6196,academic/wiki/papers/D053-2026-mpe-prl,核心方法,指定矩阵乘积纠缠,raw-not-distributed/D053-2026-mpe-prl/wiki.md#semantic,可追溯,,0
6197,academic/wiki/papers/D053-2026-mpe-prl,核心方法,矩阵乘积态流形最小距离,raw-not-distributed/D053-2026-mpe-prl/wiki.md#semantic,可追溯,,0
6198,academic/wiki/papers/D053-2026-mpe-prl,核心创新点,χ-MPE标度行为判定电路深度最优性,raw-not-distributed/D053-2026-mpe-prl/wiki.md#semantic,可追溯,,0
6199,academic/wiki/papers/D053-2026-mpe-prl,核心创新点,证明χ=2与D=1流形等价,raw-not-distributed/D053-2026-mpe-prl/wiki.md#semantic,可追溯,,0
6200,academic/wiki/papers/D053-2026-mpe-prl,研究基础,MPS,raw-not-distributed/D053-2026-mpe-prl/wiki.md#semantic,可追溯,,0
6201,academic/wiki/papers/D053-2026-mpe-prl,研究基础,量子线路,raw-not-distributed/D053-2026-mpe-prl/wiki.md#semantic,可追溯,,0
6202,academic/wiki/papers/D053-2026-mpe-prl,研究基础,多体纠缠度量,raw-not-distributed/D053-2026-mpe-prl/wiki.md#semantic,可追溯,,0
6203,academic/wiki/papers/D053-2026-mpe-prl,未来展望,推广至其他张量网络Ansätze,raw-not-distributed/D053-2026-mpe-prl/wiki.md#semantic,可追溯,,0
6204,MPS,推广,张量网络,raw-not-distributed/D053-2026-mpe-prl/wiki.md#semantic,可追溯,,0
6205,指定矩阵乘积纠缠,基于,MPS,raw-not-distributed/D053-2026-mpe-prl/wiki.md#semantic,可追溯,,0
6206,量子线路,涉及,电路深度,raw-not-distributed/D053-2026-mpe-prl/wiki.md#semantic,可追溯,,0
6207,推广至其他张量网络Ansätze,包含,张量网络,raw-not-distributed/D053-2026-mpe-prl/paper.md,推断,,0
6420,academic/wiki/papers/D054-2026-setn-zhu-hao,来源,academic/raw/references/D054-2026-setn-zhu-hao/paper,raw-not-distributed/D054-2026-setn-zhu-hao/paper.md,可追溯,,0
6421,Hao Zhu,第一作者,academic/wiki/papers/D054-2026-setn-zhu-hao,raw-not-distributed/D054-2026-setn-zhu-hao/wiki.md#semantic,可追溯,,0
6422,Ding-Zu Wang,作者,academic/wiki/papers/D054-2026-setn-zhu-hao,raw-not-distributed/D054-2026-setn-zhu-hao/wiki.md#semantic,可追溯,,0
6423,Shi-Ju Ran,作者,academic/wiki/papers/D054-2026-setn-zhu-hao,raw-not-distributed/D054-2026-setn-zhu-hao/wiki.md#semantic,可追溯,,0
6424,Guo-Feng Zhang,作者,academic/wiki/papers/D054-2026-setn-zhu-hao,raw-not-distributed/D054-2026-setn-zhu-hao/wiki.md#semantic,可追溯,,0
6425,academic/wiki/papers/D054-2026-setn-zhu-hao,核心方法,statistics-encoded tensor network,raw-not-distributed/D054-2026-setn-zhu-hao/wiki.md#semantic,可追溯,,0
6426,academic/wiki/papers/D054-2026-setn-zhu-hao,核心方法,无序平均后的双层张量网络,raw-not-distributed/D054-2026-setn-zhu-hao/wiki.md#semantic,可追溯,,0
6427,academic/wiki/papers/D054-2026-setn-zhu-hao,核心方法,矩阵乘积算符转移矩阵,raw-not-distributed/D054-2026-setn-zhu-hao/wiki.md#semantic,可追溯,,0
6428,academic/wiki/papers/D054-2026-setn-zhu-hao,核心创新点,把局域无序编码进辅助层并对无序独立做平均以恢复平移不变性,raw-not-distributed/D054-2026-setn-zhu-hao/wiki.md#semantic,可追溯,,0
6429,academic/wiki/papers/D054-2026-setn-zhu-hao,核心创新点,无序编码效率的普适判据 n ≫ α²t²,raw-not-distributed/D054-2026-setn-zhu-hao/wiki.md#semantic,可追溯,,0
6430,academic/wiki/papers/D054-2026-setn-zhu-hao,应用于,二维模型,raw-not-distributed/D054-2026-setn-zhu-hao/wiki.md#semantic,可追溯,,0
6431,academic/wiki/papers/D054-2026-setn-zhu-hao,应用于,谱形因子,raw-not-distributed/D054-2026-setn-zhu-hao/wiki.md#semantic,可追溯,,0
6432,academic/wiki/papers/D054-2026-setn-zhu-hao,未来展望,阐明转移矩阵主特征值近简并如何发展并控制Thouless时间,raw-not-distributed/D054-2026-setn-zhu-hao/wiki.md#semantic,可追溯,,0
6433,academic/wiki/papers/D054-2026-setn-zhu-hao,未来展望,推广至Rényi熵、时序外关联函数(OTOC)、自旋玻璃序参量等观测量,raw-not-distributed/D054-2026-setn-zhu-hao/wiki.md#semantic,可追溯,,0
6434,academic/wiki/papers/D054-2026-setn-zhu-hao,对比方法,随机量子线路,raw-not-distributed/D054-2026-setn-zhu-hao/wiki.md#semantic,可追溯,,0
6435,academic/wiki/papers/D054-2026-setn-zhu-hao,对比方法,对偶幺正模型,raw-not-distributed/D054-2026-setn-zhu-hao/wiki.md#semantic,可追溯,,0
6436,academic/wiki/papers/D054-2026-setn-zhu-hao,对比方法,严格对角化,raw-not-distributed/D054-2026-setn-zhu-hao/wiki.md#semantic,可追溯,,0
6437,academic/wiki/papers/D054-2026-setn-zhu-hao,对比方法,强无序重整化,raw-not-distributed/D054-2026-setn-zhu-hao/wiki.md#semantic,可追溯,,0
6438,academic/wiki/papers/D054-2026-setn-zhu-hao,对比方法,量子并行方法,raw-not-distributed/D054-2026-setn-zhu-hao/wiki.md#semantic,可追溯,,0
6439,academic/wiki/papers/D054-2026-setn-zhu-hao,局限性,量子并行方法在连续无序分布下需要无穷维辅助空间,raw-not-distributed/D054-2026-setn-zhu-hao/wiki.md#semantic,可追溯,,0
6440,academic/wiki/papers/D054-2026-setn-zhu-hao,局限性,随机量子线路与对偶幺正模型无法推广到自对偶性缺失的一般时间无关哈密顿量,raw-not-distributed/D054-2026-setn-zhu-hao/wiki.md#semantic,可追溯,,0
6441,academic/wiki/papers/D054-2026-setn-zhu-hao,研究基础,MBL,raw-not-distributed/D054-2026-setn-zhu-hao/wiki.md#semantic,可追溯,,0
6442,academic/wiki/papers/D054-2026-setn-zhu-hao,研究基础,RMT,raw-not-distributed/D054-2026-setn-zhu-hao/wiki.md#semantic,可追溯,,0
6443,statistics-encoded tensor network,基于,MPO,raw-not-distributed/D054-2026-setn-zhu-hao/wiki.md#semantic,可追溯,,0
6444,statistics-encoded tensor network,基于,张量网络,raw-not-distributed/D054-2026-setn-zhu-hao/wiki.md#semantic,可追溯,,0
6445,一阶Trotter分解,应用于,时间演化,raw-not-distributed/D054-2026-setn-zhu-hao/wiki.md#semantic,可追溯,,0
6446,把局域无序编码进辅助层并对无序独立做平均以恢复平移不变性,包含,平移不变性,raw-not-distributed/D054-2026-setn-zhu-hao/paper.md,推断,,0
6447,无序编码效率的普适判据 n ≫ α²t²,包含,判据,raw-not-distributed/D054-2026-setn-zhu-hao/paper.md,推断,,0
6448,阐明转移矩阵主特征值近简并如何发展并控制Thouless时间,包含,转移矩阵,raw-not-distributed/D054-2026-setn-zhu-hao/paper.md,推断,,0
6449,量子并行方法在连续无序分布下需要无穷维辅助空间,包含,量子并行方法,raw-not-distributed/D054-2026-setn-zhu-hao/paper.md,推断,,0
6450,随机量子线路与对偶幺正模型无法推广到自对偶性缺失的一般时间无关哈密顿量,包含,随机量子线路,raw-not-distributed/D054-2026-setn-zhu-hao/paper.md,推断,,0
6451,随机量子线路与对偶幺正模型无法推广到自对偶性缺失的一般时间无关哈密顿量,包含,对偶幺正模型,raw-not-distributed/D054-2026-setn-zhu-hao/paper.md,推断,,0
6452,随机量子线路与对偶幺正模型无法推广到自对偶性缺失的一般时间无关哈密顿量,包含,模型,raw-not-distributed/D054-2026-setn-zhu-hao/paper.md,推断,,0
6453,随机量子线路与对偶幺正模型无法推广到自对偶性缺失的一般时间无关哈密顿量,包含,量子线路,raw-not-distributed/D054-2026-setn-zhu-hao/paper.md,推断,,0
6666,academic/wiki/papers/D055-2026-fdz-kagome-magnetic-platform,来源,academic/raw/references/D055-2026-fdz-kagome-magnetic-platform/paper,raw-not-distributed/D055-2026-fdz-kagome-magnetic-platform/paper.md,可追溯,,0
6667,Da-zhi Fang,第一作者,academic/wiki/papers/D055-2026-fdz-kagome-magnetic-platform,raw-not-distributed/D055-2026-fdz-kagome-magnetic-platform/wiki.md#semantic,可追溯,,0
6668,Shi-Ju Ran,作者,academic/wiki/papers/D055-2026-fdz-kagome-magnetic-platform,raw-not-distributed/D055-2026-fdz-kagome-magnetic-platform/wiki.md#semantic,可追溯,,0
6669,Gang Su,作者,academic/wiki/papers/D055-2026-fdz-kagome-magnetic-platform,raw-not-distributed/D055-2026-fdz-kagome-magnetic-platform/wiki.md#semantic,可追溯,,0
6670,academic/wiki/papers/D055-2026-fdz-kagome-magnetic-platform,主要研究,磁化平台内的两种价键图案相变,raw-not-distributed/D055-2026-fdz-kagome-magnetic-platform/wiki.md#semantic,可追溯,,0
6671,academic/wiki/papers/D055-2026-fdz-kagome-magnetic-platform,核心创新点,交换各向异性诱导的价键图案反转,raw-not-distributed/D055-2026-fdz-kagome-magnetic-platform/wiki.md#semantic,可追溯,,0
6672,academic/wiki/papers/D055-2026-fdz-kagome-magnetic-platform,核心创新点,价键图案再进入现象,raw-not-distributed/D055-2026-fdz-kagome-magnetic-platform/wiki.md#semantic,可追溯,,0
6673,academic/wiki/papers/D055-2026-fdz-kagome-magnetic-platform,核心方法,通过调节交换各向异性研究相变,raw-not-distributed/D055-2026-fdz-kagome-magnetic-platform/wiki.md#semantic,可追溯,,0
6674,academic/wiki/papers/D055-2026-fdz-kagome-magnetic-platform,研究基础,局域磁化率,raw-not-distributed/D055-2026-fdz-kagome-magnetic-platform/wiki.md#semantic,可追溯,,0
6675,academic/wiki/papers/D055-2026-fdz-kagome-magnetic-platform,研究基础,最近邻关联,raw-not-distributed/D055-2026-fdz-kagome-magnetic-platform/wiki.md#semantic,可追溯,,0
6676,academic/wiki/papers/D055-2026-fdz-kagome-magnetic-platform,研究基础,纠缠熵,raw-not-distributed/D055-2026-fdz-kagome-magnetic-platform/wiki.md#semantic,可追溯,,0
6677,academic/wiki/papers/D055-2026-fdz-kagome-magnetic-platform,研究基础,关联长度,raw-not-distributed/D055-2026-fdz-kagome-magnetic-platform/wiki.md#semantic,可追溯,,0
6678,academic/wiki/papers/D055-2026-fdz-kagome-magnetic-platform,探索,磁化平台,raw-not-distributed/D055-2026-fdz-kagome-magnetic-platform/wiki.md#semantic,可追溯,,0
6679,academic/wiki/papers/D055-2026-fdz-kagome-magnetic-platform,探索,扭曲格点,raw-not-distributed/D055-2026-fdz-kagome-magnetic-platform/wiki.md#semantic,可追溯,,0
6680,academic/wiki/papers/D055-2026-fdz-kagome-magnetic-platform,探索,两种价键图案之间的直接相变,raw-not-distributed/D055-2026-fdz-kagome-magnetic-platform/wiki.md#semantic,可追溯,,0
6681,交换各向异性,诱导,价键图案反转,raw-not-distributed/D055-2026-fdz-kagome-magnetic-platform/wiki.md#semantic,可追溯,,0
6682,交换各向异性,引发,再进入现象,raw-not-distributed/D055-2026-fdz-kagome-magnetic-platform/wiki.md#semantic,可追溯,,0
6683,价键图案反转,伴随,局域磁化率奇异性,raw-not-distributed/D055-2026-fdz-kagome-magnetic-platform/wiki.md#semantic,可追溯,,0
6684,价键图案反转,伴随,最近邻关联奇异性,raw-not-distributed/D055-2026-fdz-kagome-magnetic-platform/wiki.md#semantic,可追溯,,0
6685,价键图案反转,伴随,纠缠熵奇异性,raw-not-distributed/D055-2026-fdz-kagome-magnetic-platform/wiki.md#semantic,可追溯,,0
6686,价键图案反转,伴随,关联长度奇异性,raw-not-distributed/D055-2026-fdz-kagome-magnetic-platform/wiki.md#semantic,可追溯,,0
6687,两种价键图案相变,伴随,保真度近乎为零,raw-not-distributed/D055-2026-fdz-kagome-magnetic-platform/wiki.md#semantic,可追溯,,0
6688,磁化平台内的两种价键图案相变,涉及,几何阻挫量子系统,raw-not-distributed/D055-2026-fdz-kagome-magnetic-platform/wiki.md#semantic,可追溯,,0
6689,磁化平台内的两种价键图案相变,涉及,非常规磁化平台相,raw-not-distributed/D055-2026-fdz-kagome-magnetic-platform/wiki.md#semantic,可追溯,,0
6690,academic/wiki/papers/D055-2026-fdz-kagome-magnetic-platform,核心方法,外磁场沿自旋方向调节交换各向异性,raw-not-distributed/D055-2026-fdz-kagome-magnetic-platform/wiki.md#semantic,可追溯,,0
6691,academic/wiki/papers/D055-2026-fdz-kagome-magnetic-platform,核心创新点,发现可逆价键图案反转,raw-not-distributed/D055-2026-fdz-kagome-magnetic-platform/wiki.md#semantic,可追溯,,0
6692,academic/wiki/papers/D055-2026-fdz-kagome-magnetic-platform,核心创新点,发现相变边界处多可观测量同时出现奇异性,raw-not-distributed/D055-2026-fdz-kagome-magnetic-platform/wiki.md#semantic,可追溯,,0
6693,磁化平台内的两种价键图案相变,包含,两种价键图案相变,raw-not-distributed/D055-2026-fdz-kagome-magnetic-platform/paper.md,推断,,0
6694,通过调节交换各向异性研究相变,包含,交换各向异性,raw-not-distributed/D055-2026-fdz-kagome-magnetic-platform/paper.md,推断,,0
6695,局域磁化率奇异性,包含,局域磁化率,raw-not-distributed/D055-2026-fdz-kagome-magnetic-platform/paper.md,推断,,0
6696,最近邻关联奇异性,包含,最近邻关联,raw-not-distributed/D055-2026-fdz-kagome-magnetic-platform/paper.md,推断,,0
6697,纠缠熵奇异性,包含,纠缠熵,raw-not-distributed/D055-2026-fdz-kagome-magnetic-platform/paper.md,推断,,0
6698,关联长度奇异性,包含,关联长度,raw-not-distributed/D055-2026-fdz-kagome-magnetic-platform/paper.md,推断,,0
6699,外磁场沿自旋方向调节交换各向异性,包含,交换各向异性,raw-not-distributed/D055-2026-fdz-kagome-magnetic-platform/paper.md,推断,,0
6700,价键图案再进入现象,包含,现象,raw-not-distributed/D055-2026-fdz-kagome-magnetic-platform/paper.md,推断,,0
6701,发现相变边界处多可观测量同时出现奇异性,包含,KT,raw-not-distributed/D055-2026-fdz-kagome-magnetic-platform/paper.md,推断,,0
6809,academic/wiki/hubs/二维量子多体系统与临界性,子方向,academic/wiki/hubs/关联长度与最近邻关联诊断,,推断,,0
6927,academic/wiki/papers/D056-2026-icomputing-qml-orthogonality,来源,academic/raw/references/D056-2026-icomputing-qml-orthogonality/paper,raw-not-distributed/D056-2026-icomputing-qml-orthogonality/paper.md,可追溯,,0
6928,academic/wiki/papers/D056-2026-icomputing-qml-orthogonality,发表于,Intell. Comput.,raw-not-distributed/D056-2026-icomputing-qml-orthogonality/wiki.md#semantic,可追溯,,0
6929,Sheng-Chen Bai,第一作者,academic/wiki/papers/D056-2026-icomputing-qml-orthogonality,raw-not-distributed/D056-2026-icomputing-qml-orthogonality/wiki.md#semantic,可追溯,,0
6930,Kun Zhang,作者,academic/wiki/papers/D056-2026-icomputing-qml-orthogonality,raw-not-distributed/D056-2026-icomputing-qml-orthogonality/wiki.md#semantic,可追溯,,0
6931,Shi-Ju Ran,作者,academic/wiki/papers/D056-2026-icomputing-qml-orthogonality,raw-not-distributed/D056-2026-icomputing-qml-orthogonality/wiki.md#semantic,可追溯,,0
6932,academic/wiki/papers/D056-2026-icomputing-qml-orthogonality,核心方法,多自旋量子特征映射msQFM,raw-not-distributed/D056-2026-icomputing-qml-orthogonality/wiki.md#semantic,可追溯,,0
6933,academic/wiki/papers/D056-2026-icomputing-qml-orthogonality,核心方法,多比特编码,raw-not-distributed/D056-2026-icomputing-qml-orthogonality/wiki.md#semantic,可追溯,,0
6934,academic/wiki/papers/D056-2026-icomputing-qml-orthogonality,核心方法,MPS,raw-not-distributed/D056-2026-icomputing-qml-orthogonality/wiki.md#semantic,可追溯,,0
6935,academic/wiki/papers/D056-2026-icomputing-qml-orthogonality,核心方法,TTN,raw-not-distributed/D056-2026-icomputing-qml-orthogonality/wiki.md#semantic,可追溯,,0
6936,academic/wiki/papers/D056-2026-icomputing-qml-orthogonality,核心创新点,COO,raw-not-distributed/D056-2026-icomputing-qml-orthogonality/wiki.md#semantic,可追溯,,0
6937,academic/wiki/papers/D056-2026-icomputing-qml-orthogonality,核心创新点,msQFM-copy编码方案,raw-not-distributed/D056-2026-icomputing-qml-orthogonality/wiki.md#semantic,可追溯,,0
6938,academic/wiki/papers/D056-2026-icomputing-qml-orthogonality,核心创新点,msQFM-binary编码方案,raw-not-distributed/D056-2026-icomputing-qml-orthogonality/wiki.md#semantic,可追溯,,0
6939,academic/wiki/papers/D056-2026-icomputing-qml-orthogonality,核心创新点,过度正交化现象,raw-not-distributed/D056-2026-icomputing-qml-orthogonality/wiki.md#semantic,可追溯,,0
6940,academic/wiki/papers/D056-2026-icomputing-qml-orthogonality,研究基础,量子概率解释,raw-not-distributed/D056-2026-icomputing-qml-orthogonality/wiki.md#semantic,可追溯,,0
6941,academic/wiki/papers/D056-2026-icomputing-qml-orthogonality,研究基础,张量网络,raw-not-distributed/D056-2026-icomputing-qml-orthogonality/wiki.md#semantic,可追溯,,0
6942,academic/wiki/papers/D056-2026-icomputing-qml-orthogonality,研究基础,Born统计解释,raw-not-distributed/D056-2026-icomputing-qml-orthogonality/wiki.md#semantic,可追溯,,0
6943,academic/wiki/papers/D056-2026-icomputing-qml-orthogonality,核心方法,量子态映射,raw-not-distributed/D056-2026-icomputing-qml-orthogonality/wiki.md#semantic,可追溯,,0
6944,academic/wiki/papers/D056-2026-icomputing-qml-orthogonality,局限性,复杂度随拷贝数H线性增长,raw-not-distributed/D056-2026-icomputing-qml-orthogonality/wiki.md#semantic,可追溯,,0
6945,msQFM-binary,对比,msQFM-copy,raw-not-distributed/D056-2026-icomputing-qml-orthogonality/wiki.md#semantic,可追溯,,0
6946,COO,调控,表征能力,raw-not-distributed/D056-2026-icomputing-qml-orthogonality/wiki.md#semantic,可追溯,,0
6947,COO,调控,泛化能力,raw-not-distributed/D056-2026-icomputing-qml-orthogonality/wiki.md#semantic,可追溯,,0
6948,msQFM,扩展,量子特征映射,raw-not-distributed/D056-2026-icomputing-qml-orthogonality/wiki.md#semantic,可追溯,,0
6949,msQFM-copy,应用于,多比特编码,raw-not-distributed/D056-2026-icomputing-qml-orthogonality/wiki.md#semantic,可追溯,,0
6950,msQFM-binary,应用于,多比特编码,raw-not-distributed/D056-2026-icomputing-qml-orthogonality/wiki.md#semantic,可追溯,,0
6951,张量网络,基于,量子概率解释,raw-not-distributed/D056-2026-icomputing-qml-orthogonality/wiki.md#semantic,可追溯,,0
6952,MPS,属于,张量网络,raw-not-distributed/D056-2026-icomputing-qml-orthogonality/wiki.md#semantic,可追溯,,0
6953,TTN,属于,张量网络,raw-not-distributed/D056-2026-icomputing-qml-orthogonality/wiki.md#semantic,可追溯,,0
6954,多自旋量子特征映射msQFM,包含,msQFM,raw-not-distributed/D056-2026-icomputing-qml-orthogonality/paper.md,推断,,0
6955,多自旋量子特征映射msQFM,包含,量子特征映射,raw-not-distributed/D056-2026-icomputing-qml-orthogonality/paper.md,推断,,0
6956,msQFM-binary,包含,msQFM,raw-not-distributed/D056-2026-icomputing-qml-orthogonality/paper.md,推断,,0
6957,msQFM-copy,包含,msQFM,raw-not-distributed/D056-2026-icomputing-qml-orthogonality/paper.md,推断,,0
6958,msQFM-copy编码方案,包含,多自旋量子特征映射msQFM,raw-not-distributed/D056-2026-icomputing-qml-orthogonality/paper.md,推断,,0
6959,msQFM-binary编码方案,包含,多自旋量子特征映射msQFM,raw-not-distributed/D056-2026-icomputing-qml-orthogonality/paper.md,推断,,0
6960,过度正交化现象,包含,现象,raw-not-distributed/D056-2026-icomputing-qml-orthogonality/paper.md,推断,,0
7076,academic/wiki/hubs/张量网络方法与机器学习,子方向,academic/wiki/hubs/msQFM 及其编码方案,,推断,,0
7077,ADTN,聚类于,academic/wiki/hubs/PEPS 与 iPEPS 更新方法,,推断,0.6783,0
7078,BEE,聚类于,academic/wiki/hubs/局域与双体纠缠熵及面积律,,推断,0.8252,0
7079,DMRG,聚类于,academic/wiki/hubs/张量重正化群及可微变体,,推断,0.6819,0
7080,EBH,聚类于,academic/wiki/hubs/PEPS/PESS 表示及高维推广,,推断,0.6631,0
7081,FTN,聚类于,academic/wiki/hubs/PEPS 与 iPEPS 更新方法,,推断,0.7048,0
7082,Hartree–Fock方法,聚类于,academic/wiki/hubs/多参考 Hartree–Fock 与耦合簇方法,,推断,0.7639,0
7083,LTRG,聚类于,academic/wiki/hubs/张量重正化群及可微变体,,推断,0.8276,0
7084,MERA,聚类于,academic/wiki/hubs/PEPS 与 iPEPS 更新方法,,推断,0.6673,0
7085,MPD,聚类于,academic/wiki/hubs/PEPS/PESS 表示及高维推广,,推断,0.6752,0
7086,MPD,聚类于,academic/wiki/hubs/PEPS 与 iPEPS 更新方法,,推断,0.6711,0
7087,MPS,聚类于,academic/wiki/hubs/PEPS/PESS 表示及高维推广,,推断,0.7168,0
7088,MPS,聚类于,academic/wiki/hubs/PEPS 与 iPEPS 更新方法,,推断,0.7086,0
7089,MR-CC,聚类于,academic/wiki/hubs/多参考 Hartree–Fock 与耦合簇方法,,推断,0.6743,0
7090,NTD,聚类于,academic/wiki/hubs/PEPS 与 iPEPS 更新方法,,推断,0.6651,0
7091,Néel相纠缠熵随截断维度呈对数标度,聚类于,academic/wiki/hubs/局域与双体纠缠熵及面积律,,推断,0.6211,0
7092,ODTNS,聚类于,academic/wiki/hubs/PEPS 与 iPEPS 更新方法,,推断,0.7024,0
7093,PEPS,聚类于,academic/wiki/hubs/PEPS/PESS 表示及高维推广,,推断,0.8178,0
7094,PEPS,聚类于,academic/wiki/hubs/PEPS 与 iPEPS 更新方法,,推断,0.7354,0
7095,PESS,聚类于,academic/wiki/hubs/PEPS/PESS 表示及高维推广,,推断,0.8062,0
7096,PauliNet,聚类于,academic/wiki/hubs/神经网络求解电子薛定谔方程,,推断,0.8477,0
7097,QES,聚类于,academic/wiki/hubs/PEPS/PESS 表示及高维推广,,推断,0.6717,0
7098,Residual matrix product state,聚类于,academic/wiki/hubs/PEPS/PESS 表示及高维推广,,推断,0.6486,0
7099,SEE,聚类于,academic/wiki/hubs/局域与双体纠缠熵及面积律,,推断,0.8609,0
7100,TNS,聚类于,academic/wiki/hubs/PEPS 与 iPEPS 更新方法,,推断,0.7404,0
7101,TPDO,聚类于,academic/wiki/hubs/PEPS 与 iPEPS 更新方法,,推断,0.6868,0
7102,TRD,聚类于,academic/wiki/hubs/PEPS 与 iPEPS 更新方法,,推断,0.674,0
7103,TRG,聚类于,academic/wiki/hubs/张量重正化群及可微变体,,推断,0.649,0
7104,TT,聚类于,academic/wiki/hubs/PEPS 与 iPEPS 更新方法,,推断,0.6712,0
7105,TTD,聚类于,academic/wiki/hubs/PEPS 与 iPEPS 更新方法,,推断,0.6997,0
7106,TTN,聚类于,academic/wiki/hubs/PEPS 与 iPEPS 更新方法,,推断,0.7139,0
7107,TVBC,聚类于,academic/wiki/hubs/价键固体与价键晶体,,推断,0.7997,0
7108,VBC,聚类于,academic/wiki/hubs/价键固体与价键晶体,,推断,0.6199,0
7109,statistics-encoded tensor network,聚类于,academic/wiki/hubs/PEPS 与 iPEPS 更新方法,,推断,0.66,0
7110,一维自旋模型,聚类于,academic/wiki/hubs/一维量子自旋链与基态,,推断,0.7825,0
7111,一维自旋模型,聚类于,academic/wiki/hubs/量子自旋模型与自旋液体,,推断,0.7133,0
7112,与变分量子本征求解器结合,聚类于,academic/wiki/hubs/量子与变分蒙特卡洛方法,,推断,0.748,0
7113,临界指数临界指数,聚类于,academic/wiki/hubs/局域与双体纠缠熵及面积律,,推断,0.6578,0
7114,二分纠缠熵上界受电路层数限制,聚类于,academic/wiki/hubs/局域与双体纠缠熵及面积律,,推断,0.6267,0
7115,二维张量网络方法,聚类于,academic/wiki/hubs/PEPS 与 iPEPS 更新方法,,推断,0.6715,0
7116,二维模型,聚类于,academic/wiki/hubs/Heisenberg 反铁磁模型,,推断,0.7051,0
7117,二维量子模型,聚类于,academic/wiki/hubs/二维量子多体系统与临界性,,推断,0.7673,0
7118,二维量子模型映射为三维闭合张量网络,聚类于,academic/wiki/hubs/二维量子多体系统与临界性,,推断,0.7317,0
7119,二聚化价键晶体,聚类于,academic/wiki/hubs/价键固体与价键晶体,,推断,0.8076,0
7120,价键固体valence bond solid(VBS),聚类于,academic/wiki/hubs/价键固体与价键晶体,,推断,0.7468,0
7121,借助PEPO等热力学张量网络方法推广到更高维度,聚类于,academic/wiki/hubs/PEPS 与 iPEPS 更新方法,,推断,0.6713,0
7122,全更新无穷投影纠缠对态,聚类于,academic/wiki/hubs/PEPS/PESS 表示及高维推广,,推断,0.8011,0
7123,关联长度,聚类于,academic/wiki/hubs/关联长度与最近邻关联诊断,,推断,0.7703,0
7124,关联长度关联长度,聚类于,academic/wiki/hubs/局域与双体纠缠熵及面积律,,推断,0.6689,0
7125,关联长度奇异性,聚类于,academic/wiki/hubs/关联长度与最近邻关联诊断,,推断,0.8294,0
7126,准纠缠熵,聚类于,academic/wiki/hubs/局域与双体纠缠熵及面积律,,推断,0.5926,0
7127,变分蒙特卡洛,聚类于,academic/wiki/hubs/量子与变分蒙特卡洛方法,,推断,0.6024,0
7128,可微张量重正,聚类于,academic/wiki/hubs/张量重正化群及可微变体,,推断,0.6203,0
7129,可微张量重正化群,聚类于,academic/wiki/hubs/张量重正化群及可微变体,,推断,0.6373,0
7130,各向同性反铁磁模型,聚类于,academic/wiki/hubs/Heisenberg 反铁磁模型,,推断,0.8112,0
7131,含对称性的投影纠缠对态,聚类于,academic/wiki/hubs/PEPS/PESS 表示及高维推广,,推断,0.7058,0
7132,含对称性的投影纠缠对态,聚类于,academic/wiki/hubs/PEPS 与 iPEPS 更新方法,,推断,0.6467,0
7133,多参考方法,聚类于,academic/wiki/hubs/多参考 Hartree–Fock 与耦合簇方法,,推断,0.7992,0
7134,多自旋量子特征映射msQFM,聚类于,academic/wiki/hubs/msQFM 及其编码方案,,推断,0.8462,0
7135,对称张量网络态,聚类于,academic/wiki/hubs/PEPS 与 iPEPS 更新方法,,推断,0.7299,0
7136,将变分参数量从指数级复杂度降至线性级复杂度,聚类于,academic/wiki/hubs/张量网络方法与机器学习,,推断,0.6979,0
7137,将神经网络层的变分参数编码为深层张量网络的收缩结果,聚类于,academic/wiki/hubs/张量网络方法与机器学习,,推断,0.7402,0
7138,引入准纠缠熵、李雅普诺夫指数和环路特征三个非局域量探测相变,聚类于,academic/wiki/hubs/局域与双体纠缠熵及面积律,,推断,0.6367,0
7139,引入无约束潜门作为变分参数,聚类于,academic/wiki/hubs/量子与变分蒙特卡洛方法,,推断,0.6693,0
7140,张量网络,聚类于,academic/wiki/hubs/PEPS 与 iPEPS 更新方法,,推断,0.727,0
7141,张量网络算法张量网络算法,聚类于,academic/wiki/hubs/张量网络方法与机器学习,,推断,0.7808,0
7142,拓扑Renyi,聚类于,academic/wiki/hubs/拓扑纠缠熵与 Rényi 诊断,,推断,0.7671,0
7143,拓扑Renyi熵,聚类于,academic/wiki/hubs/拓扑纠缠熵与 Rényi 诊断,,推断,0.8229,0
7144,拓扑纠缠熵,聚类于,academic/wiki/hubs/拓扑纠缠熵与 Rényi 诊断,,推断,0.6906,0
7145,指定矩阵乘积纠缠,聚类于,academic/wiki/hubs/PEPS/PESS 表示及高维推广,,推断,0.7186,0
7146,指定矩阵乘积纠缠,聚类于,academic/wiki/hubs/PEPS 与 iPEPS 更新方法,,推断,0.6782,0
7147,推广到投影纠缠对态,聚类于,academic/wiki/hubs/PEPS/PESS 表示及高维推广,,推断,0.682,0
7148,推广至多电子薛定谔方程反演,聚类于,academic/wiki/hubs/神经网络求解电子薛定谔方程,,推断,0.6799,0
7149,推广至高维投影纠缠对态,聚类于,academic/wiki/hubs/PEPS/PESS 表示及高维推广,,推断,0.6655,0
7150,无穷投影纠缠对态,聚类于,academic/wiki/hubs/PEPS/PESS 表示及高维推广,,推断,0.6031,0
7151,无限投影纠缠对态,聚类于,academic/wiki/hubs/PEPS/PESS 表示及高维推广,,推断,0.7849,0
7152,无限投影纠缠对态,聚类于,academic/wiki/hubs/PEPS 与 iPEPS 更新方法,,推断,0.7107,0
7153,时间矩阵乘积态,聚类于,academic/wiki/hubs/PEPS/PESS 表示及高维推广,,推断,0.691,0
7154,时间矩阵乘积态,聚类于,academic/wiki/hubs/PEPS 与 iPEPS 更新方法,,推断,0.6805,0
7155,最近邻关联,聚类于,academic/wiki/hubs/关联长度与最近邻关联诊断,,推断,0.6948,0
7156,最近邻关联奇异性,聚类于,academic/wiki/hubs/关联长度与最近邻关联诊断,,推断,0.7684,0
7157,横向伊辛模型横场伊辛模型,聚类于,academic/wiki/hubs/量子自旋模型与自旋液体,,推断,0.6722,0
7158,沿链外加磁场选取使纠缠熵极大值方向,聚类于,academic/wiki/hubs/纠缠熵与纠缠谱诊断,,推断,0.6677,0
7159,波函数,聚类于,academic/wiki/hubs/神经网络求解电子薛定谔方程,,推断,0.7659,0
7160,测量引起纠缠熵变化,聚类于,academic/wiki/hubs/纠缠熵与纠缠谱诊断,,推断,0.7134,0
7161,深层张量网络,聚类于,academic/wiki/hubs/PEPS 与 iPEPS 更新方法,,推断,0.6605,0
7162,电子薛定谔方程,聚类于,academic/wiki/hubs/神经网络求解电子薛定谔方程,,推断,0.7615,0
7163,电子薛定谔方程求解,聚类于,academic/wiki/hubs/神经网络求解电子薛定谔方程,,推断,0.7724,0
7164,确定价键固体相与量子自旋液体之间的量子相变,聚类于,academic/wiki/hubs/关联长度与最近邻关联诊断,,推断,0.7184,0
7165,确定价键固体相与量子自旋液体之间的量子相变,聚类于,academic/wiki/hubs/量子自旋模型与自旋液体,,推断,0.6649,0
7166,立方晶格,聚类于,academic/wiki/hubs/量子格点模型的晶格几何,,推断,0.6899,0
7167,简单立方格子简单立方格子,聚类于,academic/wiki/hubs/量子格点模型的晶格几何,,推断,0.7887,0
7168,纠缠熵,聚类于,academic/wiki/hubs/纠缠熵与纠缠谱诊断,,推断,0.6971,0
7169,纠缠熵奇异性,聚类于,academic/wiki/hubs/纠缠熵与纠缠谱诊断,,推断,0.6948,0
7170,纠缠熵纠缠熵,聚类于,academic/wiki/hubs/局域与双体纠缠熵及面积律,,推断,0.8496,0
7171,纠缠熵纠缠熵,聚类于,academic/wiki/hubs/纠缠熵与纠缠谱诊断,,推断,0.7693,0
7172,纠缠熵面积律,聚类于,academic/wiki/hubs/局域与双体纠缠熵及面积律,,推断,0.594,0
7173,纠缠谱,聚类于,academic/wiki/hubs/纠缠熵与纠缠谱诊断,,推断,0.6385,0
7174,纠缠谱entanglement spectrum,聚类于,academic/wiki/hubs/纠缠熵与纠缠谱诊断,,推断,0.7188,0
7175,纠缠谱随键维演化判据,聚类于,academic/wiki/hubs/纠缠熵与纠缠谱诊断,,推断,0.6356,0
7176,自动可微张量网络自动可微张量网络,聚类于,academic/wiki/hubs/PEPS 与 iPEPS 更新方法,,推断,0.6978,0
7177,蒙特卡洛采样,聚类于,academic/wiki/hubs/量子与变分蒙特卡洛方法,,推断,0.591,0
7178,蜂窝晶格,聚类于,academic/wiki/hubs/量子格点模型的晶格几何,,推断,0.6745,0
7179,蜂窝格子蜂窝格子,聚类于,academic/wiki/hubs/量子格点模型的晶格几何,,推断,0.7371,0
7180,识别出无隙费米型代数量子自旋液体,聚类于,academic/wiki/hubs/量子自旋模型与自旋液体,,推断,0.7689,0
7181,识别出无隙费米型代数量子自旋液体,聚类于,academic/wiki/hubs/关联长度与最近邻关联诊断,,推断,0.6778,0
7182,费米型代数量子自旋液体fermionic algebraic quantum spin liquid,聚类于,academic/wiki/hubs/量子自旋模型与自旋液体,,推断,0.7519,0
7183,费米型代数量子自旋液体fermionic algebraic quantum spin liquid,聚类于,academic/wiki/hubs/关联长度与最近邻关联诊断,,推断,0.6873,0
7184,边界张量边界张量,聚类于,academic/wiki/hubs/张量网络方法与机器学习,,推断,0.6786,0
7185,边界张量边界张量,聚类于,academic/wiki/hubs/局域与双体纠缠熵及面积律,,推断,0.6515,0
7186,边界态纠缠谱,聚类于,academic/wiki/hubs/纠缠熵与纠缠谱诊断,,推断,0.7268,0
7187,通过纠缠熵变化无监督识别信息性像素,聚类于,academic/wiki/hubs/拓扑纠缠熵与 Rényi 诊断,,推断,0.7296,0
7188,通过纠缠熵变化符号揭示特征间纠缠结构,聚类于,academic/wiki/hubs/拓扑纠缠熵与 Rényi 诊断,,推断,0.8009,0
7189,通过边界态纠缠谱行为表征二维量子态临界性,聚类于,academic/wiki/hubs/二维量子多体系统与临界性,,推断,0.6787,0
7190,部分张量网络态方法,聚类于,academic/wiki/hubs/PEPS 与 iPEPS 更新方法,,推断,0.7234,0
7191,量子特征映射,聚类于,academic/wiki/hubs/msQFM 及其编码方案,,推断,0.697,0
7192,量子相变量子相变,聚类于,academic/wiki/hubs/纠缠熵与纠缠谱诊断,,推断,0.6659,0
7193,量子相变量子相变,聚类于,academic/wiki/hubs/局域与双体纠缠熵及面积律,,推断,0.665,0
7194,量子自旋模型,聚类于,academic/wiki/hubs/一维量子自旋链与基态,,推断,0.7597,0
7195,量子自旋模型量子自旋模型,聚类于,academic/wiki/hubs/量子自旋模型与自旋液体,,推断,0.8044,0
7196,量子蒙特卡洛,聚类于,academic/wiki/hubs/量子与变分蒙特卡洛方法,,推断,0.6011,0
7197,量子蒙特卡洛方法,聚类于,academic/wiki/hubs/量子与变分蒙特卡洛方法,,推断,0.6138,0
