edge_id,origin_page,source,recorded_at
1,academic/wiki/papers/D001-2010-distorted-kagome,raw-not-distributed/D001-2010-distorted-kagome/paper.md,2026-08-29 07:49:41
2,academic/wiki/papers/D001-2010-distorted-kagome,raw-not-distributed/D001-2010-distorted-kagome/wiki.md#semantic,2026-08-29 07:49:41
3,academic/wiki/papers/D001-2010-distorted-kagome,raw-not-distributed/D001-2010-distorted-kagome/wiki.md#semantic,2026-08-29 07:49:41
4,academic/wiki/papers/D001-2010-distorted-kagome,raw-not-distributed/D001-2010-distorted-kagome/wiki.md#semantic,2026-08-29 07:49:41
5,academic/wiki/papers/D001-2010-distorted-kagome,raw-not-distributed/D001-2010-distorted-kagome/wiki.md#semantic,2026-08-29 07:49:41
6,academic/wiki/papers/D001-2010-distorted-kagome,raw-not-distributed/D001-2010-distorted-kagome/wiki.md#semantic,2026-08-29 07:49:41
7,academic/wiki/papers/D001-2010-distorted-kagome,raw-not-distributed/D001-2010-distorted-kagome/wiki.md#semantic,2026-08-29 07:49:41
8,academic/wiki/papers/D001-2010-distorted-kagome,raw-not-distributed/D001-2010-distorted-kagome/wiki.md#semantic,2026-08-29 07:49:41
9,academic/wiki/papers/D001-2010-distorted-kagome,raw-not-distributed/D001-2010-distorted-kagome/wiki.md#semantic,2026-08-29 07:49:41
10,academic/wiki/papers/D001-2010-distorted-kagome,raw-not-distributed/D001-2010-distorted-kagome/wiki.md#semantic,2026-08-29 07:49:41
11,academic/wiki/papers/D001-2010-distorted-kagome,raw-not-distributed/D001-2010-distorted-kagome/wiki.md#semantic,2026-08-29 07:49:41
12,academic/wiki/papers/D001-2010-distorted-kagome,raw-not-distributed/D001-2010-distorted-kagome/wiki.md#semantic,2026-08-29 07:49:41
13,academic/wiki/papers/D001-2010-distorted-kagome,raw-not-distributed/D001-2010-distorted-kagome/wiki.md#semantic,2026-08-29 07:49:41
14,academic/wiki/papers/D001-2010-distorted-kagome,raw-not-distributed/D001-2010-distorted-kagome/wiki.md#semantic,2026-08-29 07:49:41
15,academic/wiki/papers/D001-2010-distorted-kagome,raw-not-distributed/D001-2010-distorted-kagome/wiki.md#semantic,2026-08-29 07:49:41
16,academic/wiki/papers/D001-2010-distorted-kagome,raw-not-distributed/D001-2010-distorted-kagome/wiki.md#semantic,2026-08-29 07:49:41
17,academic/wiki/papers/D001-2010-distorted-kagome,raw-not-distributed/D001-2010-distorted-kagome/wiki.md#semantic,2026-08-29 07:49:41
18,academic/wiki/papers/D001-2010-distorted-kagome,raw-not-distributed/D001-2010-distorted-kagome/wiki.md#semantic,2026-08-29 07:49:41
19,academic/wiki/papers/D001-2010-distorted-kagome,raw-not-distributed/D001-2010-distorted-kagome/wiki.md#semantic,2026-08-29 07:49:41
20,academic/wiki/papers/D001-2010-distorted-kagome,raw-not-distributed/D001-2010-distorted-kagome/wiki.md#semantic,2026-08-29 07:49:41
21,academic/wiki/papers/D001-2010-distorted-kagome,raw-not-distributed/D001-2010-distorted-kagome/wiki.md#semantic,2026-08-29 07:49:41
22,academic/wiki/papers/D001-2010-distorted-kagome,raw-not-distributed/D001-2010-distorted-kagome/paper.md,2026-08-29 07:49:41
23,academic/wiki/papers/D001-2010-distorted-kagome,raw-not-distributed/D001-2010-distorted-kagome/paper.md,2026-08-29 07:49:41
24,academic/wiki/papers/D001-2010-distorted-kagome,raw-not-distributed/D001-2010-distorted-kagome/paper.md,2026-08-29 07:49:41
25,academic/wiki/papers/D001-2010-distorted-kagome,raw-not-distributed/D001-2010-distorted-kagome/paper.md,2026-08-29 07:49:41
26,academic/wiki/papers/D001-2010-distorted-kagome,raw-not-distributed/D001-2010-distorted-kagome/paper.md,2026-08-29 07:49:41
27,academic/wiki/papers/D002-2010-ltrg,raw-not-distributed/D002-2010-ltrg/paper.md,2026-08-29 07:49:42
28,academic/wiki/papers/D002-2010-ltrg,raw-not-distributed/D002-2010-ltrg/wiki.md#semantic,2026-08-29 07:49:42
29,academic/wiki/papers/D002-2010-ltrg,raw-not-distributed/D002-2010-ltrg/wiki.md#semantic,2026-08-29 07:49:42
30,academic/wiki/papers/D002-2010-ltrg,raw-not-distributed/D002-2010-ltrg/wiki.md#semantic,2026-08-29 07:49:42
31,academic/wiki/papers/D002-2010-ltrg,raw-not-distributed/D002-2010-ltrg/wiki.md#semantic,2026-08-29 07:49:42
32,academic/wiki/papers/D002-2010-ltrg,raw-not-distributed/D002-2010-ltrg/wiki.md#semantic,2026-08-29 07:49:42
33,academic/wiki/papers/D002-2010-ltrg,raw-not-distributed/D002-2010-ltrg/wiki.md#semantic,2026-08-29 07:49:42
34,academic/wiki/papers/D002-2010-ltrg,raw-not-distributed/D002-2010-ltrg/wiki.md#semantic,2026-08-29 07:49:42
35,academic/wiki/papers/D002-2010-ltrg,raw-not-distributed/D002-2010-ltrg/wiki.md#semantic,2026-08-29 07:49:42
36,academic/wiki/papers/D002-2010-ltrg,raw-not-distributed/D002-2010-ltrg/wiki.md#semantic,2026-08-29 07:49:42
37,academic/wiki/papers/D002-2010-ltrg,raw-not-distributed/D002-2010-ltrg/wiki.md#semantic,2026-08-29 07:49:42
38,academic/wiki/papers/D002-2010-ltrg,raw-not-distributed/D002-2010-ltrg/wiki.md#semantic,2026-08-29 07:49:42
39,academic/wiki/papers/D002-2010-ltrg,raw-not-distributed/D002-2010-ltrg/wiki.md#semantic,2026-08-29 07:49:42
40,academic/wiki/papers/D002-2010-ltrg,raw-not-distributed/D002-2010-ltrg/wiki.md#semantic,2026-08-29 07:49:42
41,academic/wiki/papers/D002-2010-ltrg,raw-not-distributed/D002-2010-ltrg/wiki.md#semantic,2026-08-29 07:49:42
42,academic/wiki/papers/D002-2010-ltrg,raw-not-distributed/D002-2010-ltrg/wiki.md#semantic,2026-08-29 07:49:42
43,academic/wiki/papers/D002-2010-ltrg,raw-not-distributed/D002-2010-ltrg/wiki.md#semantic,2026-08-29 07:49:42
44,academic/wiki/papers/D003-2012-spin-1-chain-闫,raw-not-distributed/D003-2012-spin-1-chain-闫/paper.md,2026-08-29 07:49:43
45,academic/wiki/papers/D003-2012-spin-1-chain-闫,raw-not-distributed/D003-2012-spin-1-chain-闫/wiki.md#semantic,2026-08-29 07:49:43
46,academic/wiki/papers/D003-2012-spin-1-chain-闫,raw-not-distributed/D003-2012-spin-1-chain-闫/wiki.md#semantic,2026-08-29 07:49:43
47,academic/wiki/papers/D003-2012-spin-1-chain-闫,raw-not-distributed/D003-2012-spin-1-chain-闫/wiki.md#semantic,2026-08-29 07:49:43
48,academic/wiki/papers/D003-2012-spin-1-chain-闫,raw-not-distributed/D003-2012-spin-1-chain-闫/wiki.md#semantic,2026-08-29 07:49:43
49,academic/wiki/papers/D003-2012-spin-1-chain-闫,raw-not-distributed/D003-2012-spin-1-chain-闫/wiki.md#semantic,2026-08-29 07:49:43
50,academic/wiki/papers/D003-2012-spin-1-chain-闫,raw-not-distributed/D003-2012-spin-1-chain-闫/wiki.md#semantic,2026-08-29 07:49:43
51,academic/wiki/papers/D003-2012-spin-1-chain-闫,raw-not-distributed/D003-2012-spin-1-chain-闫/wiki.md#semantic,2026-08-29 07:49:43
52,academic/wiki/papers/D003-2012-spin-1-chain-闫,raw-not-distributed/D003-2012-spin-1-chain-闫/wiki.md#semantic,2026-08-29 07:49:43
53,academic/wiki/papers/D003-2012-spin-1-chain-闫,raw-not-distributed/D003-2012-spin-1-chain-闫/wiki.md#semantic,2026-08-29 07:49:43
54,academic/wiki/papers/D003-2012-spin-1-chain-闫,raw-not-distributed/D003-2012-spin-1-chain-闫/wiki.md#semantic,2026-08-29 07:49:43
55,academic/wiki/papers/D003-2012-spin-1-chain-闫,raw-not-distributed/D003-2012-spin-1-chain-闫/wiki.md#semantic,2026-08-29 07:49:43
56,academic/wiki/papers/D003-2012-spin-1-chain-闫,raw-not-distributed/D003-2012-spin-1-chain-闫/wiki.md#semantic,2026-08-29 07:49:43
57,academic/wiki/papers/D003-2012-spin-1-chain-闫,raw-not-distributed/D003-2012-spin-1-chain-闫/wiki.md#semantic,2026-08-29 07:49:43
58,academic/wiki/papers/D003-2012-spin-1-chain-闫,raw-not-distributed/D003-2012-spin-1-chain-闫/wiki.md#semantic,2026-08-29 07:49:43
59,academic/wiki/papers/D003-2012-spin-1-chain-闫,raw-not-distributed/D003-2012-spin-1-chain-闫/wiki.md#semantic,2026-08-29 07:49:43
60,academic/wiki/papers/D003-2012-spin-1-chain-闫,raw-not-distributed/D003-2012-spin-1-chain-闫/wiki.md#semantic,2026-08-29 07:49:43
61,academic/wiki/papers/D003-2012-spin-1-chain-闫,raw-not-distributed/D003-2012-spin-1-chain-闫/wiki.md#semantic,2026-08-29 07:49:43
62,academic/wiki/papers/D003-2012-spin-1-chain-闫,raw-not-distributed/D003-2012-spin-1-chain-闫/wiki.md#semantic,2026-08-29 07:49:43
63,academic/wiki/papers/D003-2012-spin-1-chain-闫,raw-not-distributed/D003-2012-spin-1-chain-闫/wiki.md#semantic,2026-08-29 07:49:43
64,academic/wiki/papers/D003-2012-spin-1-chain-闫,raw-not-distributed/D003-2012-spin-1-chain-闫/wiki.md#semantic,2026-08-29 07:49:43
65,academic/wiki/papers/D003-2012-spin-1-chain-闫,raw-not-distributed/D003-2012-spin-1-chain-闫/wiki.md#semantic,2026-08-29 07:49:43
66,academic/wiki/papers/D003-2012-spin-1-chain-闫,raw-not-distributed/D003-2012-spin-1-chain-闫/wiki.md#semantic,2026-08-29 07:49:43
67,academic/wiki/papers/D003-2012-spin-1-chain-闫,raw-not-distributed/D003-2012-spin-1-chain-闫/wiki.md#semantic,2026-08-29 07:49:43
68,academic/wiki/papers/D003-2012-spin-1-chain-闫,raw-not-distributed/D003-2012-spin-1-chain-闫/wiki.md#semantic,2026-08-29 07:49:43
69,academic/wiki/papers/D003-2012-spin-1-chain-闫,raw-not-distributed/D003-2012-spin-1-chain-闫/wiki.md#semantic,2026-08-29 07:49:43
70,academic/wiki/papers/D003-2012-spin-1-chain-闫,raw-not-distributed/D003-2012-spin-1-chain-闫/paper.md,2026-08-29 07:49:43
71,academic/wiki/papers/D003-2012-spin-1-chain-闫,raw-not-distributed/D003-2012-spin-1-chain-闫/paper.md,2026-08-29 07:49:43
72,academic/wiki/papers/D003-2012-spin-1-chain-闫,raw-not-distributed/D003-2012-spin-1-chain-闫/paper.md,2026-08-29 07:49:43
73,academic/wiki/papers/D004-2012-odtns,raw-not-distributed/D004-2012-odtns/paper.md,2026-08-29 07:49:44
74,academic/wiki/papers/D004-2012-odtns,raw-not-distributed/D004-2012-odtns/wiki.md#semantic,2026-08-29 07:49:44
75,academic/wiki/papers/D004-2012-odtns,raw-not-distributed/D004-2012-odtns/wiki.md#semantic,2026-08-29 07:49:44
76,academic/wiki/papers/D004-2012-odtns,raw-not-distributed/D004-2012-odtns/wiki.md#semantic,2026-08-29 07:49:44
77,academic/wiki/papers/D004-2012-odtns,raw-not-distributed/D004-2012-odtns/wiki.md#semantic,2026-08-29 07:49:44
78,academic/wiki/papers/D004-2012-odtns,raw-not-distributed/D004-2012-odtns/wiki.md#semantic,2026-08-29 07:49:44
79,academic/wiki/papers/D004-2012-odtns,raw-not-distributed/D004-2012-odtns/wiki.md#semantic,2026-08-29 07:49:44
80,academic/wiki/papers/D004-2012-odtns,raw-not-distributed/D004-2012-odtns/wiki.md#semantic,2026-08-29 07:49:44
81,academic/wiki/papers/D004-2012-odtns,raw-not-distributed/D004-2012-odtns/wiki.md#semantic,2026-08-29 07:49:44
82,academic/wiki/papers/D004-2012-odtns,raw-not-distributed/D004-2012-odtns/wiki.md#semantic,2026-08-29 07:49:44
83,academic/wiki/papers/D004-2012-odtns,raw-not-distributed/D004-2012-odtns/wiki.md#semantic,2026-08-29 07:49:44
84,academic/wiki/papers/D004-2012-odtns,raw-not-distributed/D004-2012-odtns/wiki.md#semantic,2026-08-29 07:49:44
85,academic/wiki/papers/D004-2012-odtns,raw-not-distributed/D004-2012-odtns/wiki.md#semantic,2026-08-29 07:49:44
86,academic/wiki/papers/D004-2012-odtns,raw-not-distributed/D004-2012-odtns/wiki.md#semantic,2026-08-29 07:49:44
87,academic/wiki/papers/D004-2012-odtns,raw-not-distributed/D004-2012-odtns/wiki.md#semantic,2026-08-29 07:49:44
88,academic/wiki/papers/D004-2012-odtns,raw-not-distributed/D004-2012-odtns/wiki.md#semantic,2026-08-29 07:49:44
89,academic/wiki/papers/D004-2012-odtns,raw-not-distributed/D004-2012-odtns/wiki.md#semantic,2026-08-29 07:49:44
90,academic/wiki/papers/D004-2012-odtns,raw-not-distributed/D004-2012-odtns/wiki.md#semantic,2026-08-29 07:49:44
91,academic/wiki/papers/D004-2012-odtns,raw-not-distributed/D004-2012-odtns/wiki.md#semantic,2026-08-29 07:49:44
92,academic/wiki/papers/D004-2012-odtns,raw-not-distributed/D004-2012-odtns/wiki.md#semantic,2026-08-29 07:49:44
93,academic/wiki/papers/D004-2012-odtns,raw-not-distributed/D004-2012-odtns/wiki.md#semantic,2026-08-29 07:49:44
94,academic/wiki/papers/D004-2012-odtns,raw-not-distributed/D004-2012-odtns/wiki.md#semantic,2026-08-29 07:49:44
95,academic/wiki/papers/D004-2012-odtns,raw-not-distributed/D004-2012-odtns/wiki.md#semantic,2026-08-29 07:49:44
96,academic/wiki/papers/D004-2012-odtns,raw-not-distributed/D004-2012-odtns/wiki.md#semantic,2026-08-29 07:49:44
97,academic/wiki/papers/D004-2012-odtns,raw-not-distributed/D004-2012-odtns/wiki.md#semantic,2026-08-29 07:49:44
98,academic/wiki/papers/D004-2012-odtns,raw-not-distributed/D004-2012-odtns/wiki.md#semantic,2026-08-29 07:49:44
99,academic/wiki/papers/D004-2012-odtns,raw-not-distributed/D004-2012-odtns/wiki.md#semantic,2026-08-29 07:49:44
100,academic/wiki/papers/D004-2012-odtns,raw-not-distributed/D004-2012-odtns/wiki.md#semantic,2026-08-29 07:49:44
101,academic/wiki/papers/D004-2012-odtns,raw-not-distributed/D004-2012-odtns/wiki.md#semantic,2026-08-29 07:49:44
102,academic/wiki/papers/D004-2012-odtns,raw-not-distributed/D004-2012-odtns/wiki.md#semantic,2026-08-29 07:49:44
103,academic/wiki/papers/D004-2012-odtns,raw-not-distributed/D004-2012-odtns/wiki.md#semantic,2026-08-29 07:49:44
104,academic/wiki/papers/D004-2012-odtns,raw-not-distributed/D004-2012-odtns/wiki.md#semantic,2026-08-29 07:49:44
105,academic/wiki/papers/D004-2012-odtns,raw-not-distributed/D004-2012-odtns/paper.md,2026-08-29 07:49:44
106,academic/wiki/papers/D004-2012-odtns,raw-not-distributed/D004-2012-odtns/paper.md,2026-08-29 07:49:44
107,academic/wiki/papers/D004-2012-odtns,raw-not-distributed/D004-2012-odtns/paper.md,2026-08-29 07:49:44
108,academic/wiki/papers/D005-2014-zhaoyanghoneycombladder,raw-not-distributed/D005-2014-zhaoyanghoneycombladder/paper.md,2026-08-29 07:49:45
109,academic/wiki/papers/D005-2014-zhaoyanghoneycombladder,raw-not-distributed/D005-2014-zhaoyanghoneycombladder/wiki.md#semantic,2026-08-29 07:49:45
110,academic/wiki/papers/D005-2014-zhaoyanghoneycombladder,raw-not-distributed/D005-2014-zhaoyanghoneycombladder/wiki.md#semantic,2026-08-29 07:49:45
111,academic/wiki/papers/D005-2014-zhaoyanghoneycombladder,raw-not-distributed/D005-2014-zhaoyanghoneycombladder/wiki.md#semantic,2026-08-29 07:49:45
112,academic/wiki/papers/D005-2014-zhaoyanghoneycombladder,raw-not-distributed/D005-2014-zhaoyanghoneycombladder/wiki.md#semantic,2026-08-29 07:49:45
113,academic/wiki/papers/D005-2014-zhaoyanghoneycombladder,raw-not-distributed/D005-2014-zhaoyanghoneycombladder/wiki.md#semantic,2026-08-29 07:49:45
114,academic/wiki/papers/D005-2014-zhaoyanghoneycombladder,raw-not-distributed/D005-2014-zhaoyanghoneycombladder/wiki.md#semantic,2026-08-29 07:49:45
115,academic/wiki/papers/D005-2014-zhaoyanghoneycombladder,raw-not-distributed/D005-2014-zhaoyanghoneycombladder/wiki.md#semantic,2026-08-29 07:49:45
116,academic/wiki/papers/D005-2014-zhaoyanghoneycombladder,raw-not-distributed/D005-2014-zhaoyanghoneycombladder/wiki.md#semantic,2026-08-29 07:49:45
117,academic/wiki/papers/D005-2014-zhaoyanghoneycombladder,raw-not-distributed/D005-2014-zhaoyanghoneycombladder/wiki.md#semantic,2026-08-29 07:49:45
118,academic/wiki/papers/D005-2014-zhaoyanghoneycombladder,raw-not-distributed/D005-2014-zhaoyanghoneycombladder/wiki.md#semantic,2026-08-29 07:49:45
119,academic/wiki/papers/D005-2014-zhaoyanghoneycombladder,raw-not-distributed/D005-2014-zhaoyanghoneycombladder/wiki.md#semantic,2026-08-29 07:49:45
120,academic/wiki/papers/D005-2014-zhaoyanghoneycombladder,raw-not-distributed/D005-2014-zhaoyanghoneycombladder/wiki.md#semantic,2026-08-29 07:49:45
121,academic/wiki/papers/D005-2014-zhaoyanghoneycombladder,raw-not-distributed/D005-2014-zhaoyanghoneycombladder/wiki.md#semantic,2026-08-29 07:49:45
122,academic/wiki/papers/D005-2014-zhaoyanghoneycombladder,raw-not-distributed/D005-2014-zhaoyanghoneycombladder/wiki.md#semantic,2026-08-29 07:49:45
123,academic/wiki/papers/D005-2014-zhaoyanghoneycombladder,raw-not-distributed/D005-2014-zhaoyanghoneycombladder/wiki.md#semantic,2026-08-29 07:49:45
124,academic/wiki/papers/D005-2014-zhaoyanghoneycombladder,raw-not-distributed/D005-2014-zhaoyanghoneycombladder/wiki.md#semantic,2026-08-29 07:49:45
125,academic/wiki/papers/D005-2014-zhaoyanghoneycombladder,raw-not-distributed/D005-2014-zhaoyanghoneycombladder/wiki.md#semantic,2026-08-29 07:49:45
126,academic/wiki/papers/D005-2014-zhaoyanghoneycombladder,raw-not-distributed/D005-2014-zhaoyanghoneycombladder/wiki.md#semantic,2026-08-29 07:49:45
127,academic/wiki/papers/D005-2014-zhaoyanghoneycombladder,raw-not-distributed/D005-2014-zhaoyanghoneycombladder/wiki.md#semantic,2026-08-29 07:49:45
128,academic/wiki/papers/D005-2014-zhaoyanghoneycombladder,raw-not-distributed/D005-2014-zhaoyanghoneycombladder/wiki.md#semantic,2026-08-29 07:49:45
129,academic/wiki/papers/D005-2014-zhaoyanghoneycombladder,raw-not-distributed/D005-2014-zhaoyanghoneycombladder/wiki.md#semantic,2026-08-29 07:49:45
130,academic/wiki/papers/D005-2014-zhaoyanghoneycombladder,raw-not-distributed/D005-2014-zhaoyanghoneycombladder/wiki.md#semantic,2026-08-29 07:49:45
131,academic/wiki/papers/D005-2014-zhaoyanghoneycombladder,raw-not-distributed/D005-2014-zhaoyanghoneycombladder/wiki.md#semantic,2026-08-29 07:49:45
132,academic/wiki/papers/D005-2014-zhaoyanghoneycombladder,raw-not-distributed/D005-2014-zhaoyanghoneycombladder/wiki.md#semantic,2026-08-29 07:49:45
133,academic/wiki/papers/D005-2014-zhaoyanghoneycombladder,raw-not-distributed/D005-2014-zhaoyanghoneycombladder/wiki.md#semantic,2026-08-29 07:49:45
134,academic/wiki/papers/D005-2014-zhaoyanghoneycombladder,raw-not-distributed/D005-2014-zhaoyanghoneycombladder/paper.md,2026-08-29 07:49:45
135,academic/wiki/papers/D006-2013-ncd-physrevb88064407,raw-not-distributed/D006-2013-ncd-physrevb88064407/paper.md,2026-08-29 07:49:45
136,academic/wiki/papers/D006-2013-ncd-physrevb88064407,raw-not-distributed/D006-2013-ncd-physrevb88064407/wiki.md#semantic,2026-08-29 07:49:45
137,academic/wiki/papers/D006-2013-ncd-physrevb88064407,raw-not-distributed/D006-2013-ncd-physrevb88064407/wiki.md#semantic,2026-08-29 07:49:45
138,academic/wiki/papers/D006-2013-ncd-physrevb88064407,raw-not-distributed/D006-2013-ncd-physrevb88064407/wiki.md#semantic,2026-08-29 07:49:45
139,academic/wiki/papers/D006-2013-ncd-physrevb88064407,raw-not-distributed/D006-2013-ncd-physrevb88064407/wiki.md#semantic,2026-08-29 07:49:45
140,academic/wiki/papers/D006-2013-ncd-physrevb88064407,raw-not-distributed/D006-2013-ncd-physrevb88064407/wiki.md#semantic,2026-08-29 07:49:45
141,academic/wiki/papers/D006-2013-ncd-physrevb88064407,raw-not-distributed/D006-2013-ncd-physrevb88064407/wiki.md#semantic,2026-08-29 07:49:45
142,academic/wiki/papers/D006-2013-ncd-physrevb88064407,raw-not-distributed/D006-2013-ncd-physrevb88064407/wiki.md#semantic,2026-08-29 07:49:45
143,academic/wiki/papers/D006-2013-ncd-physrevb88064407,raw-not-distributed/D006-2013-ncd-physrevb88064407/wiki.md#semantic,2026-08-29 07:49:45
144,academic/wiki/papers/D006-2013-ncd-physrevb88064407,raw-not-distributed/D006-2013-ncd-physrevb88064407/wiki.md#semantic,2026-08-29 07:49:45
145,academic/wiki/papers/D006-2013-ncd-physrevb88064407,raw-not-distributed/D006-2013-ncd-physrevb88064407/wiki.md#semantic,2026-08-29 07:49:45
146,academic/wiki/papers/D006-2013-ncd-physrevb88064407,raw-not-distributed/D006-2013-ncd-physrevb88064407/wiki.md#semantic,2026-08-29 07:49:45
147,academic/wiki/papers/D006-2013-ncd-physrevb88064407,raw-not-distributed/D006-2013-ncd-physrevb88064407/wiki.md#semantic,2026-08-29 07:49:45
148,academic/wiki/papers/D006-2013-ncd-physrevb88064407,raw-not-distributed/D006-2013-ncd-physrevb88064407/wiki.md#semantic,2026-08-29 07:49:45
149,academic/wiki/papers/D006-2013-ncd-physrevb88064407,raw-not-distributed/D006-2013-ncd-physrevb88064407/wiki.md#semantic,2026-08-29 07:49:45
150,academic/wiki/papers/D006-2013-ncd-physrevb88064407,raw-not-distributed/D006-2013-ncd-physrevb88064407/wiki.md#semantic,2026-08-29 07:49:45
151,academic/wiki/papers/D006-2013-ncd-physrevb88064407,raw-not-distributed/D006-2013-ncd-physrevb88064407/wiki.md#semantic,2026-08-29 07:49:45
152,academic/wiki/papers/D006-2013-ncd-physrevb88064407,raw-not-distributed/D006-2013-ncd-physrevb88064407/wiki.md#semantic,2026-08-29 07:49:45
153,academic/wiki/papers/D006-2013-ncd-physrevb88064407,raw-not-distributed/D006-2013-ncd-physrevb88064407/wiki.md#semantic,2026-08-29 07:49:45
154,academic/wiki/papers/D006-2013-ncd-physrevb88064407,raw-not-distributed/D006-2013-ncd-physrevb88064407/wiki.md#semantic,2026-08-29 07:49:45
155,academic/wiki/papers/D006-2013-ncd-physrevb88064407,raw-not-distributed/D006-2013-ncd-physrevb88064407/wiki.md#semantic,2026-08-29 07:49:45
156,academic/wiki/papers/D006-2013-ncd-physrevb88064407,raw-not-distributed/D006-2013-ncd-physrevb88064407/wiki.md#semantic,2026-08-29 07:49:45
157,academic/wiki/papers/D006-2013-ncd-physrevb88064407,raw-not-distributed/D006-2013-ncd-physrevb88064407/wiki.md#semantic,2026-08-29 07:49:45
158,academic/wiki/papers/D006-2013-ncd-physrevb88064407,raw-not-distributed/D006-2013-ncd-physrevb88064407/wiki.md#semantic,2026-08-29 07:49:45
159,academic/wiki/papers/D006-2013-ncd-physrevb88064407,raw-not-distributed/D006-2013-ncd-physrevb88064407/wiki.md#semantic,2026-08-29 07:49:45
160,academic/wiki/papers/D006-2013-ncd-physrevb88064407,raw-not-distributed/D006-2013-ncd-physrevb88064407/wiki.md#semantic,2026-08-29 07:49:45
161,academic/wiki/papers/D006-2013-ncd-physrevb88064407,raw-not-distributed/D006-2013-ncd-physrevb88064407/wiki.md#semantic,2026-08-29 07:49:45
162,academic/wiki/papers/D006-2013-ncd-physrevb88064407,raw-not-distributed/D006-2013-ncd-physrevb88064407/wiki.md#semantic,2026-08-29 07:49:45
163,academic/wiki/papers/D006-2013-ncd-physrevb88064407,raw-not-distributed/D006-2013-ncd-physrevb88064407/wiki.md#semantic,2026-08-29 07:49:45
164,academic/wiki/papers/D006-2013-ncd-physrevb88064407,raw-not-distributed/D006-2013-ncd-physrevb88064407/wiki.md#semantic,2026-08-29 07:49:45
165,academic/wiki/papers/D006-2013-ncd-physrevb88064407,raw-not-distributed/D006-2013-ncd-physrevb88064407/wiki.md#semantic,2026-08-29 07:49:45
166,academic/wiki/papers/D006-2013-ncd-physrevb88064407,raw-not-distributed/D006-2013-ncd-physrevb88064407/paper.md,2026-08-29 07:49:45
167,academic/wiki/papers/D006-2013-ncd-physrevb88064407,raw-not-distributed/D006-2013-ncd-physrevb88064407/paper.md,2026-08-29 07:49:45
168,academic/wiki/papers/D006-2013-ncd-physrevb88064407,raw-not-distributed/D006-2013-ncd-physrevb88064407/paper.md,2026-08-29 07:49:45
169,academic/wiki/papers/D007-2013-kt-phase,raw-not-distributed/D007-2013-kt-phase/paper.md,2026-08-29 07:49:50
170,academic/wiki/papers/D007-2013-kt-phase,raw-not-distributed/D007-2013-kt-phase/wiki.md#semantic,2026-08-29 07:49:50
171,academic/wiki/papers/D007-2013-kt-phase,raw-not-distributed/D007-2013-kt-phase/wiki.md#semantic,2026-08-29 07:49:50
172,academic/wiki/papers/D007-2013-kt-phase,raw-not-distributed/D007-2013-kt-phase/wiki.md#semantic,2026-08-29 07:49:50
173,academic/wiki/papers/D007-2013-kt-phase,raw-not-distributed/D007-2013-kt-phase/wiki.md#semantic,2026-08-29 07:49:50
174,academic/wiki/papers/D007-2013-kt-phase,raw-not-distributed/D007-2013-kt-phase/wiki.md#semantic,2026-08-29 07:49:50
175,academic/wiki/papers/D007-2013-kt-phase,raw-not-distributed/D007-2013-kt-phase/wiki.md#semantic,2026-08-29 07:49:50
176,academic/wiki/papers/D007-2013-kt-phase,raw-not-distributed/D007-2013-kt-phase/wiki.md#semantic,2026-08-29 07:49:50
177,academic/wiki/papers/D007-2013-kt-phase,raw-not-distributed/D007-2013-kt-phase/wiki.md#semantic,2026-08-29 07:49:50
178,academic/wiki/papers/D007-2013-kt-phase,raw-not-distributed/D007-2013-kt-phase/wiki.md#semantic,2026-08-29 07:49:50
179,academic/wiki/papers/D007-2013-kt-phase,raw-not-distributed/D007-2013-kt-phase/wiki.md#semantic,2026-08-29 07:49:50
180,academic/wiki/papers/D007-2013-kt-phase,raw-not-distributed/D007-2013-kt-phase/wiki.md#semantic,2026-08-29 07:49:50
181,academic/wiki/papers/D007-2013-kt-phase,raw-not-distributed/D007-2013-kt-phase/wiki.md#semantic,2026-08-29 07:49:50
182,academic/wiki/papers/D007-2013-kt-phase,raw-not-distributed/D007-2013-kt-phase/wiki.md#semantic,2026-08-29 07:49:50
183,academic/wiki/papers/D007-2013-kt-phase,raw-not-distributed/D007-2013-kt-phase/wiki.md#semantic,2026-08-29 07:49:50
184,academic/wiki/papers/D007-2013-kt-phase,raw-not-distributed/D007-2013-kt-phase/wiki.md#semantic,2026-08-29 07:49:50
185,academic/wiki/papers/D007-2013-kt-phase,raw-not-distributed/D007-2013-kt-phase/wiki.md#semantic,2026-08-29 07:49:50
186,academic/wiki/papers/D007-2013-kt-phase,raw-not-distributed/D007-2013-kt-phase/wiki.md#semantic,2026-08-29 07:49:50
187,academic/wiki/papers/D007-2013-kt-phase,raw-not-distributed/D007-2013-kt-phase/wiki.md#semantic,2026-08-29 07:49:50
188,academic/wiki/papers/D007-2013-kt-phase,raw-not-distributed/D007-2013-kt-phase/wiki.md#semantic,2026-08-29 07:49:50
189,academic/wiki/papers/D007-2013-kt-phase,raw-not-distributed/D007-2013-kt-phase/wiki.md#semantic,2026-08-29 07:49:50
190,academic/wiki/papers/D007-2013-kt-phase,raw-not-distributed/D007-2013-kt-phase/wiki.md#semantic,2026-08-29 07:49:50
191,academic/wiki/papers/D007-2013-kt-phase,raw-not-distributed/D007-2013-kt-phase/wiki.md#semantic,2026-08-29 07:49:50
192,academic/wiki/papers/D007-2013-kt-phase,raw-not-distributed/D007-2013-kt-phase/wiki.md#semantic,2026-08-29 07:49:50
193,academic/wiki/papers/D007-2013-kt-phase,raw-not-distributed/D007-2013-kt-phase/wiki.md#semantic,2026-08-29 07:49:50
194,academic/wiki/papers/D007-2013-kt-phase,raw-not-distributed/D007-2013-kt-phase/wiki.md#semantic,2026-08-29 07:49:50
195,academic/wiki/papers/D007-2013-kt-phase,raw-not-distributed/D007-2013-kt-phase/wiki.md#semantic,2026-08-29 07:49:50
196,academic/wiki/papers/D007-2013-kt-phase,raw-not-distributed/D007-2013-kt-phase/wiki.md#semantic,2026-08-29 07:49:50
197,academic/wiki/papers/D007-2013-kt-phase,raw-not-distributed/D007-2013-kt-phase/wiki.md#semantic,2026-08-29 07:49:50
198,academic/wiki/papers/D007-2013-kt-phase,raw-not-distributed/D007-2013-kt-phase/wiki.md#semantic,2026-08-29 07:49:50
199,academic/wiki/papers/D007-2013-kt-phase,raw-not-distributed/D007-2013-kt-phase/wiki.md#semantic,2026-08-29 07:49:50
200,academic/wiki/papers/D007-2013-kt-phase,raw-not-distributed/D007-2013-kt-phase/wiki.md#semantic,2026-08-29 07:49:50
201,academic/wiki/papers/D007-2013-kt-phase,raw-not-distributed/D007-2013-kt-phase/wiki.md#semantic,2026-08-29 07:49:50
202,academic/wiki/papers/D007-2013-kt-phase,raw-not-distributed/D007-2013-kt-phase/wiki.md#semantic,2026-08-29 07:49:50
203,academic/wiki/papers/D007-2013-kt-phase,raw-not-distributed/D007-2013-kt-phase/wiki.md#semantic,2026-08-29 07:49:50
204,academic/wiki/papers/D007-2013-kt-phase,raw-not-distributed/D007-2013-kt-phase/wiki.md#semantic,2026-08-29 07:49:50
205,academic/wiki/papers/D007-2013-kt-phase,raw-not-distributed/D007-2013-kt-phase/wiki.md#semantic,2026-08-29 07:49:50
206,academic/wiki/papers/D007-2013-kt-phase,raw-not-distributed/D007-2013-kt-phase/wiki.md#semantic,2026-08-29 07:49:50
207,academic/wiki/papers/D007-2013-kt-phase,raw-not-distributed/D007-2013-kt-phase/wiki.md#semantic,2026-08-29 07:49:50
208,academic/wiki/papers/D007-2013-kt-phase,raw-not-distributed/D007-2013-kt-phase/wiki.md#semantic,2026-08-29 07:49:50
209,academic/wiki/papers/D007-2013-kt-phase,raw-not-distributed/D007-2013-kt-phase/wiki.md#semantic,2026-08-29 07:49:50
210,academic/wiki/papers/D007-2013-kt-phase,raw-not-distributed/D007-2013-kt-phase/wiki.md#semantic,2026-08-29 07:49:50
211,academic/wiki/papers/D007-2013-kt-phase,raw-not-distributed/D007-2013-kt-phase/paper.md,2026-08-29 07:49:50
212,academic/wiki/papers/D007-2013-kt-phase,raw-not-distributed/D007-2013-kt-phase/paper.md,2026-08-29 07:49:50
213,academic/wiki/papers/D007-2013-kt-phase,raw-not-distributed/D007-2013-kt-phase/paper.md,2026-08-29 07:49:50
214,academic/wiki/papers/D007-2013-kt-phase,raw-not-distributed/D007-2013-kt-phase/paper.md,2026-08-29 07:49:50
215,academic/wiki/papers/D007-2013-kt-phase,raw-not-distributed/D007-2013-kt-phase/paper.md,2026-08-29 07:49:50
216,academic/wiki/papers/D007-2013-kt-phase,raw-not-distributed/D007-2013-kt-phase/paper.md,2026-08-29 07:49:50
217,academic/wiki/papers/D008-2014-husimi,raw-not-distributed/D008-2014-husimi/paper.md,2026-08-29 07:49:51
218,academic/wiki/papers/D008-2014-husimi,raw-not-distributed/D008-2014-husimi/wiki.md#semantic,2026-08-29 07:49:51
219,academic/wiki/papers/D008-2014-husimi,raw-not-distributed/D008-2014-husimi/wiki.md#semantic,2026-08-29 07:49:51
220,academic/wiki/papers/D008-2014-husimi,raw-not-distributed/D008-2014-husimi/wiki.md#semantic,2026-08-29 07:49:51
221,academic/wiki/papers/D008-2014-husimi,raw-not-distributed/D008-2014-husimi/wiki.md#semantic,2026-08-29 07:49:51
222,academic/wiki/papers/D008-2014-husimi,raw-not-distributed/D008-2014-husimi/wiki.md#semantic,2026-08-29 07:49:51
223,academic/wiki/papers/D008-2014-husimi,raw-not-distributed/D008-2014-husimi/wiki.md#semantic,2026-08-29 07:49:51
224,academic/wiki/papers/D008-2014-husimi,raw-not-distributed/D008-2014-husimi/wiki.md#semantic,2026-08-29 07:49:51
225,academic/wiki/papers/D008-2014-husimi,raw-not-distributed/D008-2014-husimi/wiki.md#semantic,2026-08-29 07:49:51
226,academic/wiki/papers/D008-2014-husimi,raw-not-distributed/D008-2014-husimi/wiki.md#semantic,2026-08-29 07:49:51
227,academic/wiki/papers/D008-2014-husimi,raw-not-distributed/D008-2014-husimi/wiki.md#semantic,2026-08-29 07:49:51
228,academic/wiki/papers/D008-2014-husimi,raw-not-distributed/D008-2014-husimi/wiki.md#semantic,2026-08-29 07:49:51
229,academic/wiki/papers/D008-2014-husimi,raw-not-distributed/D008-2014-husimi/wiki.md#semantic,2026-08-29 07:49:51
230,academic/wiki/papers/D008-2014-husimi,raw-not-distributed/D008-2014-husimi/wiki.md#semantic,2026-08-29 07:49:51
231,academic/wiki/papers/D008-2014-husimi,raw-not-distributed/D008-2014-husimi/wiki.md#semantic,2026-08-29 07:49:51
232,academic/wiki/papers/D008-2014-husimi,raw-not-distributed/D008-2014-husimi/wiki.md#semantic,2026-08-29 07:49:51
233,academic/wiki/papers/D008-2014-husimi,raw-not-distributed/D008-2014-husimi/wiki.md#semantic,2026-08-29 07:49:51
234,academic/wiki/papers/D008-2014-husimi,raw-not-distributed/D008-2014-husimi/wiki.md#semantic,2026-08-29 07:49:51
235,academic/wiki/papers/D008-2014-husimi,raw-not-distributed/D008-2014-husimi/wiki.md#semantic,2026-08-29 07:49:51
236,academic/wiki/papers/D008-2014-husimi,raw-not-distributed/D008-2014-husimi/wiki.md#semantic,2026-08-29 07:49:51
237,academic/wiki/papers/D008-2014-husimi,raw-not-distributed/D008-2014-husimi/wiki.md#semantic,2026-08-29 07:49:51
238,academic/wiki/papers/D008-2014-husimi,raw-not-distributed/D008-2014-husimi/wiki.md#semantic,2026-08-29 07:49:51
239,academic/wiki/papers/D008-2014-husimi,raw-not-distributed/D008-2014-husimi/wiki.md#semantic,2026-08-29 07:49:51
240,academic/wiki/papers/D008-2014-husimi,raw-not-distributed/D008-2014-husimi/wiki.md#semantic,2026-08-29 07:49:51
241,academic/wiki/papers/D008-2014-husimi,raw-not-distributed/D008-2014-husimi/wiki.md#semantic,2026-08-29 07:49:51
242,academic/wiki/papers/D008-2014-husimi,raw-not-distributed/D008-2014-husimi/wiki.md#semantic,2026-08-29 07:49:51
243,academic/wiki/papers/D008-2014-husimi,raw-not-distributed/D008-2014-husimi/paper.md,2026-08-29 07:49:51
244,academic/wiki/papers/D009-2016-aop-physreve93053310,raw-not-distributed/D009-2016-aop-physreve93053310/paper.md,2026-08-29 07:49:53
245,academic/wiki/papers/D009-2016-aop-physreve93053310,raw-not-distributed/D009-2016-aop-physreve93053310/wiki.md#semantic,2026-08-29 07:49:53
246,academic/wiki/papers/D009-2016-aop-physreve93053310,raw-not-distributed/D009-2016-aop-physreve93053310/wiki.md#semantic,2026-08-29 07:49:53
247,academic/wiki/papers/D009-2016-aop-physreve93053310,raw-not-distributed/D009-2016-aop-physreve93053310/wiki.md#semantic,2026-08-29 07:49:53
248,academic/wiki/papers/D009-2016-aop-physreve93053310,raw-not-distributed/D009-2016-aop-physreve93053310/wiki.md#semantic,2026-08-29 07:49:53
249,academic/wiki/papers/D009-2016-aop-physreve93053310,raw-not-distributed/D009-2016-aop-physreve93053310/wiki.md#semantic,2026-08-29 07:49:53
250,academic/wiki/papers/D009-2016-aop-physreve93053310,raw-not-distributed/D009-2016-aop-physreve93053310/wiki.md#semantic,2026-08-29 07:49:53
251,academic/wiki/papers/D009-2016-aop-physreve93053310,raw-not-distributed/D009-2016-aop-physreve93053310/wiki.md#semantic,2026-08-29 07:49:53
252,academic/wiki/papers/D009-2016-aop-physreve93053310,raw-not-distributed/D009-2016-aop-physreve93053310/wiki.md#semantic,2026-08-29 07:49:53
253,academic/wiki/papers/D009-2016-aop-physreve93053310,raw-not-distributed/D009-2016-aop-physreve93053310/wiki.md#semantic,2026-08-29 07:49:53
254,academic/wiki/papers/D009-2016-aop-physreve93053310,raw-not-distributed/D009-2016-aop-physreve93053310/wiki.md#semantic,2026-08-29 07:49:53
255,academic/wiki/papers/D009-2016-aop-physreve93053310,raw-not-distributed/D009-2016-aop-physreve93053310/wiki.md#semantic,2026-08-29 07:49:53
256,academic/wiki/papers/D009-2016-aop-physreve93053310,raw-not-distributed/D009-2016-aop-physreve93053310/wiki.md#semantic,2026-08-29 07:49:53
257,academic/wiki/papers/D009-2016-aop-physreve93053310,raw-not-distributed/D009-2016-aop-physreve93053310/wiki.md#semantic,2026-08-29 07:49:53
258,academic/wiki/papers/D009-2016-aop-physreve93053310,raw-not-distributed/D009-2016-aop-physreve93053310/wiki.md#semantic,2026-08-29 07:49:53
259,academic/wiki/papers/D009-2016-aop-physreve93053310,raw-not-distributed/D009-2016-aop-physreve93053310/wiki.md#semantic,2026-08-29 07:49:53
260,academic/wiki/papers/D009-2016-aop-physreve93053310,raw-not-distributed/D009-2016-aop-physreve93053310/wiki.md#semantic,2026-08-29 07:49:53
261,academic/wiki/papers/D009-2016-aop-physreve93053310,raw-not-distributed/D009-2016-aop-physreve93053310/wiki.md#semantic,2026-08-29 07:49:53
262,academic/wiki/papers/D009-2016-aop-physreve93053310,raw-not-distributed/D009-2016-aop-physreve93053310/wiki.md#semantic,2026-08-29 07:49:53
263,academic/wiki/papers/D009-2016-aop-physreve93053310,raw-not-distributed/D009-2016-aop-physreve93053310/wiki.md#semantic,2026-08-29 07:49:53
264,academic/wiki/papers/D009-2016-aop-physreve93053310,raw-not-distributed/D009-2016-aop-physreve93053310/wiki.md#semantic,2026-08-29 07:49:53
265,academic/wiki/papers/D009-2016-aop-physreve93053310,raw-not-distributed/D009-2016-aop-physreve93053310/wiki.md#semantic,2026-08-29 07:49:53
266,academic/wiki/papers/D009-2016-aop-physreve93053310,raw-not-distributed/D009-2016-aop-physreve93053310/wiki.md#semantic,2026-08-29 07:49:53
267,academic/wiki/papers/D009-2016-aop-physreve93053310,raw-not-distributed/D009-2016-aop-physreve93053310/wiki.md#semantic,2026-08-29 07:49:53
268,academic/wiki/papers/D009-2016-aop-physreve93053310,raw-not-distributed/D009-2016-aop-physreve93053310/wiki.md#semantic,2026-08-29 07:49:53
269,academic/wiki/papers/D009-2016-aop-physreve93053310,raw-not-distributed/D009-2016-aop-physreve93053310/wiki.md#semantic,2026-08-29 07:49:53
270,academic/wiki/papers/D009-2016-aop-physreve93053310,raw-not-distributed/D009-2016-aop-physreve93053310/wiki.md#semantic,2026-08-29 07:49:53
271,academic/wiki/papers/D009-2016-aop-physreve93053310,raw-not-distributed/D009-2016-aop-physreve93053310/wiki.md#semantic,2026-08-29 07:49:53
272,academic/wiki/papers/D009-2016-aop-physreve93053310,raw-not-distributed/D009-2016-aop-physreve93053310/wiki.md#semantic,2026-08-29 07:49:53
273,academic/wiki/papers/D009-2016-aop-physreve93053310,raw-not-distributed/D009-2016-aop-physreve93053310/wiki.md#semantic,2026-08-29 07:49:53
274,academic/wiki/papers/D009-2016-aop-physreve93053310,raw-not-distributed/D009-2016-aop-physreve93053310/wiki.md#semantic,2026-08-29 07:49:53
275,academic/wiki/papers/D009-2016-aop-physreve93053310,raw-not-distributed/D009-2016-aop-physreve93053310/wiki.md#semantic,2026-08-29 07:49:53
276,academic/wiki/papers/D009-2016-aop-physreve93053310,raw-not-distributed/D009-2016-aop-physreve93053310/wiki.md#semantic,2026-08-29 07:49:53
277,academic/wiki/papers/D009-2016-aop-physreve93053310,raw-not-distributed/D009-2016-aop-physreve93053310/paper.md,2026-08-29 07:49:53
278,academic/wiki/papers/D010-2015-sierpinskie2015-60745-5,raw-not-distributed/D010-2015-sierpinskie2015-60745-5/paper.md,2026-08-29 07:49:53
279,academic/wiki/papers/D010-2015-sierpinskie2015-60745-5,raw-not-distributed/D010-2015-sierpinskie2015-60745-5/wiki.md#semantic,2026-08-29 07:49:53
280,academic/wiki/papers/D010-2015-sierpinskie2015-60745-5,raw-not-distributed/D010-2015-sierpinskie2015-60745-5/wiki.md#semantic,2026-08-29 07:49:53
281,academic/wiki/papers/D010-2015-sierpinskie2015-60745-5,raw-not-distributed/D010-2015-sierpinskie2015-60745-5/wiki.md#semantic,2026-08-29 07:49:53
282,academic/wiki/papers/D010-2015-sierpinskie2015-60745-5,raw-not-distributed/D010-2015-sierpinskie2015-60745-5/wiki.md#semantic,2026-08-29 07:49:53
283,academic/wiki/papers/D010-2015-sierpinskie2015-60745-5,raw-not-distributed/D010-2015-sierpinskie2015-60745-5/wiki.md#semantic,2026-08-29 07:49:53
284,academic/wiki/papers/D010-2015-sierpinskie2015-60745-5,raw-not-distributed/D010-2015-sierpinskie2015-60745-5/wiki.md#semantic,2026-08-29 07:49:53
285,academic/wiki/papers/D010-2015-sierpinskie2015-60745-5,raw-not-distributed/D010-2015-sierpinskie2015-60745-5/wiki.md#semantic,2026-08-29 07:49:53
286,academic/wiki/papers/D010-2015-sierpinskie2015-60745-5,raw-not-distributed/D010-2015-sierpinskie2015-60745-5/wiki.md#semantic,2026-08-29 07:49:53
287,academic/wiki/papers/D010-2015-sierpinskie2015-60745-5,raw-not-distributed/D010-2015-sierpinskie2015-60745-5/wiki.md#semantic,2026-08-29 07:49:53
288,academic/wiki/papers/D010-2015-sierpinskie2015-60745-5,raw-not-distributed/D010-2015-sierpinskie2015-60745-5/wiki.md#semantic,2026-08-29 07:49:53
289,academic/wiki/papers/D010-2015-sierpinskie2015-60745-5,raw-not-distributed/D010-2015-sierpinskie2015-60745-5/wiki.md#semantic,2026-08-29 07:49:53
290,academic/wiki/papers/D010-2015-sierpinskie2015-60745-5,raw-not-distributed/D010-2015-sierpinskie2015-60745-5/wiki.md#semantic,2026-08-29 07:49:53
291,academic/wiki/papers/D010-2015-sierpinskie2015-60745-5,raw-not-distributed/D010-2015-sierpinskie2015-60745-5/wiki.md#semantic,2026-08-29 07:49:53
292,academic/wiki/papers/D010-2015-sierpinskie2015-60745-5,raw-not-distributed/D010-2015-sierpinskie2015-60745-5/wiki.md#semantic,2026-08-29 07:49:53
293,academic/wiki/papers/D010-2015-sierpinskie2015-60745-5,raw-not-distributed/D010-2015-sierpinskie2015-60745-5/wiki.md#semantic,2026-08-29 07:49:53
294,academic/wiki/papers/D010-2015-sierpinskie2015-60745-5,raw-not-distributed/D010-2015-sierpinskie2015-60745-5/wiki.md#semantic,2026-08-29 07:49:53
295,academic/wiki/papers/D010-2015-sierpinskie2015-60745-5,raw-not-distributed/D010-2015-sierpinskie2015-60745-5/wiki.md#semantic,2026-08-29 07:49:53
296,academic/wiki/papers/D010-2015-sierpinskie2015-60745-5,raw-not-distributed/D010-2015-sierpinskie2015-60745-5/wiki.md#semantic,2026-08-29 07:49:53
297,academic/wiki/papers/D010-2015-sierpinskie2015-60745-5,raw-not-distributed/D010-2015-sierpinskie2015-60745-5/wiki.md#semantic,2026-08-29 07:49:53
298,academic/wiki/papers/D010-2015-sierpinskie2015-60745-5,raw-not-distributed/D010-2015-sierpinskie2015-60745-5/wiki.md#semantic,2026-08-29 07:49:53
299,academic/wiki/papers/D010-2015-sierpinskie2015-60745-5,raw-not-distributed/D010-2015-sierpinskie2015-60745-5/wiki.md#semantic,2026-08-29 07:49:53
300,academic/wiki/papers/D010-2015-sierpinskie2015-60745-5,raw-not-distributed/D010-2015-sierpinskie2015-60745-5/wiki.md#semantic,2026-08-29 07:49:53
301,academic/wiki/papers/D010-2015-sierpinskie2015-60745-5,raw-not-distributed/D010-2015-sierpinskie2015-60745-5/wiki.md#semantic,2026-08-29 07:49:53
302,academic/wiki/papers/D010-2015-sierpinskie2015-60745-5,raw-not-distributed/D010-2015-sierpinskie2015-60745-5/wiki.md#semantic,2026-08-29 07:49:53
303,academic/wiki/papers/D010-2015-sierpinskie2015-60745-5,raw-not-distributed/D010-2015-sierpinskie2015-60745-5/wiki.md#semantic,2026-08-29 07:49:53
304,academic/wiki/papers/D010-2015-sierpinskie2015-60745-5,raw-not-distributed/D010-2015-sierpinskie2015-60745-5/wiki.md#semantic,2026-08-29 07:49:53
305,academic/wiki/papers/D010-2015-sierpinskie2015-60745-5,raw-not-distributed/D010-2015-sierpinskie2015-60745-5/paper.md,2026-08-29 07:49:53
306,academic/wiki/papers/D010-2015-sierpinskie2015-60745-5,raw-not-distributed/D010-2015-sierpinskie2015-60745-5/paper.md,2026-08-29 07:49:53
307,academic/wiki/papers/D010-2015-sierpinskie2015-60745-5,raw-not-distributed/D010-2015-sierpinskie2015-60745-5/paper.md,2026-08-29 07:49:53
308,academic/wiki/papers/D010-2015-sierpinskie2015-60745-5,raw-not-distributed/D010-2015-sierpinskie2015-60745-5/paper.md,2026-08-29 07:49:53
309,academic/wiki/papers/D011-2017-ptdmrgphysrevb95064110,raw-not-distributed/D011-2017-ptdmrgphysrevb95064110/paper.md,2026-08-29 07:49:54
310,academic/wiki/papers/D011-2017-ptdmrgphysrevb95064110,raw-not-distributed/D011-2017-ptdmrgphysrevb95064110/wiki.md#semantic,2026-08-29 07:49:54
311,academic/wiki/papers/D011-2017-ptdmrgphysrevb95064110,raw-not-distributed/D011-2017-ptdmrgphysrevb95064110/wiki.md#semantic,2026-08-29 07:49:54
312,academic/wiki/papers/D011-2017-ptdmrgphysrevb95064110,raw-not-distributed/D011-2017-ptdmrgphysrevb95064110/wiki.md#semantic,2026-08-29 07:49:54
313,academic/wiki/papers/D011-2017-ptdmrgphysrevb95064110,raw-not-distributed/D011-2017-ptdmrgphysrevb95064110/wiki.md#semantic,2026-08-29 07:49:54
314,academic/wiki/papers/D011-2017-ptdmrgphysrevb95064110,raw-not-distributed/D011-2017-ptdmrgphysrevb95064110/wiki.md#semantic,2026-08-29 07:49:54
315,academic/wiki/papers/D011-2017-ptdmrgphysrevb95064110,raw-not-distributed/D011-2017-ptdmrgphysrevb95064110/wiki.md#semantic,2026-08-29 07:49:54
316,academic/wiki/papers/D011-2017-ptdmrgphysrevb95064110,raw-not-distributed/D011-2017-ptdmrgphysrevb95064110/wiki.md#semantic,2026-08-29 07:49:54
317,academic/wiki/papers/D011-2017-ptdmrgphysrevb95064110,raw-not-distributed/D011-2017-ptdmrgphysrevb95064110/wiki.md#semantic,2026-08-29 07:49:54
318,academic/wiki/papers/D011-2017-ptdmrgphysrevb95064110,raw-not-distributed/D011-2017-ptdmrgphysrevb95064110/wiki.md#semantic,2026-08-29 07:49:54
319,academic/wiki/papers/D011-2017-ptdmrgphysrevb95064110,raw-not-distributed/D011-2017-ptdmrgphysrevb95064110/wiki.md#semantic,2026-08-29 07:49:54
320,academic/wiki/papers/D011-2017-ptdmrgphysrevb95064110,raw-not-distributed/D011-2017-ptdmrgphysrevb95064110/wiki.md#semantic,2026-08-29 07:49:54
321,academic/wiki/papers/D011-2017-ptdmrgphysrevb95064110,raw-not-distributed/D011-2017-ptdmrgphysrevb95064110/wiki.md#semantic,2026-08-29 07:49:54
322,academic/wiki/papers/D011-2017-ptdmrgphysrevb95064110,raw-not-distributed/D011-2017-ptdmrgphysrevb95064110/wiki.md#semantic,2026-08-29 07:49:54
323,academic/wiki/papers/D011-2017-ptdmrgphysrevb95064110,raw-not-distributed/D011-2017-ptdmrgphysrevb95064110/wiki.md#semantic,2026-08-29 07:49:54
324,academic/wiki/papers/D011-2017-ptdmrgphysrevb95064110,raw-not-distributed/D011-2017-ptdmrgphysrevb95064110/wiki.md#semantic,2026-08-29 07:49:54
325,academic/wiki/papers/D011-2017-ptdmrgphysrevb95064110,raw-not-distributed/D011-2017-ptdmrgphysrevb95064110/wiki.md#semantic,2026-08-29 07:49:54
326,academic/wiki/papers/D011-2017-ptdmrgphysrevb95064110,raw-not-distributed/D011-2017-ptdmrgphysrevb95064110/wiki.md#semantic,2026-08-29 07:49:54
327,academic/wiki/papers/D011-2017-ptdmrgphysrevb95064110,raw-not-distributed/D011-2017-ptdmrgphysrevb95064110/wiki.md#semantic,2026-08-29 07:49:54
328,academic/wiki/papers/D011-2017-ptdmrgphysrevb95064110,raw-not-distributed/D011-2017-ptdmrgphysrevb95064110/wiki.md#semantic,2026-08-29 07:49:54
329,academic/wiki/papers/D011-2017-ptdmrgphysrevb95064110,raw-not-distributed/D011-2017-ptdmrgphysrevb95064110/wiki.md#semantic,2026-08-29 07:49:54
330,academic/wiki/papers/D011-2017-ptdmrgphysrevb95064110,raw-not-distributed/D011-2017-ptdmrgphysrevb95064110/wiki.md#semantic,2026-08-29 07:49:54
331,academic/wiki/papers/D011-2017-ptdmrgphysrevb95064110,raw-not-distributed/D011-2017-ptdmrgphysrevb95064110/wiki.md#semantic,2026-08-29 07:49:54
332,academic/wiki/papers/D011-2017-ptdmrgphysrevb95064110,raw-not-distributed/D011-2017-ptdmrgphysrevb95064110/wiki.md#semantic,2026-08-29 07:49:54
333,academic/wiki/papers/D011-2017-ptdmrgphysrevb95064110,raw-not-distributed/D011-2017-ptdmrgphysrevb95064110/paper.md,2026-08-29 07:49:54
334,academic/wiki/papers/D012-2017-octa-kagome,raw-not-distributed/D012-2017-octa-kagome/paper.md,2026-08-29 07:50:41
335,academic/wiki/papers/D012-2017-octa-kagome,raw-not-distributed/D012-2017-octa-kagome/wiki.md#semantic,2026-08-29 07:50:41
336,academic/wiki/papers/D012-2017-octa-kagome,raw-not-distributed/D012-2017-octa-kagome/wiki.md#semantic,2026-08-29 07:50:41
337,academic/wiki/papers/D012-2017-octa-kagome,raw-not-distributed/D012-2017-octa-kagome/wiki.md#semantic,2026-08-29 07:50:41
338,academic/wiki/papers/D012-2017-octa-kagome,raw-not-distributed/D012-2017-octa-kagome/wiki.md#semantic,2026-08-29 07:50:41
339,academic/wiki/papers/D012-2017-octa-kagome,raw-not-distributed/D012-2017-octa-kagome/wiki.md#semantic,2026-08-29 07:50:41
340,academic/wiki/papers/D012-2017-octa-kagome,raw-not-distributed/D012-2017-octa-kagome/wiki.md#semantic,2026-08-29 07:50:41
341,academic/wiki/papers/D012-2017-octa-kagome,raw-not-distributed/D012-2017-octa-kagome/wiki.md#semantic,2026-08-29 07:50:41
342,academic/wiki/papers/D012-2017-octa-kagome,raw-not-distributed/D012-2017-octa-kagome/wiki.md#semantic,2026-08-29 07:50:41
343,academic/wiki/papers/D012-2017-octa-kagome,raw-not-distributed/D012-2017-octa-kagome/wiki.md#semantic,2026-08-29 07:50:41
344,academic/wiki/papers/D012-2017-octa-kagome,raw-not-distributed/D012-2017-octa-kagome/wiki.md#semantic,2026-08-29 07:50:41
345,academic/wiki/papers/D012-2017-octa-kagome,raw-not-distributed/D012-2017-octa-kagome/wiki.md#semantic,2026-08-29 07:50:41
346,academic/wiki/papers/D012-2017-octa-kagome,raw-not-distributed/D012-2017-octa-kagome/wiki.md#semantic,2026-08-29 07:50:41
347,academic/wiki/papers/D012-2017-octa-kagome,raw-not-distributed/D012-2017-octa-kagome/wiki.md#semantic,2026-08-29 07:50:41
348,academic/wiki/papers/D012-2017-octa-kagome,raw-not-distributed/D012-2017-octa-kagome/wiki.md#semantic,2026-08-29 07:50:41
349,academic/wiki/papers/D012-2017-octa-kagome,raw-not-distributed/D012-2017-octa-kagome/wiki.md#semantic,2026-08-29 07:50:41
350,academic/wiki/papers/D012-2017-octa-kagome,raw-not-distributed/D012-2017-octa-kagome/wiki.md#semantic,2026-08-29 07:50:41
351,academic/wiki/papers/D012-2017-octa-kagome,raw-not-distributed/D012-2017-octa-kagome/wiki.md#semantic,2026-08-29 07:50:41
352,academic/wiki/papers/D012-2017-octa-kagome,raw-not-distributed/D012-2017-octa-kagome/wiki.md#semantic,2026-08-29 07:50:41
353,academic/wiki/papers/D012-2017-octa-kagome,raw-not-distributed/D012-2017-octa-kagome/wiki.md#semantic,2026-08-29 07:50:41
354,academic/wiki/papers/D012-2017-octa-kagome,raw-not-distributed/D012-2017-octa-kagome/wiki.md#semantic,2026-08-29 07:50:41
355,academic/wiki/papers/D012-2017-octa-kagome,raw-not-distributed/D012-2017-octa-kagome/wiki.md#semantic,2026-08-29 07:50:41
356,academic/wiki/papers/D012-2017-octa-kagome,raw-not-distributed/D012-2017-octa-kagome/wiki.md#semantic,2026-08-29 07:50:41
357,academic/wiki/papers/D012-2017-octa-kagome,raw-not-distributed/D012-2017-octa-kagome/wiki.md#semantic,2026-08-29 07:50:41
358,academic/wiki/papers/D012-2017-octa-kagome,raw-not-distributed/D012-2017-octa-kagome/wiki.md#semantic,2026-08-29 07:50:41
359,academic/wiki/papers/D012-2017-octa-kagome,raw-not-distributed/D012-2017-octa-kagome/wiki.md#semantic,2026-08-29 07:50:41
360,academic/wiki/papers/D012-2017-octa-kagome,raw-not-distributed/D012-2017-octa-kagome/wiki.md#semantic,2026-08-29 07:50:41
361,academic/wiki/papers/D012-2017-octa-kagome,raw-not-distributed/D012-2017-octa-kagome/paper.md,2026-08-29 07:50:41
362,academic/wiki/papers/D012-2017-octa-kagome,raw-not-distributed/D012-2017-octa-kagome/paper.md,2026-08-29 07:50:41
363,academic/wiki/papers/D012-2017-octa-kagome,raw-not-distributed/D012-2017-octa-kagome/paper.md,2026-08-29 07:50:41
364,academic/wiki/papers/D012-2017-octa-kagome,raw-not-distributed/D012-2017-octa-kagome/paper.md,2026-08-29 07:50:41
365,academic/wiki/papers/D012-2017-octa-kagome,raw-not-distributed/D012-2017-octa-kagome/paper.md,2026-08-29 07:50:41
366,academic/wiki/papers/D012-2017-octa-kagome,raw-not-distributed/D012-2017-octa-kagome/paper.md,2026-08-29 07:50:41
367,academic/wiki/papers/D012-2017-octa-kagome,raw-not-distributed/D012-2017-octa-kagome/paper.md,2026-08-29 07:50:41
377,academic/wiki/papers/D013-2017-criticality-tn-2d,raw-not-distributed/D013-2017-criticality-tn-2d/paper.md,2026-08-29 07:51:03
378,academic/wiki/papers/D013-2017-criticality-tn-2d,raw-not-distributed/D013-2017-criticality-tn-2d/wiki.md#semantic,2026-08-29 07:51:03
379,academic/wiki/papers/D013-2017-criticality-tn-2d,raw-not-distributed/D013-2017-criticality-tn-2d/wiki.md#semantic,2026-08-29 07:51:03
380,academic/wiki/papers/D013-2017-criticality-tn-2d,raw-not-distributed/D013-2017-criticality-tn-2d/wiki.md#semantic,2026-08-29 07:51:03
381,academic/wiki/papers/D013-2017-criticality-tn-2d,raw-not-distributed/D013-2017-criticality-tn-2d/wiki.md#semantic,2026-08-29 07:51:03
382,academic/wiki/papers/D013-2017-criticality-tn-2d,raw-not-distributed/D013-2017-criticality-tn-2d/wiki.md#semantic,2026-08-29 07:51:03
383,academic/wiki/papers/D013-2017-criticality-tn-2d,raw-not-distributed/D013-2017-criticality-tn-2d/wiki.md#semantic,2026-08-29 07:51:03
384,academic/wiki/papers/D013-2017-criticality-tn-2d,raw-not-distributed/D013-2017-criticality-tn-2d/wiki.md#semantic,2026-08-29 07:51:03
385,academic/wiki/papers/D013-2017-criticality-tn-2d,raw-not-distributed/D013-2017-criticality-tn-2d/wiki.md#semantic,2026-08-29 07:51:03
386,academic/wiki/papers/D013-2017-criticality-tn-2d,raw-not-distributed/D013-2017-criticality-tn-2d/wiki.md#semantic,2026-08-29 07:51:03
387,academic/wiki/papers/D013-2017-criticality-tn-2d,raw-not-distributed/D013-2017-criticality-tn-2d/wiki.md#semantic,2026-08-29 07:51:03
388,academic/wiki/papers/D013-2017-criticality-tn-2d,raw-not-distributed/D013-2017-criticality-tn-2d/wiki.md#semantic,2026-08-29 07:51:03
389,academic/wiki/papers/D013-2017-criticality-tn-2d,raw-not-distributed/D013-2017-criticality-tn-2d/wiki.md#semantic,2026-08-29 07:51:03
390,academic/wiki/papers/D013-2017-criticality-tn-2d,raw-not-distributed/D013-2017-criticality-tn-2d/wiki.md#semantic,2026-08-29 07:51:03
391,academic/wiki/papers/D013-2017-criticality-tn-2d,raw-not-distributed/D013-2017-criticality-tn-2d/wiki.md#semantic,2026-08-29 07:51:03
392,academic/wiki/papers/D013-2017-criticality-tn-2d,raw-not-distributed/D013-2017-criticality-tn-2d/wiki.md#semantic,2026-08-29 07:51:03
393,academic/wiki/papers/D013-2017-criticality-tn-2d,raw-not-distributed/D013-2017-criticality-tn-2d/wiki.md#semantic,2026-08-29 07:51:03
394,academic/wiki/papers/D013-2017-criticality-tn-2d,raw-not-distributed/D013-2017-criticality-tn-2d/wiki.md#semantic,2026-08-29 07:51:03
395,academic/wiki/papers/D013-2017-criticality-tn-2d,raw-not-distributed/D013-2017-criticality-tn-2d/wiki.md#semantic,2026-08-29 07:51:03
396,academic/wiki/papers/D013-2017-criticality-tn-2d,raw-not-distributed/D013-2017-criticality-tn-2d/wiki.md#semantic,2026-08-29 07:51:03
397,academic/wiki/papers/D013-2017-criticality-tn-2d,raw-not-distributed/D013-2017-criticality-tn-2d/wiki.md#semantic,2026-08-29 07:51:03
398,academic/wiki/papers/D013-2017-criticality-tn-2d,raw-not-distributed/D013-2017-criticality-tn-2d/wiki.md#semantic,2026-08-29 07:51:03
399,academic/wiki/papers/D013-2017-criticality-tn-2d,raw-not-distributed/D013-2017-criticality-tn-2d/wiki.md#semantic,2026-08-29 07:51:03
400,academic/wiki/papers/D013-2017-criticality-tn-2d,raw-not-distributed/D013-2017-criticality-tn-2d/wiki.md#semantic,2026-08-29 07:51:03
401,academic/wiki/papers/D013-2017-criticality-tn-2d,raw-not-distributed/D013-2017-criticality-tn-2d/wiki.md#semantic,2026-08-29 07:51:03
401,academic/wiki/papers/D016-2018-kagome-chenxi,raw-not-distributed/D016-2018-kagome-chenxi/wiki.md#semantic,2026-08-29 07:56:01
402,academic/wiki/papers/D013-2017-criticality-tn-2d,raw-not-distributed/D013-2017-criticality-tn-2d/wiki.md#semantic,2026-08-29 07:51:03
403,academic/wiki/papers/D013-2017-criticality-tn-2d,raw-not-distributed/D013-2017-criticality-tn-2d/wiki.md#semantic,2026-08-29 07:51:03
404,academic/wiki/papers/D013-2017-criticality-tn-2d,raw-not-distributed/D013-2017-criticality-tn-2d/wiki.md#semantic,2026-08-29 07:51:03
405,academic/wiki/papers/D013-2017-criticality-tn-2d,raw-not-distributed/D013-2017-criticality-tn-2d/wiki.md#semantic,2026-08-29 07:51:03
406,academic/wiki/papers/D013-2017-criticality-tn-2d,raw-not-distributed/D013-2017-criticality-tn-2d/wiki.md#semantic,2026-08-29 07:51:03
407,academic/wiki/papers/D013-2017-criticality-tn-2d,raw-not-distributed/D013-2017-criticality-tn-2d/wiki.md#semantic,2026-08-29 07:51:03
408,academic/wiki/papers/D013-2017-criticality-tn-2d,raw-not-distributed/D013-2017-criticality-tn-2d/wiki.md#semantic,2026-08-29 07:51:03
409,academic/wiki/papers/D013-2017-criticality-tn-2d,raw-not-distributed/D013-2017-criticality-tn-2d/wiki.md#semantic,2026-08-29 07:51:03
410,academic/wiki/papers/D013-2017-criticality-tn-2d,raw-not-distributed/D013-2017-criticality-tn-2d/wiki.md#semantic,2026-08-29 07:51:03
411,academic/wiki/papers/D013-2017-criticality-tn-2d,raw-not-distributed/D013-2017-criticality-tn-2d/paper.md,2026-08-29 07:51:03
412,academic/wiki/papers/D013-2017-criticality-tn-2d,raw-not-distributed/D013-2017-criticality-tn-2d/paper.md,2026-08-29 07:51:03
413,academic/wiki/papers/D013-2017-criticality-tn-2d,raw-not-distributed/D013-2017-criticality-tn-2d/paper.md,2026-08-29 07:51:03
414,academic/wiki/papers/D013-2017-criticality-tn-2d,raw-not-distributed/D013-2017-criticality-tn-2d/paper.md,2026-08-29 07:51:03
415,academic/wiki/papers/D013-2017-criticality-tn-2d,raw-not-distributed/D013-2017-criticality-tn-2d/paper.md,2026-08-29 07:51:03
416,academic/wiki/papers/D013-2017-criticality-tn-2d,raw-not-distributed/D013-2017-criticality-tn-2d/paper.md,2026-08-29 07:51:03
417,academic/wiki/papers/D013-2017-criticality-tn-2d,raw-not-distributed/D013-2017-criticality-tn-2d/paper.md,2026-08-29 07:51:03
418,academic/wiki/papers/D013-2017-criticality-tn-2d,raw-not-distributed/D013-2017-criticality-tn-2d/paper.md,2026-08-29 07:51:03
419,academic/wiki/papers/D013-2017-criticality-tn-2d,raw-not-distributed/D013-2017-criticality-tn-2d/paper.md,2026-08-29 07:51:03
420,academic/wiki/papers/D013-2017-criticality-tn-2d,raw-not-distributed/D013-2017-criticality-tn-2d/paper.md,2026-08-29 07:51:03
421,academic/wiki/papers/D013-2017-criticality-tn-2d,raw-not-distributed/D013-2017-criticality-tn-2d/paper.md,2026-08-29 07:51:03
422,academic/wiki/papers/D013-2017-criticality-tn-2d,raw-not-distributed/D013-2017-criticality-tn-2d/paper.md,2026-08-29 07:51:03
423,academic/wiki/papers/D013-2017-criticality-tn-2d,raw-not-distributed/D013-2017-criticality-tn-2d/paper.md,2026-08-29 07:51:03
430,academic/wiki/papers/D014-2017-fewbody-qes-ground-states,raw-not-distributed/D014-2017-fewbody-qes-ground-states/paper.md,2026-08-29 07:54:37
431,academic/wiki/papers/D014-2017-fewbody-qes-ground-states,raw-not-distributed/D014-2017-fewbody-qes-ground-states/wiki.md#semantic,2026-08-29 07:54:37
432,academic/wiki/papers/D014-2017-fewbody-qes-ground-states,raw-not-distributed/D014-2017-fewbody-qes-ground-states/wiki.md#semantic,2026-08-29 07:54:37
433,academic/wiki/papers/D014-2017-fewbody-qes-ground-states,raw-not-distributed/D014-2017-fewbody-qes-ground-states/wiki.md#semantic,2026-08-29 07:54:37
434,academic/wiki/papers/D014-2017-fewbody-qes-ground-states,raw-not-distributed/D014-2017-fewbody-qes-ground-states/wiki.md#semantic,2026-08-29 07:54:37
435,academic/wiki/papers/D014-2017-fewbody-qes-ground-states,raw-not-distributed/D014-2017-fewbody-qes-ground-states/wiki.md#semantic,2026-08-29 07:54:37
436,academic/wiki/papers/D014-2017-fewbody-qes-ground-states,raw-not-distributed/D014-2017-fewbody-qes-ground-states/wiki.md#semantic,2026-08-29 07:54:37
437,academic/wiki/papers/D014-2017-fewbody-qes-ground-states,raw-not-distributed/D014-2017-fewbody-qes-ground-states/wiki.md#semantic,2026-08-29 07:54:37
438,academic/wiki/papers/D014-2017-fewbody-qes-ground-states,raw-not-distributed/D014-2017-fewbody-qes-ground-states/wiki.md#semantic,2026-08-29 07:54:37
439,academic/wiki/papers/D014-2017-fewbody-qes-ground-states,raw-not-distributed/D014-2017-fewbody-qes-ground-states/wiki.md#semantic,2026-08-29 07:54:37
440,academic/wiki/papers/D014-2017-fewbody-qes-ground-states,raw-not-distributed/D014-2017-fewbody-qes-ground-states/wiki.md#semantic,2026-08-29 07:54:37
441,academic/wiki/papers/D014-2017-fewbody-qes-ground-states,raw-not-distributed/D014-2017-fewbody-qes-ground-states/wiki.md#semantic,2026-08-29 07:54:37
442,academic/wiki/papers/D014-2017-fewbody-qes-ground-states,raw-not-distributed/D014-2017-fewbody-qes-ground-states/wiki.md#semantic,2026-08-29 07:54:37
443,academic/wiki/papers/D014-2017-fewbody-qes-ground-states,raw-not-distributed/D014-2017-fewbody-qes-ground-states/wiki.md#semantic,2026-08-29 07:54:37
444,academic/wiki/papers/D014-2017-fewbody-qes-ground-states,raw-not-distributed/D014-2017-fewbody-qes-ground-states/wiki.md#semantic,2026-08-29 07:54:37
445,academic/wiki/papers/D014-2017-fewbody-qes-ground-states,raw-not-distributed/D014-2017-fewbody-qes-ground-states/wiki.md#semantic,2026-08-29 07:54:37
446,academic/wiki/papers/D014-2017-fewbody-qes-ground-states,raw-not-distributed/D014-2017-fewbody-qes-ground-states/wiki.md#semantic,2026-08-29 07:54:37
447,academic/wiki/papers/D014-2017-fewbody-qes-ground-states,raw-not-distributed/D014-2017-fewbody-qes-ground-states/wiki.md#semantic,2026-08-29 07:54:37
448,academic/wiki/papers/D014-2017-fewbody-qes-ground-states,raw-not-distributed/D014-2017-fewbody-qes-ground-states/wiki.md#semantic,2026-08-29 07:54:37
449,academic/wiki/papers/D014-2017-fewbody-qes-ground-states,raw-not-distributed/D014-2017-fewbody-qes-ground-states/wiki.md#semantic,2026-08-29 07:54:37
450,academic/wiki/papers/D014-2017-fewbody-qes-ground-states,raw-not-distributed/D014-2017-fewbody-qes-ground-states/wiki.md#semantic,2026-08-29 07:54:37
451,academic/wiki/papers/D014-2017-fewbody-qes-ground-states,raw-not-distributed/D014-2017-fewbody-qes-ground-states/wiki.md#semantic,2026-08-29 07:54:37
452,academic/wiki/papers/D014-2017-fewbody-qes-ground-states,raw-not-distributed/D014-2017-fewbody-qes-ground-states/wiki.md#semantic,2026-08-29 07:54:37
453,academic/wiki/papers/D014-2017-fewbody-qes-ground-states,raw-not-distributed/D014-2017-fewbody-qes-ground-states/wiki.md#semantic,2026-08-29 07:54:37
454,academic/wiki/papers/D014-2017-fewbody-qes-ground-states,raw-not-distributed/D014-2017-fewbody-qes-ground-states/wiki.md#semantic,2026-08-29 07:54:37
455,academic/wiki/papers/D014-2017-fewbody-qes-ground-states,raw-not-distributed/D014-2017-fewbody-qes-ground-states/wiki.md#semantic,2026-08-29 07:54:37
456,academic/wiki/papers/D014-2017-fewbody-qes-ground-states,raw-not-distributed/D014-2017-fewbody-qes-ground-states/wiki.md#semantic,2026-08-29 07:54:37
457,academic/wiki/papers/D014-2017-fewbody-qes-ground-states,raw-not-distributed/D014-2017-fewbody-qes-ground-states/wiki.md#semantic,2026-08-29 07:54:37
458,academic/wiki/papers/D014-2017-fewbody-qes-ground-states,raw-not-distributed/D014-2017-fewbody-qes-ground-states/wiki.md#semantic,2026-08-29 07:54:37
459,academic/wiki/papers/D014-2017-fewbody-qes-ground-states,raw-not-distributed/D014-2017-fewbody-qes-ground-states/wiki.md#semantic,2026-08-29 07:54:37
460,academic/wiki/papers/D014-2017-fewbody-qes-ground-states,raw-not-distributed/D014-2017-fewbody-qes-ground-states/wiki.md#semantic,2026-08-29 07:54:37
461,academic/wiki/papers/D014-2017-fewbody-qes-ground-states,raw-not-distributed/D014-2017-fewbody-qes-ground-states/wiki.md#semantic,2026-08-29 07:54:37
462,academic/wiki/papers/D014-2017-fewbody-qes-ground-states,raw-not-distributed/D014-2017-fewbody-qes-ground-states/wiki.md#semantic,2026-08-29 07:54:37
463,academic/wiki/papers/D014-2017-fewbody-qes-ground-states,raw-not-distributed/D014-2017-fewbody-qes-ground-states/wiki.md#semantic,2026-08-29 07:54:37
464,academic/wiki/papers/D014-2017-fewbody-qes-ground-states,raw-not-distributed/D014-2017-fewbody-qes-ground-states/wiki.md#semantic,2026-08-29 07:54:37
465,academic/wiki/papers/D014-2017-fewbody-qes-ground-states,raw-not-distributed/D014-2017-fewbody-qes-ground-states/wiki.md#semantic,2026-08-29 07:54:37
466,academic/wiki/papers/D014-2017-fewbody-qes-ground-states,raw-not-distributed/D014-2017-fewbody-qes-ground-states/wiki.md#semantic,2026-08-29 07:54:37
467,academic/wiki/papers/D014-2017-fewbody-qes-ground-states,raw-not-distributed/D014-2017-fewbody-qes-ground-states/wiki.md#semantic,2026-08-29 07:54:37
468,academic/wiki/papers/D014-2017-fewbody-qes-ground-states,raw-not-distributed/D014-2017-fewbody-qes-ground-states/wiki.md#semantic,2026-08-29 07:54:37
469,academic/wiki/papers/D014-2017-fewbody-qes-ground-states,raw-not-distributed/D014-2017-fewbody-qes-ground-states/wiki.md#semantic,2026-08-29 07:54:37
470,academic/wiki/papers/D014-2017-fewbody-qes-ground-states,raw-not-distributed/D014-2017-fewbody-qes-ground-states/wiki.md#semantic,2026-08-29 07:54:37
471,academic/wiki/papers/D014-2017-fewbody-qes-ground-states,raw-not-distributed/D014-2017-fewbody-qes-ground-states/paper.md,2026-08-29 07:54:37
472,academic/wiki/papers/D014-2017-fewbody-qes-ground-states,raw-not-distributed/D014-2017-fewbody-qes-ground-states/paper.md,2026-08-29 07:54:37
491,academic/wiki/papers/D015-2017-cruezphysrevx7031057,raw-not-distributed/D015-2017-cruezphysrevx7031057/paper.md,2026-08-29 07:54:59
492,academic/wiki/papers/D015-2017-cruezphysrevx7031057,raw-not-distributed/D015-2017-cruezphysrevx7031057/wiki.md#semantic,2026-08-29 07:54:59
493,academic/wiki/papers/D015-2017-cruezphysrevx7031057,raw-not-distributed/D015-2017-cruezphysrevx7031057/wiki.md#semantic,2026-08-29 07:54:59
494,academic/wiki/papers/D015-2017-cruezphysrevx7031057,raw-not-distributed/D015-2017-cruezphysrevx7031057/wiki.md#semantic,2026-08-29 07:54:59
495,academic/wiki/papers/D015-2017-cruezphysrevx7031057,raw-not-distributed/D015-2017-cruezphysrevx7031057/wiki.md#semantic,2026-08-29 07:54:59
496,academic/wiki/papers/D015-2017-cruezphysrevx7031057,raw-not-distributed/D015-2017-cruezphysrevx7031057/wiki.md#semantic,2026-08-29 07:54:59
497,academic/wiki/papers/D015-2017-cruezphysrevx7031057,raw-not-distributed/D015-2017-cruezphysrevx7031057/wiki.md#semantic,2026-08-29 07:54:59
498,academic/wiki/papers/D015-2017-cruezphysrevx7031057,raw-not-distributed/D015-2017-cruezphysrevx7031057/wiki.md#semantic,2026-08-29 07:54:59
499,academic/wiki/papers/D015-2017-cruezphysrevx7031057,raw-not-distributed/D015-2017-cruezphysrevx7031057/wiki.md#semantic,2026-08-29 07:54:59
500,academic/wiki/papers/D015-2017-cruezphysrevx7031057,raw-not-distributed/D015-2017-cruezphysrevx7031057/wiki.md#semantic,2026-08-29 07:54:59
501,academic/wiki/papers/D015-2017-cruezphysrevx7031057,raw-not-distributed/D015-2017-cruezphysrevx7031057/wiki.md#semantic,2026-08-29 07:54:59
502,academic/wiki/papers/D015-2017-cruezphysrevx7031057,raw-not-distributed/D015-2017-cruezphysrevx7031057/wiki.md#semantic,2026-08-29 07:54:59
503,academic/wiki/papers/D015-2017-cruezphysrevx7031057,raw-not-distributed/D015-2017-cruezphysrevx7031057/wiki.md#semantic,2026-08-29 07:54:59
504,academic/wiki/papers/D015-2017-cruezphysrevx7031057,raw-not-distributed/D015-2017-cruezphysrevx7031057/wiki.md#semantic,2026-08-29 07:54:59
505,academic/wiki/papers/D015-2017-cruezphysrevx7031057,raw-not-distributed/D015-2017-cruezphysrevx7031057/wiki.md#semantic,2026-08-29 07:54:59
506,academic/wiki/papers/D015-2017-cruezphysrevx7031057,raw-not-distributed/D015-2017-cruezphysrevx7031057/wiki.md#semantic,2026-08-29 07:54:59
507,academic/wiki/papers/D015-2017-cruezphysrevx7031057,raw-not-distributed/D015-2017-cruezphysrevx7031057/wiki.md#semantic,2026-08-29 07:54:59
508,academic/wiki/papers/D015-2017-cruezphysrevx7031057,raw-not-distributed/D015-2017-cruezphysrevx7031057/wiki.md#semantic,2026-08-29 07:54:59
509,academic/wiki/papers/D015-2017-cruezphysrevx7031057,raw-not-distributed/D015-2017-cruezphysrevx7031057/wiki.md#semantic,2026-08-29 07:54:59
510,academic/wiki/papers/D015-2017-cruezphysrevx7031057,raw-not-distributed/D015-2017-cruezphysrevx7031057/wiki.md#semantic,2026-08-29 07:54:59
511,academic/wiki/papers/D015-2017-cruezphysrevx7031057,raw-not-distributed/D015-2017-cruezphysrevx7031057/wiki.md#semantic,2026-08-29 07:54:59
512,academic/wiki/papers/D015-2017-cruezphysrevx7031057,raw-not-distributed/D015-2017-cruezphysrevx7031057/wiki.md#semantic,2026-08-29 07:54:59
513,academic/wiki/papers/D015-2017-cruezphysrevx7031057,raw-not-distributed/D015-2017-cruezphysrevx7031057/paper.md,2026-08-29 07:54:59
514,academic/wiki/papers/D015-2017-cruezphysrevx7031057,raw-not-distributed/D015-2017-cruezphysrevx7031057/paper.md,2026-08-29 07:54:59
515,academic/wiki/papers/D015-2017-cruezphysrevx7031057,raw-not-distributed/D015-2017-cruezphysrevx7031057/paper.md,2026-08-29 07:54:59
516,academic/wiki/papers/D015-2017-cruezphysrevx7031057,raw-not-distributed/D015-2017-cruezphysrevx7031057/paper.md,2026-08-29 07:54:59
517,academic/wiki/papers/D015-2017-cruezphysrevx7031057,raw-not-distributed/D015-2017-cruezphysrevx7031057/paper.md,2026-08-29 07:54:59
518,academic/wiki/papers/D015-2017-cruezphysrevx7031057,raw-not-distributed/D015-2017-cruezphysrevx7031057/paper.md,2026-08-29 07:54:59
531,academic/wiki/papers/D016-2018-kagome-chenxi,raw-not-distributed/D016-2018-kagome-chenxi/paper.md,2026-08-29 07:56:01
532,academic/wiki/papers/D016-2018-kagome-chenxi,raw-not-distributed/D016-2018-kagome-chenxi/wiki.md#semantic,2026-08-29 07:56:01
533,academic/wiki/papers/D016-2018-kagome-chenxi,raw-not-distributed/D016-2018-kagome-chenxi/wiki.md#semantic,2026-08-29 07:56:01
534,academic/wiki/papers/D016-2018-kagome-chenxi,raw-not-distributed/D016-2018-kagome-chenxi/wiki.md#semantic,2026-08-29 07:56:01
535,academic/wiki/papers/D016-2018-kagome-chenxi,raw-not-distributed/D016-2018-kagome-chenxi/wiki.md#semantic,2026-08-29 07:56:01
536,academic/wiki/papers/D016-2018-kagome-chenxi,raw-not-distributed/D016-2018-kagome-chenxi/wiki.md#semantic,2026-08-29 07:56:01
537,academic/wiki/papers/D016-2018-kagome-chenxi,raw-not-distributed/D016-2018-kagome-chenxi/wiki.md#semantic,2026-08-29 07:56:01
538,academic/wiki/papers/D016-2018-kagome-chenxi,raw-not-distributed/D016-2018-kagome-chenxi/wiki.md#semantic,2026-08-29 07:56:01
539,academic/wiki/papers/D016-2018-kagome-chenxi,raw-not-distributed/D016-2018-kagome-chenxi/wiki.md#semantic,2026-08-29 07:56:01
540,academic/wiki/papers/D016-2018-kagome-chenxi,raw-not-distributed/D016-2018-kagome-chenxi/wiki.md#semantic,2026-08-29 07:56:01
541,academic/wiki/papers/D016-2018-kagome-chenxi,raw-not-distributed/D016-2018-kagome-chenxi/wiki.md#semantic,2026-08-29 07:56:01
542,academic/wiki/papers/D016-2018-kagome-chenxi,raw-not-distributed/D016-2018-kagome-chenxi/wiki.md#semantic,2026-08-29 07:56:01
543,academic/wiki/papers/D016-2018-kagome-chenxi,raw-not-distributed/D016-2018-kagome-chenxi/wiki.md#semantic,2026-08-29 07:56:01
544,academic/wiki/papers/D016-2018-kagome-chenxi,raw-not-distributed/D016-2018-kagome-chenxi/wiki.md#semantic,2026-08-29 07:56:01
545,academic/wiki/papers/D016-2018-kagome-chenxi,raw-not-distributed/D016-2018-kagome-chenxi/wiki.md#semantic,2026-08-29 07:56:01
546,academic/wiki/papers/D016-2018-kagome-chenxi,raw-not-distributed/D016-2018-kagome-chenxi/wiki.md#semantic,2026-08-29 07:56:01
547,academic/wiki/papers/D016-2018-kagome-chenxi,raw-not-distributed/D016-2018-kagome-chenxi/wiki.md#semantic,2026-08-29 07:56:01
548,academic/wiki/papers/D016-2018-kagome-chenxi,raw-not-distributed/D016-2018-kagome-chenxi/wiki.md#semantic,2026-08-29 07:56:01
549,academic/wiki/papers/D016-2018-kagome-chenxi,raw-not-distributed/D016-2018-kagome-chenxi/wiki.md#semantic,2026-08-29 07:56:01
550,academic/wiki/papers/D016-2018-kagome-chenxi,raw-not-distributed/D016-2018-kagome-chenxi/wiki.md#semantic,2026-08-29 07:56:01
551,academic/wiki/papers/D016-2018-kagome-chenxi,raw-not-distributed/D016-2018-kagome-chenxi/wiki.md#semantic,2026-08-29 07:56:01
552,academic/wiki/papers/D016-2018-kagome-chenxi,raw-not-distributed/D016-2018-kagome-chenxi/wiki.md#semantic,2026-08-29 07:56:01
553,academic/wiki/papers/D016-2018-kagome-chenxi,raw-not-distributed/D016-2018-kagome-chenxi/wiki.md#semantic,2026-08-29 07:56:01
554,academic/wiki/papers/D016-2018-kagome-chenxi,raw-not-distributed/D016-2018-kagome-chenxi/wiki.md#semantic,2026-08-29 07:56:01
555,academic/wiki/papers/D016-2018-kagome-chenxi,raw-not-distributed/D016-2018-kagome-chenxi/wiki.md#semantic,2026-08-29 07:56:01
556,academic/wiki/papers/D016-2018-kagome-chenxi,raw-not-distributed/D016-2018-kagome-chenxi/wiki.md#semantic,2026-08-29 07:56:01
557,academic/wiki/papers/D016-2018-kagome-chenxi,raw-not-distributed/D016-2018-kagome-chenxi/wiki.md#semantic,2026-08-29 07:56:01
558,academic/wiki/papers/D016-2018-kagome-chenxi,raw-not-distributed/D016-2018-kagome-chenxi/wiki.md#semantic,2026-08-29 07:56:01
559,academic/wiki/papers/D016-2018-kagome-chenxi,raw-not-distributed/D016-2018-kagome-chenxi/wiki.md#semantic,2026-08-29 07:56:01
560,academic/wiki/papers/D016-2018-kagome-chenxi,raw-not-distributed/D016-2018-kagome-chenxi/paper.md,2026-08-29 07:56:01
561,academic/wiki/papers/D016-2018-kagome-chenxi,raw-not-distributed/D016-2018-kagome-chenxi/paper.md,2026-08-29 07:56:01
562,academic/wiki/papers/D016-2018-kagome-chenxi,raw-not-distributed/D016-2018-kagome-chenxi/paper.md,2026-08-29 07:56:01
563,academic/wiki/papers/D016-2018-kagome-chenxi,raw-not-distributed/D016-2018-kagome-chenxi/paper.md,2026-08-29 07:56:01
580,academic/wiki/papers/D017-2018-emergent-spin-1-trimerized-valence-bond-crystal,raw-not-distributed/D017-2018-emergent-spin-1-trimerized-valence-bond-crystal/paper.md,2026-08-29 07:56:27
581,academic/wiki/papers/D017-2018-emergent-spin-1-trimerized-valence-bond-crystal,raw-not-distributed/D017-2018-emergent-spin-1-trimerized-valence-bond-crystal/wiki.md#semantic,2026-08-29 07:56:27
582,academic/wiki/papers/D017-2018-emergent-spin-1-trimerized-valence-bond-crystal,raw-not-distributed/D017-2018-emergent-spin-1-trimerized-valence-bond-crystal/wiki.md#semantic,2026-08-29 07:56:27
583,academic/wiki/papers/D017-2018-emergent-spin-1-trimerized-valence-bond-crystal,raw-not-distributed/D017-2018-emergent-spin-1-trimerized-valence-bond-crystal/wiki.md#semantic,2026-08-29 07:56:27
584,academic/wiki/papers/D017-2018-emergent-spin-1-trimerized-valence-bond-crystal,raw-not-distributed/D017-2018-emergent-spin-1-trimerized-valence-bond-crystal/wiki.md#semantic,2026-08-29 07:56:27
585,academic/wiki/papers/D017-2018-emergent-spin-1-trimerized-valence-bond-crystal,raw-not-distributed/D017-2018-emergent-spin-1-trimerized-valence-bond-crystal/wiki.md#semantic,2026-08-29 07:56:27
586,academic/wiki/papers/D017-2018-emergent-spin-1-trimerized-valence-bond-crystal,raw-not-distributed/D017-2018-emergent-spin-1-trimerized-valence-bond-crystal/wiki.md#semantic,2026-08-29 07:56:27
587,academic/wiki/papers/D017-2018-emergent-spin-1-trimerized-valence-bond-crystal,raw-not-distributed/D017-2018-emergent-spin-1-trimerized-valence-bond-crystal/wiki.md#semantic,2026-08-29 07:56:27
588,academic/wiki/papers/D017-2018-emergent-spin-1-trimerized-valence-bond-crystal,raw-not-distributed/D017-2018-emergent-spin-1-trimerized-valence-bond-crystal/wiki.md#semantic,2026-08-29 07:56:27
589,academic/wiki/papers/D017-2018-emergent-spin-1-trimerized-valence-bond-crystal,raw-not-distributed/D017-2018-emergent-spin-1-trimerized-valence-bond-crystal/wiki.md#semantic,2026-08-29 07:56:27
590,academic/wiki/papers/D017-2018-emergent-spin-1-trimerized-valence-bond-crystal,raw-not-distributed/D017-2018-emergent-spin-1-trimerized-valence-bond-crystal/wiki.md#semantic,2026-08-29 07:56:27
591,academic/wiki/papers/D017-2018-emergent-spin-1-trimerized-valence-bond-crystal,raw-not-distributed/D017-2018-emergent-spin-1-trimerized-valence-bond-crystal/wiki.md#semantic,2026-08-29 07:56:27
592,academic/wiki/papers/D017-2018-emergent-spin-1-trimerized-valence-bond-crystal,raw-not-distributed/D017-2018-emergent-spin-1-trimerized-valence-bond-crystal/wiki.md#semantic,2026-08-29 07:56:27
593,academic/wiki/papers/D017-2018-emergent-spin-1-trimerized-valence-bond-crystal,raw-not-distributed/D017-2018-emergent-spin-1-trimerized-valence-bond-crystal/wiki.md#semantic,2026-08-29 07:56:27
594,academic/wiki/papers/D017-2018-emergent-spin-1-trimerized-valence-bond-crystal,raw-not-distributed/D017-2018-emergent-spin-1-trimerized-valence-bond-crystal/wiki.md#semantic,2026-08-29 07:56:27
595,academic/wiki/papers/D017-2018-emergent-spin-1-trimerized-valence-bond-crystal,raw-not-distributed/D017-2018-emergent-spin-1-trimerized-valence-bond-crystal/wiki.md#semantic,2026-08-29 07:56:27
596,academic/wiki/papers/D017-2018-emergent-spin-1-trimerized-valence-bond-crystal,raw-not-distributed/D017-2018-emergent-spin-1-trimerized-valence-bond-crystal/wiki.md#semantic,2026-08-29 07:56:27
597,academic/wiki/papers/D017-2018-emergent-spin-1-trimerized-valence-bond-crystal,raw-not-distributed/D017-2018-emergent-spin-1-trimerized-valence-bond-crystal/wiki.md#semantic,2026-08-29 07:56:27
598,academic/wiki/papers/D017-2018-emergent-spin-1-trimerized-valence-bond-crystal,raw-not-distributed/D017-2018-emergent-spin-1-trimerized-valence-bond-crystal/wiki.md#semantic,2026-08-29 07:56:27
599,academic/wiki/papers/D017-2018-emergent-spin-1-trimerized-valence-bond-crystal,raw-not-distributed/D017-2018-emergent-spin-1-trimerized-valence-bond-crystal/wiki.md#semantic,2026-08-29 07:56:27
600,academic/wiki/papers/D017-2018-emergent-spin-1-trimerized-valence-bond-crystal,raw-not-distributed/D017-2018-emergent-spin-1-trimerized-valence-bond-crystal/wiki.md#semantic,2026-08-29 07:56:27
601,academic/wiki/papers/D017-2018-emergent-spin-1-trimerized-valence-bond-crystal,raw-not-distributed/D017-2018-emergent-spin-1-trimerized-valence-bond-crystal/wiki.md#semantic,2026-08-29 07:56:27
602,academic/wiki/papers/D017-2018-emergent-spin-1-trimerized-valence-bond-crystal,raw-not-distributed/D017-2018-emergent-spin-1-trimerized-valence-bond-crystal/wiki.md#semantic,2026-08-29 07:56:27
603,academic/wiki/papers/D017-2018-emergent-spin-1-trimerized-valence-bond-crystal,raw-not-distributed/D017-2018-emergent-spin-1-trimerized-valence-bond-crystal/wiki.md#semantic,2026-08-29 07:56:27
604,academic/wiki/papers/D017-2018-emergent-spin-1-trimerized-valence-bond-crystal,raw-not-distributed/D017-2018-emergent-spin-1-trimerized-valence-bond-crystal/wiki.md#semantic,2026-08-29 07:56:27
605,academic/wiki/papers/D017-2018-emergent-spin-1-trimerized-valence-bond-crystal,raw-not-distributed/D017-2018-emergent-spin-1-trimerized-valence-bond-crystal/wiki.md#semantic,2026-08-29 07:56:27
606,academic/wiki/papers/D017-2018-emergent-spin-1-trimerized-valence-bond-crystal,raw-not-distributed/D017-2018-emergent-spin-1-trimerized-valence-bond-crystal/wiki.md#semantic,2026-08-29 07:56:27
607,academic/wiki/papers/D017-2018-emergent-spin-1-trimerized-valence-bond-crystal,raw-not-distributed/D017-2018-emergent-spin-1-trimerized-valence-bond-crystal/wiki.md#semantic,2026-08-29 07:56:27
608,academic/wiki/papers/D017-2018-emergent-spin-1-trimerized-valence-bond-crystal,raw-not-distributed/D017-2018-emergent-spin-1-trimerized-valence-bond-crystal/wiki.md#semantic,2026-08-29 07:56:27
609,academic/wiki/papers/D017-2018-emergent-spin-1-trimerized-valence-bond-crystal,raw-not-distributed/D017-2018-emergent-spin-1-trimerized-valence-bond-crystal/wiki.md#semantic,2026-08-29 07:56:27
610,academic/wiki/papers/D017-2018-emergent-spin-1-trimerized-valence-bond-crystal,raw-not-distributed/D017-2018-emergent-spin-1-trimerized-valence-bond-crystal/paper.md,2026-08-29 07:56:27
628,academic/wiki/papers/D018-2018-csw-physrevb98085111,raw-not-distributed/D018-2018-csw-physrevb98085111/paper.md,2026-08-29 07:57:06
629,academic/wiki/papers/D018-2018-csw-physrevb98085111,raw-not-distributed/D018-2018-csw-physrevb98085111/wiki.md#semantic,2026-08-29 07:57:06
630,academic/wiki/papers/D018-2018-csw-physrevb98085111,raw-not-distributed/D018-2018-csw-physrevb98085111/wiki.md#semantic,2026-08-29 07:57:06
631,academic/wiki/papers/D018-2018-csw-physrevb98085111,raw-not-distributed/D018-2018-csw-physrevb98085111/wiki.md#semantic,2026-08-29 07:57:06
632,academic/wiki/papers/D018-2018-csw-physrevb98085111,raw-not-distributed/D018-2018-csw-physrevb98085111/wiki.md#semantic,2026-08-29 07:57:06
633,academic/wiki/papers/D018-2018-csw-physrevb98085111,raw-not-distributed/D018-2018-csw-physrevb98085111/wiki.md#semantic,2026-08-29 07:57:06
634,academic/wiki/papers/D018-2018-csw-physrevb98085111,raw-not-distributed/D018-2018-csw-physrevb98085111/wiki.md#semantic,2026-08-29 07:57:06
635,academic/wiki/papers/D018-2018-csw-physrevb98085111,raw-not-distributed/D018-2018-csw-physrevb98085111/wiki.md#semantic,2026-08-29 07:57:06
636,academic/wiki/papers/D018-2018-csw-physrevb98085111,raw-not-distributed/D018-2018-csw-physrevb98085111/wiki.md#semantic,2026-08-29 07:57:06
637,academic/wiki/papers/D018-2018-csw-physrevb98085111,raw-not-distributed/D018-2018-csw-physrevb98085111/wiki.md#semantic,2026-08-29 07:57:06
638,academic/wiki/papers/D018-2018-csw-physrevb98085111,raw-not-distributed/D018-2018-csw-physrevb98085111/wiki.md#semantic,2026-08-29 07:57:06
639,academic/wiki/papers/D018-2018-csw-physrevb98085111,raw-not-distributed/D018-2018-csw-physrevb98085111/wiki.md#semantic,2026-08-29 07:57:06
640,academic/wiki/papers/D018-2018-csw-physrevb98085111,raw-not-distributed/D018-2018-csw-physrevb98085111/wiki.md#semantic,2026-08-29 07:57:06
641,academic/wiki/papers/D018-2018-csw-physrevb98085111,raw-not-distributed/D018-2018-csw-physrevb98085111/wiki.md#semantic,2026-08-29 07:57:06
642,academic/wiki/papers/D018-2018-csw-physrevb98085111,raw-not-distributed/D018-2018-csw-physrevb98085111/wiki.md#semantic,2026-08-29 07:57:06
643,academic/wiki/papers/D018-2018-csw-physrevb98085111,raw-not-distributed/D018-2018-csw-physrevb98085111/wiki.md#semantic,2026-08-29 07:57:06
644,academic/wiki/papers/D018-2018-csw-physrevb98085111,raw-not-distributed/D018-2018-csw-physrevb98085111/wiki.md#semantic,2026-08-29 07:57:06
645,academic/wiki/papers/D018-2018-csw-physrevb98085111,raw-not-distributed/D018-2018-csw-physrevb98085111/wiki.md#semantic,2026-08-29 07:57:06
646,academic/wiki/papers/D018-2018-csw-physrevb98085111,raw-not-distributed/D018-2018-csw-physrevb98085111/wiki.md#semantic,2026-08-29 07:57:06
647,academic/wiki/papers/D018-2018-csw-physrevb98085111,raw-not-distributed/D018-2018-csw-physrevb98085111/wiki.md#semantic,2026-08-29 07:57:06
648,academic/wiki/papers/D018-2018-csw-physrevb98085111,raw-not-distributed/D018-2018-csw-physrevb98085111/wiki.md#semantic,2026-08-29 07:57:06
649,academic/wiki/papers/D018-2018-csw-physrevb98085111,raw-not-distributed/D018-2018-csw-physrevb98085111/wiki.md#semantic,2026-08-29 07:57:06
650,academic/wiki/papers/D018-2018-csw-physrevb98085111,raw-not-distributed/D018-2018-csw-physrevb98085111/paper.md,2026-08-29 07:57:06
651,academic/wiki/papers/D018-2018-csw-physrevb98085111,raw-not-distributed/D018-2018-csw-physrevb98085111/paper.md,2026-08-29 07:57:06
652,academic/wiki/papers/D018-2018-csw-physrevb98085111,raw-not-distributed/D018-2018-csw-physrevb98085111/paper.md,2026-08-29 07:57:06
653,academic/wiki/papers/D018-2018-csw-physrevb98085111,raw-not-distributed/D018-2018-csw-physrevb98085111/paper.md,2026-08-29 07:57:06
671,academic/wiki/papers/D019-2018-pc-epjb,raw-not-distributed/D019-2018-pc-epjb/paper.md,2026-08-29 07:59:00
672,academic/wiki/papers/D019-2018-pc-epjb,raw-not-distributed/D019-2018-pc-epjb/wiki.md#semantic,2026-08-29 07:59:00
673,academic/wiki/papers/D019-2018-pc-epjb,raw-not-distributed/D019-2018-pc-epjb/wiki.md#semantic,2026-08-29 07:59:00
674,academic/wiki/papers/D019-2018-pc-epjb,raw-not-distributed/D019-2018-pc-epjb/wiki.md#semantic,2026-08-29 07:59:00
675,academic/wiki/papers/D019-2018-pc-epjb,raw-not-distributed/D019-2018-pc-epjb/wiki.md#semantic,2026-08-29 07:59:00
676,academic/wiki/papers/D019-2018-pc-epjb,raw-not-distributed/D019-2018-pc-epjb/wiki.md#semantic,2026-08-29 07:59:00
677,academic/wiki/papers/D019-2018-pc-epjb,raw-not-distributed/D019-2018-pc-epjb/wiki.md#semantic,2026-08-29 07:59:00
678,academic/wiki/papers/D019-2018-pc-epjb,raw-not-distributed/D019-2018-pc-epjb/wiki.md#semantic,2026-08-29 07:59:00
679,academic/wiki/papers/D019-2018-pc-epjb,raw-not-distributed/D019-2018-pc-epjb/wiki.md#semantic,2026-08-29 07:59:00
680,academic/wiki/papers/D019-2018-pc-epjb,raw-not-distributed/D019-2018-pc-epjb/wiki.md#semantic,2026-08-29 07:59:00
681,academic/wiki/papers/D019-2018-pc-epjb,raw-not-distributed/D019-2018-pc-epjb/wiki.md#semantic,2026-08-29 07:59:00
682,academic/wiki/papers/D019-2018-pc-epjb,raw-not-distributed/D019-2018-pc-epjb/wiki.md#semantic,2026-08-29 07:59:00
683,academic/wiki/papers/D019-2018-pc-epjb,raw-not-distributed/D019-2018-pc-epjb/wiki.md#semantic,2026-08-29 07:59:00
684,academic/wiki/papers/D019-2018-pc-epjb,raw-not-distributed/D019-2018-pc-epjb/wiki.md#semantic,2026-08-29 07:59:00
685,academic/wiki/papers/D019-2018-pc-epjb,raw-not-distributed/D019-2018-pc-epjb/wiki.md#semantic,2026-08-29 07:59:00
686,academic/wiki/papers/D019-2018-pc-epjb,raw-not-distributed/D019-2018-pc-epjb/wiki.md#semantic,2026-08-29 07:59:00
687,academic/wiki/papers/D019-2018-pc-epjb,raw-not-distributed/D019-2018-pc-epjb/wiki.md#semantic,2026-08-29 07:59:00
688,academic/wiki/papers/D019-2018-pc-epjb,raw-not-distributed/D019-2018-pc-epjb/wiki.md#semantic,2026-08-29 07:59:00
689,academic/wiki/papers/D019-2018-pc-epjb,raw-not-distributed/D019-2018-pc-epjb/wiki.md#semantic,2026-08-29 07:59:00
690,academic/wiki/papers/D019-2018-pc-epjb,raw-not-distributed/D019-2018-pc-epjb/wiki.md#semantic,2026-08-29 07:59:00
691,academic/wiki/papers/D019-2018-pc-epjb,raw-not-distributed/D019-2018-pc-epjb/wiki.md#semantic,2026-08-29 07:59:00
692,academic/wiki/papers/D019-2018-pc-epjb,raw-not-distributed/D019-2018-pc-epjb/paper.md,2026-08-29 07:59:00
693,academic/wiki/papers/D019-2018-pc-epjb,raw-not-distributed/D019-2018-pc-epjb/paper.md,2026-08-29 07:59:00
694,academic/wiki/papers/D019-2018-pc-epjb,raw-not-distributed/D019-2018-pc-epjb/paper.md,2026-08-29 07:59:00
695,academic/wiki/papers/D019-2018-pc-epjb,raw-not-distributed/D019-2018-pc-epjb/paper.md,2026-08-29 07:59:00
696,academic/wiki/papers/D019-2018-pc-epjb,raw-not-distributed/D019-2018-pc-epjb/paper.md,2026-08-29 07:59:00
697,academic/wiki/papers/D019-2018-pc-epjb,raw-not-distributed/D019-2018-pc-epjb/paper.md,2026-08-29 07:59:00
734,academic/wiki/papers/D020-2018-091彭程,raw-not-distributed/D020-2018-091彭程/paper.md,2026-08-29 08:00:38
735,academic/wiki/papers/D020-2018-091彭程,raw-not-distributed/D020-2018-091彭程/wiki.md#semantic,2026-08-29 08:00:38
736,academic/wiki/papers/D020-2018-091彭程,raw-not-distributed/D020-2018-091彭程/wiki.md#semantic,2026-08-29 08:00:38
737,academic/wiki/papers/D020-2018-091彭程,raw-not-distributed/D020-2018-091彭程/wiki.md#semantic,2026-08-29 08:00:38
738,academic/wiki/papers/D020-2018-091彭程,raw-not-distributed/D020-2018-091彭程/wiki.md#semantic,2026-08-29 08:00:38
739,academic/wiki/papers/D020-2018-091彭程,raw-not-distributed/D020-2018-091彭程/wiki.md#semantic,2026-08-29 08:00:38
740,academic/wiki/papers/D020-2018-091彭程,raw-not-distributed/D020-2018-091彭程/wiki.md#semantic,2026-08-29 08:00:38
741,academic/wiki/papers/D020-2018-091彭程,raw-not-distributed/D020-2018-091彭程/wiki.md#semantic,2026-08-29 08:00:38
742,academic/wiki/papers/D020-2018-091彭程,raw-not-distributed/D020-2018-091彭程/wiki.md#semantic,2026-08-29 08:00:38
743,academic/wiki/papers/D020-2018-091彭程,raw-not-distributed/D020-2018-091彭程/wiki.md#semantic,2026-08-29 08:00:38
744,academic/wiki/papers/D020-2018-091彭程,raw-not-distributed/D020-2018-091彭程/wiki.md#semantic,2026-08-29 08:00:38
745,academic/wiki/papers/D020-2018-091彭程,raw-not-distributed/D020-2018-091彭程/wiki.md#semantic,2026-08-29 08:00:38
746,academic/wiki/papers/D020-2018-091彭程,raw-not-distributed/D020-2018-091彭程/wiki.md#semantic,2026-08-29 08:00:38
747,academic/wiki/papers/D020-2018-091彭程,raw-not-distributed/D020-2018-091彭程/wiki.md#semantic,2026-08-29 08:00:38
748,academic/wiki/papers/D020-2018-091彭程,raw-not-distributed/D020-2018-091彭程/wiki.md#semantic,2026-08-29 08:00:38
749,academic/wiki/papers/D020-2018-091彭程,raw-not-distributed/D020-2018-091彭程/wiki.md#semantic,2026-08-29 08:00:38
750,academic/wiki/papers/D020-2018-091彭程,raw-not-distributed/D020-2018-091彭程/wiki.md#semantic,2026-08-29 08:00:38
751,academic/wiki/papers/D020-2018-091彭程,raw-not-distributed/D020-2018-091彭程/wiki.md#semantic,2026-08-29 08:00:38
752,academic/wiki/papers/D020-2018-091彭程,raw-not-distributed/D020-2018-091彭程/paper.md,2026-08-29 08:00:38
802,academic/wiki/papers/D021-2019-machine-learning-by-unitary-tensor-network-of-hierarchical-tree-structure,raw-not-distributed/D021-2019-machine-learning-by-unitary-tensor-network-of-hierarchical-tree-structure/paper.md,2026-08-29 08:01:11
803,academic/wiki/papers/D021-2019-machine-learning-by-unitary-tensor-network-of-hierarchical-tree-structure,raw-not-distributed/D021-2019-machine-learning-by-unitary-tensor-network-of-hierarchical-tree-structure/wiki.md#semantic,2026-08-29 08:01:11
804,academic/wiki/papers/D021-2019-machine-learning-by-unitary-tensor-network-of-hierarchical-tree-structure,raw-not-distributed/D021-2019-machine-learning-by-unitary-tensor-network-of-hierarchical-tree-structure/wiki.md#semantic,2026-08-29 08:01:11
805,academic/wiki/papers/D021-2019-machine-learning-by-unitary-tensor-network-of-hierarchical-tree-structure,raw-not-distributed/D021-2019-machine-learning-by-unitary-tensor-network-of-hierarchical-tree-structure/wiki.md#semantic,2026-08-29 08:01:11
806,academic/wiki/papers/D021-2019-machine-learning-by-unitary-tensor-network-of-hierarchical-tree-structure,raw-not-distributed/D021-2019-machine-learning-by-unitary-tensor-network-of-hierarchical-tree-structure/wiki.md#semantic,2026-08-29 08:01:11
807,academic/wiki/papers/D021-2019-machine-learning-by-unitary-tensor-network-of-hierarchical-tree-structure,raw-not-distributed/D021-2019-machine-learning-by-unitary-tensor-network-of-hierarchical-tree-structure/wiki.md#semantic,2026-08-29 08:01:11
808,academic/wiki/papers/D021-2019-machine-learning-by-unitary-tensor-network-of-hierarchical-tree-structure,raw-not-distributed/D021-2019-machine-learning-by-unitary-tensor-network-of-hierarchical-tree-structure/wiki.md#semantic,2026-08-29 08:01:11
809,academic/wiki/papers/D021-2019-machine-learning-by-unitary-tensor-network-of-hierarchical-tree-structure,raw-not-distributed/D021-2019-machine-learning-by-unitary-tensor-network-of-hierarchical-tree-structure/wiki.md#semantic,2026-08-29 08:01:11
810,academic/wiki/papers/D021-2019-machine-learning-by-unitary-tensor-network-of-hierarchical-tree-structure,raw-not-distributed/D021-2019-machine-learning-by-unitary-tensor-network-of-hierarchical-tree-structure/wiki.md#semantic,2026-08-29 08:01:11
811,academic/wiki/papers/D021-2019-machine-learning-by-unitary-tensor-network-of-hierarchical-tree-structure,raw-not-distributed/D021-2019-machine-learning-by-unitary-tensor-network-of-hierarchical-tree-structure/wiki.md#semantic,2026-08-29 08:01:11
812,academic/wiki/papers/D021-2019-machine-learning-by-unitary-tensor-network-of-hierarchical-tree-structure,raw-not-distributed/D021-2019-machine-learning-by-unitary-tensor-network-of-hierarchical-tree-structure/wiki.md#semantic,2026-08-29 08:01:11
813,academic/wiki/papers/D021-2019-machine-learning-by-unitary-tensor-network-of-hierarchical-tree-structure,raw-not-distributed/D021-2019-machine-learning-by-unitary-tensor-network-of-hierarchical-tree-structure/wiki.md#semantic,2026-08-29 08:01:11
814,academic/wiki/papers/D021-2019-machine-learning-by-unitary-tensor-network-of-hierarchical-tree-structure,raw-not-distributed/D021-2019-machine-learning-by-unitary-tensor-network-of-hierarchical-tree-structure/wiki.md#semantic,2026-08-29 08:01:11
815,academic/wiki/papers/D021-2019-machine-learning-by-unitary-tensor-network-of-hierarchical-tree-structure,raw-not-distributed/D021-2019-machine-learning-by-unitary-tensor-network-of-hierarchical-tree-structure/wiki.md#semantic,2026-08-29 08:01:11
816,academic/wiki/papers/D021-2019-machine-learning-by-unitary-tensor-network-of-hierarchical-tree-structure,raw-not-distributed/D021-2019-machine-learning-by-unitary-tensor-network-of-hierarchical-tree-structure/wiki.md#semantic,2026-08-29 08:01:11
817,academic/wiki/papers/D021-2019-machine-learning-by-unitary-tensor-network-of-hierarchical-tree-structure,raw-not-distributed/D021-2019-machine-learning-by-unitary-tensor-network-of-hierarchical-tree-structure/wiki.md#semantic,2026-08-29 08:01:11
818,academic/wiki/papers/D021-2019-machine-learning-by-unitary-tensor-network-of-hierarchical-tree-structure,raw-not-distributed/D021-2019-machine-learning-by-unitary-tensor-network-of-hierarchical-tree-structure/wiki.md#semantic,2026-08-29 08:01:11
819,academic/wiki/papers/D021-2019-machine-learning-by-unitary-tensor-network-of-hierarchical-tree-structure,raw-not-distributed/D021-2019-machine-learning-by-unitary-tensor-network-of-hierarchical-tree-structure/wiki.md#semantic,2026-08-29 08:01:11
820,academic/wiki/papers/D021-2019-machine-learning-by-unitary-tensor-network-of-hierarchical-tree-structure,raw-not-distributed/D021-2019-machine-learning-by-unitary-tensor-network-of-hierarchical-tree-structure/wiki.md#semantic,2026-08-29 08:01:11
821,academic/wiki/papers/D021-2019-machine-learning-by-unitary-tensor-network-of-hierarchical-tree-structure,raw-not-distributed/D021-2019-machine-learning-by-unitary-tensor-network-of-hierarchical-tree-structure/wiki.md#semantic,2026-08-29 08:01:11
822,academic/wiki/papers/D021-2019-machine-learning-by-unitary-tensor-network-of-hierarchical-tree-structure,raw-not-distributed/D021-2019-machine-learning-by-unitary-tensor-network-of-hierarchical-tree-structure/wiki.md#semantic,2026-08-29 08:01:11
823,academic/wiki/papers/D021-2019-machine-learning-by-unitary-tensor-network-of-hierarchical-tree-structure,raw-not-distributed/D021-2019-machine-learning-by-unitary-tensor-network-of-hierarchical-tree-structure/wiki.md#semantic,2026-08-29 08:01:11
824,academic/wiki/papers/D021-2019-machine-learning-by-unitary-tensor-network-of-hierarchical-tree-structure,raw-not-distributed/D021-2019-machine-learning-by-unitary-tensor-network-of-hierarchical-tree-structure/wiki.md#semantic,2026-08-29 08:01:11
825,academic/wiki/papers/D021-2019-machine-learning-by-unitary-tensor-network-of-hierarchical-tree-structure,raw-not-distributed/D021-2019-machine-learning-by-unitary-tensor-network-of-hierarchical-tree-structure/wiki.md#semantic,2026-08-29 08:01:11
826,academic/wiki/papers/D021-2019-machine-learning-by-unitary-tensor-network-of-hierarchical-tree-structure,raw-not-distributed/D021-2019-machine-learning-by-unitary-tensor-network-of-hierarchical-tree-structure/wiki.md#semantic,2026-08-29 08:01:11
827,academic/wiki/papers/D021-2019-machine-learning-by-unitary-tensor-network-of-hierarchical-tree-structure,raw-not-distributed/D021-2019-machine-learning-by-unitary-tensor-network-of-hierarchical-tree-structure/wiki.md#semantic,2026-08-29 08:01:11
828,academic/wiki/papers/D021-2019-machine-learning-by-unitary-tensor-network-of-hierarchical-tree-structure,raw-not-distributed/D021-2019-machine-learning-by-unitary-tensor-network-of-hierarchical-tree-structure/wiki.md#semantic,2026-08-29 08:01:11
829,academic/wiki/papers/D021-2019-machine-learning-by-unitary-tensor-network-of-hierarchical-tree-structure,raw-not-distributed/D021-2019-machine-learning-by-unitary-tensor-network-of-hierarchical-tree-structure/paper.md,2026-08-29 08:01:11
830,academic/wiki/papers/D021-2019-machine-learning-by-unitary-tensor-network-of-hierarchical-tree-structure,raw-not-distributed/D021-2019-machine-learning-by-unitary-tensor-network-of-hierarchical-tree-structure/paper.md,2026-08-29 08:01:11
878,academic/wiki/papers/D022-2019-noise-tolerant-signature-ofzntopological-order-in-quantum-many-body-states,raw-not-distributed/D022-2019-noise-tolerant-signature-ofzntopological-order-in-quantum-many-body-states/paper.md,2026-08-29 08:03:02
879,academic/wiki/papers/D022-2019-noise-tolerant-signature-ofzntopological-order-in-quantum-many-body-states,raw-not-distributed/D022-2019-noise-tolerant-signature-ofzntopological-order-in-quantum-many-body-states/wiki.md#semantic,2026-08-29 08:03:02
880,academic/wiki/papers/D022-2019-noise-tolerant-signature-ofzntopological-order-in-quantum-many-body-states,raw-not-distributed/D022-2019-noise-tolerant-signature-ofzntopological-order-in-quantum-many-body-states/wiki.md#semantic,2026-08-29 08:03:02
881,academic/wiki/papers/D022-2019-noise-tolerant-signature-ofzntopological-order-in-quantum-many-body-states,raw-not-distributed/D022-2019-noise-tolerant-signature-ofzntopological-order-in-quantum-many-body-states/wiki.md#semantic,2026-08-29 08:03:02
882,academic/wiki/papers/D022-2019-noise-tolerant-signature-ofzntopological-order-in-quantum-many-body-states,raw-not-distributed/D022-2019-noise-tolerant-signature-ofzntopological-order-in-quantum-many-body-states/wiki.md#semantic,2026-08-29 08:03:02
883,academic/wiki/papers/D022-2019-noise-tolerant-signature-ofzntopological-order-in-quantum-many-body-states,raw-not-distributed/D022-2019-noise-tolerant-signature-ofzntopological-order-in-quantum-many-body-states/wiki.md#semantic,2026-08-29 08:03:02
884,academic/wiki/papers/D022-2019-noise-tolerant-signature-ofzntopological-order-in-quantum-many-body-states,raw-not-distributed/D022-2019-noise-tolerant-signature-ofzntopological-order-in-quantum-many-body-states/wiki.md#semantic,2026-08-29 08:03:02
885,academic/wiki/papers/D022-2019-noise-tolerant-signature-ofzntopological-order-in-quantum-many-body-states,raw-not-distributed/D022-2019-noise-tolerant-signature-ofzntopological-order-in-quantum-many-body-states/wiki.md#semantic,2026-08-29 08:03:02
886,academic/wiki/papers/D022-2019-noise-tolerant-signature-ofzntopological-order-in-quantum-many-body-states,raw-not-distributed/D022-2019-noise-tolerant-signature-ofzntopological-order-in-quantum-many-body-states/wiki.md#semantic,2026-08-29 08:03:02
887,academic/wiki/papers/D022-2019-noise-tolerant-signature-ofzntopological-order-in-quantum-many-body-states,raw-not-distributed/D022-2019-noise-tolerant-signature-ofzntopological-order-in-quantum-many-body-states/wiki.md#semantic,2026-08-29 08:03:02
888,academic/wiki/papers/D022-2019-noise-tolerant-signature-ofzntopological-order-in-quantum-many-body-states,raw-not-distributed/D022-2019-noise-tolerant-signature-ofzntopological-order-in-quantum-many-body-states/wiki.md#semantic,2026-08-29 08:03:02
889,academic/wiki/papers/D022-2019-noise-tolerant-signature-ofzntopological-order-in-quantum-many-body-states,raw-not-distributed/D022-2019-noise-tolerant-signature-ofzntopological-order-in-quantum-many-body-states/wiki.md#semantic,2026-08-29 08:03:02
890,academic/wiki/papers/D022-2019-noise-tolerant-signature-ofzntopological-order-in-quantum-many-body-states,raw-not-distributed/D022-2019-noise-tolerant-signature-ofzntopological-order-in-quantum-many-body-states/wiki.md#semantic,2026-08-29 08:03:02
891,academic/wiki/papers/D022-2019-noise-tolerant-signature-ofzntopological-order-in-quantum-many-body-states,raw-not-distributed/D022-2019-noise-tolerant-signature-ofzntopological-order-in-quantum-many-body-states/wiki.md#semantic,2026-08-29 08:03:02
892,academic/wiki/papers/D022-2019-noise-tolerant-signature-ofzntopological-order-in-quantum-many-body-states,raw-not-distributed/D022-2019-noise-tolerant-signature-ofzntopological-order-in-quantum-many-body-states/wiki.md#semantic,2026-08-29 08:03:02
893,academic/wiki/papers/D022-2019-noise-tolerant-signature-ofzntopological-order-in-quantum-many-body-states,raw-not-distributed/D022-2019-noise-tolerant-signature-ofzntopological-order-in-quantum-many-body-states/wiki.md#semantic,2026-08-29 08:03:02
894,academic/wiki/papers/D022-2019-noise-tolerant-signature-ofzntopological-order-in-quantum-many-body-states,raw-not-distributed/D022-2019-noise-tolerant-signature-ofzntopological-order-in-quantum-many-body-states/wiki.md#semantic,2026-08-29 08:03:02
895,academic/wiki/papers/D022-2019-noise-tolerant-signature-ofzntopological-order-in-quantum-many-body-states,raw-not-distributed/D022-2019-noise-tolerant-signature-ofzntopological-order-in-quantum-many-body-states/wiki.md#semantic,2026-08-29 08:03:02
896,academic/wiki/papers/D022-2019-noise-tolerant-signature-ofzntopological-order-in-quantum-many-body-states,raw-not-distributed/D022-2019-noise-tolerant-signature-ofzntopological-order-in-quantum-many-body-states/wiki.md#semantic,2026-08-29 08:03:02
897,academic/wiki/papers/D022-2019-noise-tolerant-signature-ofzntopological-order-in-quantum-many-body-states,raw-not-distributed/D022-2019-noise-tolerant-signature-ofzntopological-order-in-quantum-many-body-states/wiki.md#semantic,2026-08-29 08:03:02
898,academic/wiki/papers/D022-2019-noise-tolerant-signature-ofzntopological-order-in-quantum-many-body-states,raw-not-distributed/D022-2019-noise-tolerant-signature-ofzntopological-order-in-quantum-many-body-states/wiki.md#semantic,2026-08-29 08:03:02
899,academic/wiki/papers/D022-2019-noise-tolerant-signature-ofzntopological-order-in-quantum-many-body-states,raw-not-distributed/D022-2019-noise-tolerant-signature-ofzntopological-order-in-quantum-many-body-states/wiki.md#semantic,2026-08-29 08:03:02
900,academic/wiki/papers/D022-2019-noise-tolerant-signature-ofzntopological-order-in-quantum-many-body-states,raw-not-distributed/D022-2019-noise-tolerant-signature-ofzntopological-order-in-quantum-many-body-states/wiki.md#semantic,2026-08-29 08:03:02
901,academic/wiki/papers/D022-2019-noise-tolerant-signature-ofzntopological-order-in-quantum-many-body-states,raw-not-distributed/D022-2019-noise-tolerant-signature-ofzntopological-order-in-quantum-many-body-states/wiki.md#semantic,2026-08-29 08:03:02
902,academic/wiki/papers/D022-2019-noise-tolerant-signature-ofzntopological-order-in-quantum-many-body-states,raw-not-distributed/D022-2019-noise-tolerant-signature-ofzntopological-order-in-quantum-many-body-states/wiki.md#semantic,2026-08-29 08:03:02
903,academic/wiki/papers/D022-2019-noise-tolerant-signature-ofzntopological-order-in-quantum-many-body-states,raw-not-distributed/D022-2019-noise-tolerant-signature-ofzntopological-order-in-quantum-many-body-states/paper.md,2026-08-29 08:03:02
956,academic/wiki/papers/D023-2019-finite-temperature-qes,raw-not-distributed/D023-2019-finite-temperature-qes/paper.md,2026-08-29 08:04:59
957,academic/wiki/papers/D023-2019-finite-temperature-qes,raw-not-distributed/D023-2019-finite-temperature-qes/wiki.md#semantic,2026-08-29 08:04:59
958,academic/wiki/papers/D023-2019-finite-temperature-qes,raw-not-distributed/D023-2019-finite-temperature-qes/wiki.md#semantic,2026-08-29 08:04:59
959,academic/wiki/papers/D023-2019-finite-temperature-qes,raw-not-distributed/D023-2019-finite-temperature-qes/wiki.md#semantic,2026-08-29 08:04:59
960,academic/wiki/papers/D023-2019-finite-temperature-qes,raw-not-distributed/D023-2019-finite-temperature-qes/wiki.md#semantic,2026-08-29 08:04:59
961,academic/wiki/papers/D023-2019-finite-temperature-qes,raw-not-distributed/D023-2019-finite-temperature-qes/wiki.md#semantic,2026-08-29 08:04:59
962,academic/wiki/papers/D023-2019-finite-temperature-qes,raw-not-distributed/D023-2019-finite-temperature-qes/wiki.md#semantic,2026-08-29 08:04:59
963,academic/wiki/papers/D023-2019-finite-temperature-qes,raw-not-distributed/D023-2019-finite-temperature-qes/wiki.md#semantic,2026-08-29 08:04:59
964,academic/wiki/papers/D023-2019-finite-temperature-qes,raw-not-distributed/D023-2019-finite-temperature-qes/wiki.md#semantic,2026-08-29 08:04:59
965,academic/wiki/papers/D023-2019-finite-temperature-qes,raw-not-distributed/D023-2019-finite-temperature-qes/wiki.md#semantic,2026-08-29 08:04:59
966,academic/wiki/papers/D023-2019-finite-temperature-qes,raw-not-distributed/D023-2019-finite-temperature-qes/wiki.md#semantic,2026-08-29 08:04:59
967,academic/wiki/papers/D023-2019-finite-temperature-qes,raw-not-distributed/D023-2019-finite-temperature-qes/wiki.md#semantic,2026-08-29 08:04:59
968,academic/wiki/papers/D023-2019-finite-temperature-qes,raw-not-distributed/D023-2019-finite-temperature-qes/wiki.md#semantic,2026-08-29 08:04:59
969,academic/wiki/papers/D023-2019-finite-temperature-qes,raw-not-distributed/D023-2019-finite-temperature-qes/wiki.md#semantic,2026-08-29 08:04:59
970,academic/wiki/papers/D023-2019-finite-temperature-qes,raw-not-distributed/D023-2019-finite-temperature-qes/wiki.md#semantic,2026-08-29 08:04:59
971,academic/wiki/papers/D023-2019-finite-temperature-qes,raw-not-distributed/D023-2019-finite-temperature-qes/wiki.md#semantic,2026-08-29 08:04:59
972,academic/wiki/papers/D023-2019-finite-temperature-qes,raw-not-distributed/D023-2019-finite-temperature-qes/wiki.md#semantic,2026-08-29 08:04:59
973,academic/wiki/papers/D023-2019-finite-temperature-qes,raw-not-distributed/D023-2019-finite-temperature-qes/wiki.md#semantic,2026-08-29 08:04:59
974,academic/wiki/papers/D023-2019-finite-temperature-qes,raw-not-distributed/D023-2019-finite-temperature-qes/wiki.md#semantic,2026-08-29 08:04:59
975,academic/wiki/papers/D023-2019-finite-temperature-qes,raw-not-distributed/D023-2019-finite-temperature-qes/wiki.md#semantic,2026-08-29 08:04:59
976,academic/wiki/papers/D023-2019-finite-temperature-qes,raw-not-distributed/D023-2019-finite-temperature-qes/wiki.md#semantic,2026-08-29 08:04:59
977,academic/wiki/papers/D023-2019-finite-temperature-qes,raw-not-distributed/D023-2019-finite-temperature-qes/wiki.md#semantic,2026-08-29 08:04:59
978,academic/wiki/papers/D023-2019-finite-temperature-qes,raw-not-distributed/D023-2019-finite-temperature-qes/wiki.md#semantic,2026-08-29 08:04:59
979,academic/wiki/papers/D023-2019-finite-temperature-qes,raw-not-distributed/D023-2019-finite-temperature-qes/wiki.md#semantic,2026-08-29 08:04:59
980,academic/wiki/papers/D023-2019-finite-temperature-qes,raw-not-distributed/D023-2019-finite-temperature-qes/wiki.md#semantic,2026-08-29 08:04:59
981,academic/wiki/papers/D023-2019-finite-temperature-qes,raw-not-distributed/D023-2019-finite-temperature-qes/wiki.md#semantic,2026-08-29 08:04:59
982,academic/wiki/papers/D023-2019-finite-temperature-qes,raw-not-distributed/D023-2019-finite-temperature-qes/wiki.md#semantic,2026-08-29 08:04:59
983,academic/wiki/papers/D023-2019-finite-temperature-qes,raw-not-distributed/D023-2019-finite-temperature-qes/wiki.md#semantic,2026-08-29 08:04:59
984,academic/wiki/papers/D023-2019-finite-temperature-qes,raw-not-distributed/D023-2019-finite-temperature-qes/wiki.md#semantic,2026-08-29 08:04:59
985,academic/wiki/papers/D023-2019-finite-temperature-qes,raw-not-distributed/D023-2019-finite-temperature-qes/wiki.md#semantic,2026-08-29 08:04:59
986,academic/wiki/papers/D023-2019-finite-temperature-qes,raw-not-distributed/D023-2019-finite-temperature-qes/wiki.md#semantic,2026-08-29 08:04:59
987,academic/wiki/papers/D023-2019-finite-temperature-qes,raw-not-distributed/D023-2019-finite-temperature-qes/wiki.md#semantic,2026-08-29 08:04:59
988,academic/wiki/papers/D023-2019-finite-temperature-qes,raw-not-distributed/D023-2019-finite-temperature-qes/wiki.md#semantic,2026-08-29 08:04:59
989,academic/wiki/papers/D023-2019-finite-temperature-qes,raw-not-distributed/D023-2019-finite-temperature-qes/wiki.md#semantic,2026-08-29 08:04:59
990,academic/wiki/papers/D023-2019-finite-temperature-qes,raw-not-distributed/D023-2019-finite-temperature-qes/wiki.md#semantic,2026-08-29 08:04:59
991,academic/wiki/papers/D023-2019-finite-temperature-qes,raw-not-distributed/D023-2019-finite-temperature-qes/wiki.md#semantic,2026-08-29 08:04:59
992,academic/wiki/papers/D023-2019-finite-temperature-qes,raw-not-distributed/D023-2019-finite-temperature-qes/wiki.md#semantic,2026-08-29 08:04:59
993,academic/wiki/papers/D023-2019-finite-temperature-qes,raw-not-distributed/D023-2019-finite-temperature-qes/wiki.md#semantic,2026-08-29 08:04:59
994,academic/wiki/papers/D023-2019-finite-temperature-qes,raw-not-distributed/D023-2019-finite-temperature-qes/wiki.md#semantic,2026-08-29 08:04:59
995,academic/wiki/papers/D023-2019-finite-temperature-qes,raw-not-distributed/D023-2019-finite-temperature-qes/wiki.md#semantic,2026-08-29 08:04:59
996,academic/wiki/papers/D023-2019-finite-temperature-qes,raw-not-distributed/D023-2019-finite-temperature-qes/wiki.md#semantic,2026-08-29 08:04:59
997,academic/wiki/papers/D023-2019-finite-temperature-qes,raw-not-distributed/D023-2019-finite-temperature-qes/wiki.md#semantic,2026-08-29 08:04:59
998,academic/wiki/papers/D023-2019-finite-temperature-qes,raw-not-distributed/D023-2019-finite-temperature-qes/wiki.md#semantic,2026-08-29 08:04:59
999,academic/wiki/papers/D023-2019-finite-temperature-qes,raw-not-distributed/D023-2019-finite-temperature-qes/wiki.md#semantic,2026-08-29 08:04:59
1000,academic/wiki/papers/D023-2019-finite-temperature-qes,raw-not-distributed/D023-2019-finite-temperature-qes/wiki.md#semantic,2026-08-29 08:04:59
1001,academic/wiki/papers/D023-2019-finite-temperature-qes,raw-not-distributed/D023-2019-finite-temperature-qes/wiki.md#semantic,2026-08-29 08:04:59
1002,academic/wiki/papers/D023-2019-finite-temperature-qes,raw-not-distributed/D023-2019-finite-temperature-qes/wiki.md#semantic,2026-08-29 08:04:59
1003,academic/wiki/papers/D023-2019-finite-temperature-qes,raw-not-distributed/D023-2019-finite-temperature-qes/wiki.md#semantic,2026-08-29 08:04:59
1004,academic/wiki/papers/D023-2019-finite-temperature-qes,raw-not-distributed/D023-2019-finite-temperature-qes/paper.md,2026-08-29 08:04:59
1005,academic/wiki/papers/D023-2019-finite-temperature-qes,raw-not-distributed/D023-2019-finite-temperature-qes/paper.md,2026-08-29 08:04:59
1006,academic/wiki/papers/D023-2019-finite-temperature-qes,raw-not-distributed/D023-2019-finite-temperature-qes/paper.md,2026-08-29 08:04:59
1007,academic/wiki/papers/D023-2019-finite-temperature-qes,raw-not-distributed/D023-2019-finite-temperature-qes/paper.md,2026-08-29 08:04:59
1008,academic/wiki/papers/D023-2019-finite-temperature-qes,raw-not-distributed/D023-2019-finite-temperature-qes/paper.md,2026-08-29 08:04:59
1069,academic/wiki/papers/D024-2020-paulinets-hermann,raw-not-distributed/D024-2020-paulinets-hermann/paper.md,2026-08-29 08:06:43
1070,academic/wiki/papers/D024-2020-paulinets-hermann,raw-not-distributed/D024-2020-paulinets-hermann/wiki.md#semantic,2026-08-29 08:06:43
1071,academic/wiki/papers/D024-2020-paulinets-hermann,raw-not-distributed/D024-2020-paulinets-hermann/wiki.md#semantic,2026-08-29 08:06:43
1072,academic/wiki/papers/D024-2020-paulinets-hermann,raw-not-distributed/D024-2020-paulinets-hermann/wiki.md#semantic,2026-08-29 08:06:43
1073,academic/wiki/papers/D024-2020-paulinets-hermann,raw-not-distributed/D024-2020-paulinets-hermann/wiki.md#semantic,2026-08-29 08:06:43
1074,academic/wiki/papers/D024-2020-paulinets-hermann,raw-not-distributed/D024-2020-paulinets-hermann/wiki.md#semantic,2026-08-29 08:06:43
1075,academic/wiki/papers/D024-2020-paulinets-hermann,raw-not-distributed/D024-2020-paulinets-hermann/wiki.md#semantic,2026-08-29 08:06:43
1076,academic/wiki/papers/D024-2020-paulinets-hermann,raw-not-distributed/D024-2020-paulinets-hermann/wiki.md#semantic,2026-08-29 08:06:43
1077,academic/wiki/papers/D024-2020-paulinets-hermann,raw-not-distributed/D024-2020-paulinets-hermann/wiki.md#semantic,2026-08-29 08:06:43
1078,academic/wiki/papers/D024-2020-paulinets-hermann,raw-not-distributed/D024-2020-paulinets-hermann/wiki.md#semantic,2026-08-29 08:06:43
1079,academic/wiki/papers/D024-2020-paulinets-hermann,raw-not-distributed/D024-2020-paulinets-hermann/wiki.md#semantic,2026-08-29 08:06:43
1080,academic/wiki/papers/D024-2020-paulinets-hermann,raw-not-distributed/D024-2020-paulinets-hermann/wiki.md#semantic,2026-08-29 08:06:43
1081,academic/wiki/papers/D024-2020-paulinets-hermann,raw-not-distributed/D024-2020-paulinets-hermann/wiki.md#semantic,2026-08-29 08:06:43
1082,academic/wiki/papers/D024-2020-paulinets-hermann,raw-not-distributed/D024-2020-paulinets-hermann/wiki.md#semantic,2026-08-29 08:06:43
1083,academic/wiki/papers/D024-2020-paulinets-hermann,raw-not-distributed/D024-2020-paulinets-hermann/wiki.md#semantic,2026-08-29 08:06:43
1084,academic/wiki/papers/D024-2020-paulinets-hermann,raw-not-distributed/D024-2020-paulinets-hermann/wiki.md#semantic,2026-08-29 08:06:43
1085,academic/wiki/papers/D024-2020-paulinets-hermann,raw-not-distributed/D024-2020-paulinets-hermann/wiki.md#semantic,2026-08-29 08:06:43
1086,academic/wiki/papers/D024-2020-paulinets-hermann,raw-not-distributed/D024-2020-paulinets-hermann/wiki.md#semantic,2026-08-29 08:06:43
1087,academic/wiki/papers/D024-2020-paulinets-hermann,raw-not-distributed/D024-2020-paulinets-hermann/wiki.md#semantic,2026-08-29 08:06:43
1088,academic/wiki/papers/D024-2020-paulinets-hermann,raw-not-distributed/D024-2020-paulinets-hermann/wiki.md#semantic,2026-08-29 08:06:43
1089,academic/wiki/papers/D024-2020-paulinets-hermann,raw-not-distributed/D024-2020-paulinets-hermann/wiki.md#semantic,2026-08-29 08:06:43
1090,academic/wiki/papers/D024-2020-paulinets-hermann,raw-not-distributed/D024-2020-paulinets-hermann/wiki.md#semantic,2026-08-29 08:06:43
1091,academic/wiki/papers/D024-2020-paulinets-hermann,raw-not-distributed/D024-2020-paulinets-hermann/wiki.md#semantic,2026-08-29 08:06:43
1092,academic/wiki/papers/D024-2020-paulinets-hermann,raw-not-distributed/D024-2020-paulinets-hermann/wiki.md#semantic,2026-08-29 08:06:43
1093,academic/wiki/papers/D024-2020-paulinets-hermann,raw-not-distributed/D024-2020-paulinets-hermann/wiki.md#semantic,2026-08-29 08:06:43
1094,academic/wiki/papers/D024-2020-paulinets-hermann,raw-not-distributed/D024-2020-paulinets-hermann/wiki.md#semantic,2026-08-29 08:06:43
1095,academic/wiki/papers/D024-2020-paulinets-hermann,raw-not-distributed/D024-2020-paulinets-hermann/wiki.md#semantic,2026-08-29 08:06:43
1096,academic/wiki/papers/D024-2020-paulinets-hermann,raw-not-distributed/D024-2020-paulinets-hermann/wiki.md#semantic,2026-08-29 08:06:43
1097,academic/wiki/papers/D024-2020-paulinets-hermann,raw-not-distributed/D024-2020-paulinets-hermann/wiki.md#semantic,2026-08-29 08:06:43
1098,academic/wiki/papers/D024-2020-paulinets-hermann,raw-not-distributed/D024-2020-paulinets-hermann/wiki.md#semantic,2026-08-29 08:06:43
1099,academic/wiki/papers/D024-2020-paulinets-hermann,raw-not-distributed/D024-2020-paulinets-hermann/wiki.md#semantic,2026-08-29 08:06:43
1100,academic/wiki/papers/D024-2020-paulinets-hermann,raw-not-distributed/D024-2020-paulinets-hermann/wiki.md#semantic,2026-08-29 08:06:43
1101,academic/wiki/papers/D024-2020-paulinets-hermann,raw-not-distributed/D024-2020-paulinets-hermann/wiki.md#semantic,2026-08-29 08:06:43
1102,academic/wiki/papers/D024-2020-paulinets-hermann,raw-not-distributed/D024-2020-paulinets-hermann/wiki.md#semantic,2026-08-29 08:06:43
1103,academic/wiki/papers/D024-2020-paulinets-hermann,raw-not-distributed/D024-2020-paulinets-hermann/wiki.md#semantic,2026-08-29 08:06:43
1104,academic/wiki/papers/D024-2020-paulinets-hermann,raw-not-distributed/D024-2020-paulinets-hermann/wiki.md#semantic,2026-08-29 08:06:43
1105,academic/wiki/papers/D024-2020-paulinets-hermann,raw-not-distributed/D024-2020-paulinets-hermann/wiki.md#semantic,2026-08-29 08:06:43
1106,academic/wiki/papers/D024-2020-paulinets-hermann,raw-not-distributed/D024-2020-paulinets-hermann/wiki.md#semantic,2026-08-29 08:06:43
1107,academic/wiki/papers/D024-2020-paulinets-hermann,raw-not-distributed/D024-2020-paulinets-hermann/wiki.md#semantic,2026-08-29 08:06:43
1108,academic/wiki/papers/D024-2020-paulinets-hermann,raw-not-distributed/D024-2020-paulinets-hermann/wiki.md#semantic,2026-08-29 08:06:43
1109,academic/wiki/papers/D024-2020-paulinets-hermann,raw-not-distributed/D024-2020-paulinets-hermann/wiki.md#semantic,2026-08-29 08:06:43
1110,academic/wiki/papers/D024-2020-paulinets-hermann,raw-not-distributed/D024-2020-paulinets-hermann/wiki.md#semantic,2026-08-29 08:06:43
1111,academic/wiki/papers/D024-2020-paulinets-hermann,raw-not-distributed/D024-2020-paulinets-hermann/wiki.md#semantic,2026-08-29 08:06:43
1112,academic/wiki/papers/D024-2020-paulinets-hermann,raw-not-distributed/D024-2020-paulinets-hermann/wiki.md#semantic,2026-08-29 08:06:43
1113,academic/wiki/papers/D024-2020-paulinets-hermann,raw-not-distributed/D024-2020-paulinets-hermann/wiki.md#semantic,2026-08-29 08:06:43
1114,academic/wiki/papers/D024-2020-paulinets-hermann,raw-not-distributed/D024-2020-paulinets-hermann/wiki.md#semantic,2026-08-29 08:06:43
1115,academic/wiki/papers/D024-2020-paulinets-hermann,raw-not-distributed/D024-2020-paulinets-hermann/wiki.md#semantic,2026-08-29 08:06:43
1116,academic/wiki/papers/D024-2020-paulinets-hermann,raw-not-distributed/D024-2020-paulinets-hermann/paper.md,2026-08-29 08:06:43
1117,academic/wiki/papers/D024-2020-paulinets-hermann,raw-not-distributed/D024-2020-paulinets-hermann/paper.md,2026-08-29 08:06:43
1118,academic/wiki/papers/D024-2020-paulinets-hermann,raw-not-distributed/D024-2020-paulinets-hermann/paper.md,2026-08-29 08:06:43
1119,academic/wiki/papers/D024-2020-paulinets-hermann,raw-not-distributed/D024-2020-paulinets-hermann/paper.md,2026-08-29 08:06:43
1120,academic/wiki/papers/D024-2020-paulinets-hermann,raw-not-distributed/D024-2020-paulinets-hermann/paper.md,2026-08-29 08:06:43
1121,academic/wiki/papers/D024-2020-paulinets-hermann,raw-not-distributed/D024-2020-paulinets-hermann/paper.md,2026-08-29 08:06:43
1122,academic/wiki/papers/D024-2020-paulinets-hermann,raw-not-distributed/D024-2020-paulinets-hermann/paper.md,2026-08-29 08:06:43
1123,academic/wiki/papers/D024-2020-paulinets-hermann,raw-not-distributed/D024-2020-paulinets-hermann/paper.md,2026-08-29 08:06:43
1124,academic/wiki/papers/D024-2020-paulinets-hermann,raw-not-distributed/D024-2020-paulinets-hermann/paper.md,2026-08-29 08:06:43
1125,academic/wiki/papers/D024-2020-paulinets-hermann,raw-not-distributed/D024-2020-paulinets-hermann/paper.md,2026-08-29 08:06:43
1126,academic/wiki/papers/D024-2020-paulinets-hermann,raw-not-distributed/D024-2020-paulinets-hermann/paper.md,2026-08-29 08:06:43
1203,academic/wiki/papers/D025-2020-mps_deep_encoding_circuit,raw-not-distributed/D025-2020-mps_deep_encoding_circuit/paper.md,2026-08-29 08:07:37
1204,academic/wiki/papers/D025-2020-mps_deep_encoding_circuit,raw-not-distributed/D025-2020-mps_deep_encoding_circuit/wiki.md#semantic,2026-08-29 08:07:37
1205,academic/wiki/papers/D025-2020-mps_deep_encoding_circuit,raw-not-distributed/D025-2020-mps_deep_encoding_circuit/wiki.md#semantic,2026-08-29 08:07:37
1206,academic/wiki/papers/D025-2020-mps_deep_encoding_circuit,raw-not-distributed/D025-2020-mps_deep_encoding_circuit/wiki.md#semantic,2026-08-29 08:07:37
1207,academic/wiki/papers/D025-2020-mps_deep_encoding_circuit,raw-not-distributed/D025-2020-mps_deep_encoding_circuit/wiki.md#semantic,2026-08-29 08:07:37
1208,academic/wiki/papers/D025-2020-mps_deep_encoding_circuit,raw-not-distributed/D025-2020-mps_deep_encoding_circuit/wiki.md#semantic,2026-08-29 08:07:37
1209,academic/wiki/papers/D025-2020-mps_deep_encoding_circuit,raw-not-distributed/D025-2020-mps_deep_encoding_circuit/wiki.md#semantic,2026-08-29 08:07:37
1210,academic/wiki/papers/D025-2020-mps_deep_encoding_circuit,raw-not-distributed/D025-2020-mps_deep_encoding_circuit/wiki.md#semantic,2026-08-29 08:07:37
1211,academic/wiki/papers/D025-2020-mps_deep_encoding_circuit,raw-not-distributed/D025-2020-mps_deep_encoding_circuit/wiki.md#semantic,2026-08-29 08:07:37
1212,academic/wiki/papers/D025-2020-mps_deep_encoding_circuit,raw-not-distributed/D025-2020-mps_deep_encoding_circuit/wiki.md#semantic,2026-08-29 08:07:37
1213,academic/wiki/papers/D025-2020-mps_deep_encoding_circuit,raw-not-distributed/D025-2020-mps_deep_encoding_circuit/wiki.md#semantic,2026-08-29 08:07:37
1214,academic/wiki/papers/D025-2020-mps_deep_encoding_circuit,raw-not-distributed/D025-2020-mps_deep_encoding_circuit/wiki.md#semantic,2026-08-29 08:07:37
1215,academic/wiki/papers/D025-2020-mps_deep_encoding_circuit,raw-not-distributed/D025-2020-mps_deep_encoding_circuit/wiki.md#semantic,2026-08-29 08:07:37
1216,academic/wiki/papers/D025-2020-mps_deep_encoding_circuit,raw-not-distributed/D025-2020-mps_deep_encoding_circuit/wiki.md#semantic,2026-08-29 08:07:37
1217,academic/wiki/papers/D025-2020-mps_deep_encoding_circuit,raw-not-distributed/D025-2020-mps_deep_encoding_circuit/paper.md,2026-08-29 08:07:37
1218,academic/wiki/papers/D025-2020-mps_deep_encoding_circuit,raw-not-distributed/D025-2020-mps_deep_encoding_circuit/paper.md,2026-08-29 08:07:37
1219,academic/wiki/papers/D025-2020-mps_deep_encoding_circuit,raw-not-distributed/D025-2020-mps_deep_encoding_circuit/paper.md,2026-08-29 08:07:37
1220,academic/wiki/papers/D025-2020-mps_deep_encoding_circuit,raw-not-distributed/D025-2020-mps_deep_encoding_circuit/paper.md,2026-08-29 08:07:37
1297,academic/wiki/papers/D026-2020-sawtooth,raw-not-distributed/D026-2020-sawtooth/paper.md,2026-08-29 08:09:42
1298,academic/wiki/papers/D026-2020-sawtooth,raw-not-distributed/D026-2020-sawtooth/wiki.md#semantic,2026-08-29 08:09:42
1299,academic/wiki/papers/D026-2020-sawtooth,raw-not-distributed/D026-2020-sawtooth/wiki.md#semantic,2026-08-29 08:09:42
1300,academic/wiki/papers/D026-2020-sawtooth,raw-not-distributed/D026-2020-sawtooth/wiki.md#semantic,2026-08-29 08:09:42
1301,academic/wiki/papers/D026-2020-sawtooth,raw-not-distributed/D026-2020-sawtooth/wiki.md#semantic,2026-08-29 08:09:42
1302,academic/wiki/papers/D026-2020-sawtooth,raw-not-distributed/D026-2020-sawtooth/wiki.md#semantic,2026-08-29 08:09:42
1303,academic/wiki/papers/D026-2020-sawtooth,raw-not-distributed/D026-2020-sawtooth/wiki.md#semantic,2026-08-29 08:09:42
1304,academic/wiki/papers/D026-2020-sawtooth,raw-not-distributed/D026-2020-sawtooth/wiki.md#semantic,2026-08-29 08:09:42
1305,academic/wiki/papers/D026-2020-sawtooth,raw-not-distributed/D026-2020-sawtooth/wiki.md#semantic,2026-08-29 08:09:42
1306,academic/wiki/papers/D026-2020-sawtooth,raw-not-distributed/D026-2020-sawtooth/wiki.md#semantic,2026-08-29 08:09:42
1307,academic/wiki/papers/D026-2020-sawtooth,raw-not-distributed/D026-2020-sawtooth/wiki.md#semantic,2026-08-29 08:09:42
1308,academic/wiki/papers/D026-2020-sawtooth,raw-not-distributed/D026-2020-sawtooth/wiki.md#semantic,2026-08-29 08:09:42
1309,academic/wiki/papers/D026-2020-sawtooth,raw-not-distributed/D026-2020-sawtooth/wiki.md#semantic,2026-08-29 08:09:42
1310,academic/wiki/papers/D026-2020-sawtooth,raw-not-distributed/D026-2020-sawtooth/wiki.md#semantic,2026-08-29 08:09:42
1311,academic/wiki/papers/D026-2020-sawtooth,raw-not-distributed/D026-2020-sawtooth/wiki.md#semantic,2026-08-29 08:09:42
1312,academic/wiki/papers/D026-2020-sawtooth,raw-not-distributed/D026-2020-sawtooth/wiki.md#semantic,2026-08-29 08:09:42
1313,academic/wiki/papers/D026-2020-sawtooth,raw-not-distributed/D026-2020-sawtooth/wiki.md#semantic,2026-08-29 08:09:42
1314,academic/wiki/papers/D026-2020-sawtooth,raw-not-distributed/D026-2020-sawtooth/wiki.md#semantic,2026-08-29 08:09:42
1315,academic/wiki/papers/D026-2020-sawtooth,raw-not-distributed/D026-2020-sawtooth/wiki.md#semantic,2026-08-29 08:09:42
1316,academic/wiki/papers/D026-2020-sawtooth,raw-not-distributed/D026-2020-sawtooth/wiki.md#semantic,2026-08-29 08:09:42
1317,academic/wiki/papers/D026-2020-sawtooth,raw-not-distributed/D026-2020-sawtooth/wiki.md#semantic,2026-08-29 08:09:42
1318,academic/wiki/papers/D026-2020-sawtooth,raw-not-distributed/D026-2020-sawtooth/wiki.md#semantic,2026-08-29 08:09:42
1319,academic/wiki/papers/D026-2020-sawtooth,raw-not-distributed/D026-2020-sawtooth/paper.md,2026-08-29 08:09:42
1320,academic/wiki/papers/D026-2020-sawtooth,raw-not-distributed/D026-2020-sawtooth/paper.md,2026-08-29 08:09:42
1321,academic/wiki/papers/D026-2020-sawtooth,raw-not-distributed/D026-2020-sawtooth/paper.md,2026-08-29 08:09:42
1398,academic/wiki/papers/D027-2020-gtnc,raw-not-distributed/D027-2020-gtnc/paper.md,2026-08-29 08:09:44
1399,academic/wiki/papers/D027-2020-gtnc,raw-not-distributed/D027-2020-gtnc/wiki.md#semantic,2026-08-29 08:09:44
1400,academic/wiki/papers/D027-2020-gtnc,raw-not-distributed/D027-2020-gtnc/wiki.md#semantic,2026-08-29 08:09:44
1401,academic/wiki/papers/D027-2020-gtnc,raw-not-distributed/D027-2020-gtnc/wiki.md#semantic,2026-08-29 08:09:44
1402,academic/wiki/papers/D027-2020-gtnc,raw-not-distributed/D027-2020-gtnc/wiki.md#semantic,2026-08-29 08:09:44
1403,academic/wiki/papers/D027-2020-gtnc,raw-not-distributed/D027-2020-gtnc/wiki.md#semantic,2026-08-29 08:09:44
1404,academic/wiki/papers/D027-2020-gtnc,raw-not-distributed/D027-2020-gtnc/wiki.md#semantic,2026-08-29 08:09:44
1405,academic/wiki/papers/D027-2020-gtnc,raw-not-distributed/D027-2020-gtnc/wiki.md#semantic,2026-08-29 08:09:44
1406,academic/wiki/papers/D027-2020-gtnc,raw-not-distributed/D027-2020-gtnc/wiki.md#semantic,2026-08-29 08:09:44
1407,academic/wiki/papers/D027-2020-gtnc,raw-not-distributed/D027-2020-gtnc/wiki.md#semantic,2026-08-29 08:09:44
1408,academic/wiki/papers/D027-2020-gtnc,raw-not-distributed/D027-2020-gtnc/wiki.md#semantic,2026-08-29 08:09:44
1409,academic/wiki/papers/D027-2020-gtnc,raw-not-distributed/D027-2020-gtnc/wiki.md#semantic,2026-08-29 08:09:44
1410,academic/wiki/papers/D027-2020-gtnc,raw-not-distributed/D027-2020-gtnc/wiki.md#semantic,2026-08-29 08:09:44
1411,academic/wiki/papers/D027-2020-gtnc,raw-not-distributed/D027-2020-gtnc/wiki.md#semantic,2026-08-29 08:09:44
1412,academic/wiki/papers/D027-2020-gtnc,raw-not-distributed/D027-2020-gtnc/wiki.md#semantic,2026-08-29 08:09:44
1413,academic/wiki/papers/D027-2020-gtnc,raw-not-distributed/D027-2020-gtnc/wiki.md#semantic,2026-08-29 08:09:44
1414,academic/wiki/papers/D027-2020-gtnc,raw-not-distributed/D027-2020-gtnc/wiki.md#semantic,2026-08-29 08:09:44
1415,academic/wiki/papers/D027-2020-gtnc,raw-not-distributed/D027-2020-gtnc/wiki.md#semantic,2026-08-29 08:09:44
1416,academic/wiki/papers/D027-2020-gtnc,raw-not-distributed/D027-2020-gtnc/wiki.md#semantic,2026-08-29 08:09:44
1417,academic/wiki/papers/D027-2020-gtnc,raw-not-distributed/D027-2020-gtnc/wiki.md#semantic,2026-08-29 08:09:44
1418,academic/wiki/papers/D027-2020-gtnc,raw-not-distributed/D027-2020-gtnc/wiki.md#semantic,2026-08-29 08:09:44
1419,academic/wiki/papers/D027-2020-gtnc,raw-not-distributed/D027-2020-gtnc/wiki.md#semantic,2026-08-29 08:09:44
1420,academic/wiki/papers/D027-2020-gtnc,raw-not-distributed/D027-2020-gtnc/wiki.md#semantic,2026-08-29 08:09:44
1421,academic/wiki/papers/D027-2020-gtnc,raw-not-distributed/D027-2020-gtnc/wiki.md#semantic,2026-08-29 08:09:44
1422,academic/wiki/papers/D027-2020-gtnc,raw-not-distributed/D027-2020-gtnc/wiki.md#semantic,2026-08-29 08:09:44
1423,academic/wiki/papers/D027-2020-gtnc,raw-not-distributed/D027-2020-gtnc/wiki.md#semantic,2026-08-29 08:09:44
1424,academic/wiki/papers/D027-2020-gtnc,raw-not-distributed/D027-2020-gtnc/wiki.md#semantic,2026-08-29 08:09:44
1425,academic/wiki/papers/D027-2020-gtnc,raw-not-distributed/D027-2020-gtnc/wiki.md#semantic,2026-08-29 08:09:44
1426,academic/wiki/papers/D027-2020-gtnc,raw-not-distributed/D027-2020-gtnc/wiki.md#semantic,2026-08-29 08:09:44
1427,academic/wiki/papers/D027-2020-gtnc,raw-not-distributed/D027-2020-gtnc/wiki.md#semantic,2026-08-29 08:09:44
1428,academic/wiki/papers/D027-2020-gtnc,raw-not-distributed/D027-2020-gtnc/wiki.md#semantic,2026-08-29 08:09:44
1429,academic/wiki/papers/D027-2020-gtnc,raw-not-distributed/D027-2020-gtnc/wiki.md#semantic,2026-08-29 08:09:44
1430,academic/wiki/papers/D027-2020-gtnc,raw-not-distributed/D027-2020-gtnc/wiki.md#semantic,2026-08-29 08:09:44
1431,academic/wiki/papers/D027-2020-gtnc,raw-not-distributed/D027-2020-gtnc/wiki.md#semantic,2026-08-29 08:09:44
1432,academic/wiki/papers/D027-2020-gtnc,raw-not-distributed/D027-2020-gtnc/paper.md,2026-08-29 08:09:44
1433,academic/wiki/papers/D027-2020-gtnc,raw-not-distributed/D027-2020-gtnc/paper.md,2026-08-29 08:09:44
1434,academic/wiki/papers/D027-2020-gtnc,raw-not-distributed/D027-2020-gtnc/paper.md,2026-08-29 08:09:44
1435,academic/wiki/papers/D027-2020-gtnc,raw-not-distributed/D027-2020-gtnc/paper.md,2026-08-29 08:09:44
1436,academic/wiki/papers/D027-2020-gtnc,raw-not-distributed/D027-2020-gtnc/paper.md,2026-08-29 08:09:44
1437,academic/wiki/papers/D027-2020-gtnc,raw-not-distributed/D027-2020-gtnc/paper.md,2026-08-29 08:09:44
1514,academic/wiki/papers/D028-2020-tsgo-tangent-space-gradient-optimization-of-tensor-network-for-machine-learning,raw-not-distributed/D028-2020-tsgo-tangent-space-gradient-optimization-of-tensor-network-for-machine-learning/paper.md,2026-08-29 08:10:37
1515,academic/wiki/papers/D028-2020-tsgo-tangent-space-gradient-optimization-of-tensor-network-for-machine-learning,raw-not-distributed/D028-2020-tsgo-tangent-space-gradient-optimization-of-tensor-network-for-machine-learning/wiki.md#semantic,2026-08-29 08:10:37
1516,academic/wiki/papers/D028-2020-tsgo-tangent-space-gradient-optimization-of-tensor-network-for-machine-learning,raw-not-distributed/D028-2020-tsgo-tangent-space-gradient-optimization-of-tensor-network-for-machine-learning/wiki.md#semantic,2026-08-29 08:10:37
1517,academic/wiki/papers/D028-2020-tsgo-tangent-space-gradient-optimization-of-tensor-network-for-machine-learning,raw-not-distributed/D028-2020-tsgo-tangent-space-gradient-optimization-of-tensor-network-for-machine-learning/wiki.md#semantic,2026-08-29 08:10:37
1518,academic/wiki/papers/D028-2020-tsgo-tangent-space-gradient-optimization-of-tensor-network-for-machine-learning,raw-not-distributed/D028-2020-tsgo-tangent-space-gradient-optimization-of-tensor-network-for-machine-learning/wiki.md#semantic,2026-08-29 08:10:37
1519,academic/wiki/papers/D028-2020-tsgo-tangent-space-gradient-optimization-of-tensor-network-for-machine-learning,raw-not-distributed/D028-2020-tsgo-tangent-space-gradient-optimization-of-tensor-network-for-machine-learning/wiki.md#semantic,2026-08-29 08:10:37
1520,academic/wiki/papers/D028-2020-tsgo-tangent-space-gradient-optimization-of-tensor-network-for-machine-learning,raw-not-distributed/D028-2020-tsgo-tangent-space-gradient-optimization-of-tensor-network-for-machine-learning/wiki.md#semantic,2026-08-29 08:10:37
1521,academic/wiki/papers/D028-2020-tsgo-tangent-space-gradient-optimization-of-tensor-network-for-machine-learning,raw-not-distributed/D028-2020-tsgo-tangent-space-gradient-optimization-of-tensor-network-for-machine-learning/wiki.md#semantic,2026-08-29 08:10:37
1522,academic/wiki/papers/D028-2020-tsgo-tangent-space-gradient-optimization-of-tensor-network-for-machine-learning,raw-not-distributed/D028-2020-tsgo-tangent-space-gradient-optimization-of-tensor-network-for-machine-learning/wiki.md#semantic,2026-08-29 08:10:37
1523,academic/wiki/papers/D028-2020-tsgo-tangent-space-gradient-optimization-of-tensor-network-for-machine-learning,raw-not-distributed/D028-2020-tsgo-tangent-space-gradient-optimization-of-tensor-network-for-machine-learning/wiki.md#semantic,2026-08-29 08:10:37
1524,academic/wiki/papers/D028-2020-tsgo-tangent-space-gradient-optimization-of-tensor-network-for-machine-learning,raw-not-distributed/D028-2020-tsgo-tangent-space-gradient-optimization-of-tensor-network-for-machine-learning/wiki.md#semantic,2026-08-29 08:10:37
1525,academic/wiki/papers/D028-2020-tsgo-tangent-space-gradient-optimization-of-tensor-network-for-machine-learning,raw-not-distributed/D028-2020-tsgo-tangent-space-gradient-optimization-of-tensor-network-for-machine-learning/wiki.md#semantic,2026-08-29 08:10:37
1526,academic/wiki/papers/D028-2020-tsgo-tangent-space-gradient-optimization-of-tensor-network-for-machine-learning,raw-not-distributed/D028-2020-tsgo-tangent-space-gradient-optimization-of-tensor-network-for-machine-learning/wiki.md#semantic,2026-08-29 08:10:37
1527,academic/wiki/papers/D028-2020-tsgo-tangent-space-gradient-optimization-of-tensor-network-for-machine-learning,raw-not-distributed/D028-2020-tsgo-tangent-space-gradient-optimization-of-tensor-network-for-machine-learning/wiki.md#semantic,2026-08-29 08:10:37
1528,academic/wiki/papers/D028-2020-tsgo-tangent-space-gradient-optimization-of-tensor-network-for-machine-learning,raw-not-distributed/D028-2020-tsgo-tangent-space-gradient-optimization-of-tensor-network-for-machine-learning/wiki.md#semantic,2026-08-29 08:10:37
1529,academic/wiki/papers/D028-2020-tsgo-tangent-space-gradient-optimization-of-tensor-network-for-machine-learning,raw-not-distributed/D028-2020-tsgo-tangent-space-gradient-optimization-of-tensor-network-for-machine-learning/wiki.md#semantic,2026-08-29 08:10:37
1530,academic/wiki/papers/D028-2020-tsgo-tangent-space-gradient-optimization-of-tensor-network-for-machine-learning,raw-not-distributed/D028-2020-tsgo-tangent-space-gradient-optimization-of-tensor-network-for-machine-learning/wiki.md#semantic,2026-08-29 08:10:37
1607,academic/wiki/papers/D029-2020-tncs-physrevresearch2033293,raw-not-distributed/D029-2020-tncs-physrevresearch2033293/paper.md,2026-08-29 08:11:19
1608,academic/wiki/papers/D029-2020-tncs-physrevresearch2033293,raw-not-distributed/D029-2020-tncs-physrevresearch2033293/wiki.md#semantic,2026-08-29 08:11:19
1609,academic/wiki/papers/D029-2020-tncs-physrevresearch2033293,raw-not-distributed/D029-2020-tncs-physrevresearch2033293/wiki.md#semantic,2026-08-29 08:11:19
1610,academic/wiki/papers/D029-2020-tncs-physrevresearch2033293,raw-not-distributed/D029-2020-tncs-physrevresearch2033293/wiki.md#semantic,2026-08-29 08:11:19
1611,academic/wiki/papers/D029-2020-tncs-physrevresearch2033293,raw-not-distributed/D029-2020-tncs-physrevresearch2033293/wiki.md#semantic,2026-08-29 08:11:19
1612,academic/wiki/papers/D029-2020-tncs-physrevresearch2033293,raw-not-distributed/D029-2020-tncs-physrevresearch2033293/wiki.md#semantic,2026-08-29 08:11:19
1613,academic/wiki/papers/D029-2020-tncs-physrevresearch2033293,raw-not-distributed/D029-2020-tncs-physrevresearch2033293/wiki.md#semantic,2026-08-29 08:11:19
1614,academic/wiki/papers/D029-2020-tncs-physrevresearch2033293,raw-not-distributed/D029-2020-tncs-physrevresearch2033293/wiki.md#semantic,2026-08-29 08:11:19
1615,academic/wiki/papers/D029-2020-tncs-physrevresearch2033293,raw-not-distributed/D029-2020-tncs-physrevresearch2033293/wiki.md#semantic,2026-08-29 08:11:19
1616,academic/wiki/papers/D029-2020-tncs-physrevresearch2033293,raw-not-distributed/D029-2020-tncs-physrevresearch2033293/wiki.md#semantic,2026-08-29 08:11:19
1617,academic/wiki/papers/D029-2020-tncs-physrevresearch2033293,raw-not-distributed/D029-2020-tncs-physrevresearch2033293/wiki.md#semantic,2026-08-29 08:11:19
1618,academic/wiki/papers/D029-2020-tncs-physrevresearch2033293,raw-not-distributed/D029-2020-tncs-physrevresearch2033293/wiki.md#semantic,2026-08-29 08:11:19
1619,academic/wiki/papers/D029-2020-tncs-physrevresearch2033293,raw-not-distributed/D029-2020-tncs-physrevresearch2033293/wiki.md#semantic,2026-08-29 08:11:19
1620,academic/wiki/papers/D029-2020-tncs-physrevresearch2033293,raw-not-distributed/D029-2020-tncs-physrevresearch2033293/wiki.md#semantic,2026-08-29 08:11:19
1621,academic/wiki/papers/D029-2020-tncs-physrevresearch2033293,raw-not-distributed/D029-2020-tncs-physrevresearch2033293/wiki.md#semantic,2026-08-29 08:11:19
1622,academic/wiki/papers/D029-2020-tncs-physrevresearch2033293,raw-not-distributed/D029-2020-tncs-physrevresearch2033293/wiki.md#semantic,2026-08-29 08:11:19
1623,academic/wiki/papers/D029-2020-tncs-physrevresearch2033293,raw-not-distributed/D029-2020-tncs-physrevresearch2033293/wiki.md#semantic,2026-08-29 08:11:19
1624,academic/wiki/papers/D029-2020-tncs-physrevresearch2033293,raw-not-distributed/D029-2020-tncs-physrevresearch2033293/wiki.md#semantic,2026-08-29 08:11:19
1625,academic/wiki/papers/D029-2020-tncs-physrevresearch2033293,raw-not-distributed/D029-2020-tncs-physrevresearch2033293/wiki.md#semantic,2026-08-29 08:11:19
1626,academic/wiki/papers/D029-2020-tncs-physrevresearch2033293,raw-not-distributed/D029-2020-tncs-physrevresearch2033293/wiki.md#semantic,2026-08-29 08:11:19
1627,academic/wiki/papers/D029-2020-tncs-physrevresearch2033293,raw-not-distributed/D029-2020-tncs-physrevresearch2033293/wiki.md#semantic,2026-08-29 08:11:19
1628,academic/wiki/papers/D029-2020-tncs-physrevresearch2033293,raw-not-distributed/D029-2020-tncs-physrevresearch2033293/wiki.md#semantic,2026-08-29 08:11:19
1629,academic/wiki/papers/D029-2020-tncs-physrevresearch2033293,raw-not-distributed/D029-2020-tncs-physrevresearch2033293/wiki.md#semantic,2026-08-29 08:11:19
1630,academic/wiki/papers/D029-2020-tncs-physrevresearch2033293,raw-not-distributed/D029-2020-tncs-physrevresearch2033293/wiki.md#semantic,2026-08-29 08:11:19
1631,academic/wiki/papers/D029-2020-tncs-physrevresearch2033293,raw-not-distributed/D029-2020-tncs-physrevresearch2033293/wiki.md#semantic,2026-08-29 08:11:19
1632,academic/wiki/papers/D029-2020-tncs-physrevresearch2033293,raw-not-distributed/D029-2020-tncs-physrevresearch2033293/wiki.md#semantic,2026-08-29 08:11:19
1633,academic/wiki/papers/D029-2020-tncs-physrevresearch2033293,raw-not-distributed/D029-2020-tncs-physrevresearch2033293/wiki.md#semantic,2026-08-29 08:11:19
1634,academic/wiki/papers/D029-2020-tncs-physrevresearch2033293,raw-not-distributed/D029-2020-tncs-physrevresearch2033293/wiki.md#semantic,2026-08-29 08:11:19
1635,academic/wiki/papers/D029-2020-tncs-physrevresearch2033293,raw-not-distributed/D029-2020-tncs-physrevresearch2033293/wiki.md#semantic,2026-08-29 08:11:19
1636,academic/wiki/papers/D029-2020-tncs-physrevresearch2033293,raw-not-distributed/D029-2020-tncs-physrevresearch2033293/wiki.md#semantic,2026-08-29 08:11:19
1637,academic/wiki/papers/D029-2020-tncs-physrevresearch2033293,raw-not-distributed/D029-2020-tncs-physrevresearch2033293/wiki.md#semantic,2026-08-29 08:11:19
1638,academic/wiki/papers/D029-2020-tncs-physrevresearch2033293,raw-not-distributed/D029-2020-tncs-physrevresearch2033293/paper.md,2026-08-29 08:11:19
1639,academic/wiki/papers/D029-2020-tncs-physrevresearch2033293,raw-not-distributed/D029-2020-tncs-physrevresearch2033293/paper.md,2026-08-29 08:11:19
1640,academic/wiki/papers/D029-2020-tncs-physrevresearch2033293,raw-not-distributed/D029-2020-tncs-physrevresearch2033293/paper.md,2026-08-29 08:11:19
1641,academic/wiki/papers/D029-2020-tncs-physrevresearch2033293,raw-not-distributed/D029-2020-tncs-physrevresearch2033293/paper.md,2026-08-29 08:11:19
1642,academic/wiki/papers/D029-2020-tncs-physrevresearch2033293,raw-not-distributed/D029-2020-tncs-physrevresearch2033293/paper.md,2026-08-29 08:11:19
1719,academic/wiki/papers/D030-2021-qubismnet,raw-not-distributed/D030-2021-qubismnet/paper.md,2026-08-29 08:13:00
1720,academic/wiki/papers/D030-2021-qubismnet,raw-not-distributed/D030-2021-qubismnet/wiki.md#semantic,2026-08-29 08:13:00
1721,academic/wiki/papers/D030-2021-qubismnet,raw-not-distributed/D030-2021-qubismnet/wiki.md#semantic,2026-08-29 08:13:00
1722,academic/wiki/papers/D030-2021-qubismnet,raw-not-distributed/D030-2021-qubismnet/wiki.md#semantic,2026-08-29 08:13:00
1723,academic/wiki/papers/D030-2021-qubismnet,raw-not-distributed/D030-2021-qubismnet/wiki.md#semantic,2026-08-29 08:13:00
1724,academic/wiki/papers/D030-2021-qubismnet,raw-not-distributed/D030-2021-qubismnet/wiki.md#semantic,2026-08-29 08:13:00
1725,academic/wiki/papers/D030-2021-qubismnet,raw-not-distributed/D030-2021-qubismnet/wiki.md#semantic,2026-08-29 08:13:00
1726,academic/wiki/papers/D030-2021-qubismnet,raw-not-distributed/D030-2021-qubismnet/wiki.md#semantic,2026-08-29 08:13:00
1727,academic/wiki/papers/D030-2021-qubismnet,raw-not-distributed/D030-2021-qubismnet/wiki.md#semantic,2026-08-29 08:13:00
1728,academic/wiki/papers/D030-2021-qubismnet,raw-not-distributed/D030-2021-qubismnet/wiki.md#semantic,2026-08-29 08:13:00
1729,academic/wiki/papers/D030-2021-qubismnet,raw-not-distributed/D030-2021-qubismnet/wiki.md#semantic,2026-08-29 08:13:00
1730,academic/wiki/papers/D030-2021-qubismnet,raw-not-distributed/D030-2021-qubismnet/wiki.md#semantic,2026-08-29 08:13:00
1731,academic/wiki/papers/D030-2021-qubismnet,raw-not-distributed/D030-2021-qubismnet/wiki.md#semantic,2026-08-29 08:13:00
1732,academic/wiki/papers/D030-2021-qubismnet,raw-not-distributed/D030-2021-qubismnet/wiki.md#semantic,2026-08-29 08:13:00
1733,academic/wiki/papers/D030-2021-qubismnet,raw-not-distributed/D030-2021-qubismnet/wiki.md#semantic,2026-08-29 08:13:00
1734,academic/wiki/papers/D030-2021-qubismnet,raw-not-distributed/D030-2021-qubismnet/paper.md,2026-08-29 08:13:00
1735,academic/wiki/papers/D030-2021-qubismnet,raw-not-distributed/D030-2021-qubismnet/paper.md,2026-08-29 08:13:00
1830,academic/wiki/papers/D031-2021-adqc,raw-not-distributed/D031-2021-adqc/paper.md,2026-08-29 08:14:02
1831,academic/wiki/papers/D031-2021-adqc,raw-not-distributed/D031-2021-adqc/wiki.md#semantic,2026-08-29 08:14:02
1832,academic/wiki/papers/D031-2021-adqc,raw-not-distributed/D031-2021-adqc/wiki.md#semantic,2026-08-29 08:14:02
1833,academic/wiki/papers/D031-2021-adqc,raw-not-distributed/D031-2021-adqc/wiki.md#semantic,2026-08-29 08:14:02
1834,academic/wiki/papers/D031-2021-adqc,raw-not-distributed/D031-2021-adqc/wiki.md#semantic,2026-08-29 08:14:02
1835,academic/wiki/papers/D031-2021-adqc,raw-not-distributed/D031-2021-adqc/wiki.md#semantic,2026-08-29 08:14:02
1836,academic/wiki/papers/D031-2021-adqc,raw-not-distributed/D031-2021-adqc/wiki.md#semantic,2026-08-29 08:14:02
1837,academic/wiki/papers/D031-2021-adqc,raw-not-distributed/D031-2021-adqc/wiki.md#semantic,2026-08-29 08:14:02
1838,academic/wiki/papers/D031-2021-adqc,raw-not-distributed/D031-2021-adqc/wiki.md#semantic,2026-08-29 08:14:02
1839,academic/wiki/papers/D031-2021-adqc,raw-not-distributed/D031-2021-adqc/wiki.md#semantic,2026-08-29 08:14:02
1840,academic/wiki/papers/D031-2021-adqc,raw-not-distributed/D031-2021-adqc/wiki.md#semantic,2026-08-29 08:14:02
1841,academic/wiki/papers/D031-2021-adqc,raw-not-distributed/D031-2021-adqc/wiki.md#semantic,2026-08-29 08:14:02
1842,academic/wiki/papers/D031-2021-adqc,raw-not-distributed/D031-2021-adqc/wiki.md#semantic,2026-08-29 08:14:02
1843,academic/wiki/papers/D031-2021-adqc,raw-not-distributed/D031-2021-adqc/wiki.md#semantic,2026-08-29 08:14:02
1844,academic/wiki/papers/D031-2021-adqc,raw-not-distributed/D031-2021-adqc/wiki.md#semantic,2026-08-29 08:14:02
1845,academic/wiki/papers/D031-2021-adqc,raw-not-distributed/D031-2021-adqc/wiki.md#semantic,2026-08-29 08:14:02
1846,academic/wiki/papers/D031-2021-adqc,raw-not-distributed/D031-2021-adqc/wiki.md#semantic,2026-08-29 08:14:02
1847,academic/wiki/papers/D031-2021-adqc,raw-not-distributed/D031-2021-adqc/wiki.md#semantic,2026-08-29 08:14:02
1848,academic/wiki/papers/D031-2021-adqc,raw-not-distributed/D031-2021-adqc/wiki.md#semantic,2026-08-29 08:14:02
1849,academic/wiki/papers/D031-2021-adqc,raw-not-distributed/D031-2021-adqc/wiki.md#semantic,2026-08-29 08:14:02
1850,academic/wiki/papers/D031-2021-adqc,raw-not-distributed/D031-2021-adqc/wiki.md#semantic,2026-08-29 08:14:02
1851,academic/wiki/papers/D031-2021-adqc,raw-not-distributed/D031-2021-adqc/wiki.md#semantic,2026-08-29 08:14:02
1852,academic/wiki/papers/D031-2021-adqc,raw-not-distributed/D031-2021-adqc/wiki.md#semantic,2026-08-29 08:14:02
1853,academic/wiki/papers/D031-2021-adqc,raw-not-distributed/D031-2021-adqc/wiki.md#semantic,2026-08-29 08:14:02
1854,academic/wiki/papers/D031-2021-adqc,raw-not-distributed/D031-2021-adqc/wiki.md#semantic,2026-08-29 08:14:02
1855,academic/wiki/papers/D031-2021-adqc,raw-not-distributed/D031-2021-adqc/wiki.md#semantic,2026-08-29 08:14:02
1856,academic/wiki/papers/D031-2021-adqc,raw-not-distributed/D031-2021-adqc/paper.md,2026-08-29 08:14:02
1857,academic/wiki/papers/D031-2021-adqc,raw-not-distributed/D031-2021-adqc/paper.md,2026-08-29 08:14:02
1858,academic/wiki/papers/D031-2021-adqc,raw-not-distributed/D031-2021-adqc/paper.md,2026-08-29 08:14:02
1859,academic/wiki/papers/D031-2021-adqc,raw-not-distributed/D031-2021-adqc/paper.md,2026-08-29 08:14:02
1860,academic/wiki/papers/D031-2021-adqc,raw-not-distributed/D031-2021-adqc/paper.md,2026-08-29 08:14:02
1956,academic/wiki/papers/D032-2021-卢迎fgto,raw-not-distributed/D032-2021-卢迎fgto/paper.md,2026-08-29 08:16:07
1957,academic/wiki/papers/D032-2021-卢迎fgto,raw-not-distributed/D032-2021-卢迎fgto/wiki.md#semantic,2026-08-29 08:16:07
1958,academic/wiki/papers/D032-2021-卢迎fgto,raw-not-distributed/D032-2021-卢迎fgto/wiki.md#semantic,2026-08-29 08:16:07
1959,academic/wiki/papers/D032-2021-卢迎fgto,raw-not-distributed/D032-2021-卢迎fgto/wiki.md#semantic,2026-08-29 08:16:07
1960,academic/wiki/papers/D032-2021-卢迎fgto,raw-not-distributed/D032-2021-卢迎fgto/wiki.md#semantic,2026-08-29 08:16:07
1961,academic/wiki/papers/D032-2021-卢迎fgto,raw-not-distributed/D032-2021-卢迎fgto/wiki.md#semantic,2026-08-29 08:16:07
1962,academic/wiki/papers/D032-2021-卢迎fgto,raw-not-distributed/D032-2021-卢迎fgto/wiki.md#semantic,2026-08-29 08:16:07
1963,academic/wiki/papers/D032-2021-卢迎fgto,raw-not-distributed/D032-2021-卢迎fgto/wiki.md#semantic,2026-08-29 08:16:07
1964,academic/wiki/papers/D032-2021-卢迎fgto,raw-not-distributed/D032-2021-卢迎fgto/wiki.md#semantic,2026-08-29 08:16:07
1965,academic/wiki/papers/D032-2021-卢迎fgto,raw-not-distributed/D032-2021-卢迎fgto/wiki.md#semantic,2026-08-29 08:16:07
1966,academic/wiki/papers/D032-2021-卢迎fgto,raw-not-distributed/D032-2021-卢迎fgto/wiki.md#semantic,2026-08-29 08:16:07
1967,academic/wiki/papers/D032-2021-卢迎fgto,raw-not-distributed/D032-2021-卢迎fgto/wiki.md#semantic,2026-08-29 08:16:07
1968,academic/wiki/papers/D032-2021-卢迎fgto,raw-not-distributed/D032-2021-卢迎fgto/wiki.md#semantic,2026-08-29 08:16:07
1969,academic/wiki/papers/D032-2021-卢迎fgto,raw-not-distributed/D032-2021-卢迎fgto/wiki.md#semantic,2026-08-29 08:16:07
1970,academic/wiki/papers/D032-2021-卢迎fgto,raw-not-distributed/D032-2021-卢迎fgto/wiki.md#semantic,2026-08-29 08:16:07
1971,academic/wiki/papers/D032-2021-卢迎fgto,raw-not-distributed/D032-2021-卢迎fgto/wiki.md#semantic,2026-08-29 08:16:07
1972,academic/wiki/papers/D032-2021-卢迎fgto,raw-not-distributed/D032-2021-卢迎fgto/wiki.md#semantic,2026-08-29 08:16:07
1973,academic/wiki/papers/D032-2021-卢迎fgto,raw-not-distributed/D032-2021-卢迎fgto/wiki.md#semantic,2026-08-29 08:16:07
1974,academic/wiki/papers/D032-2021-卢迎fgto,raw-not-distributed/D032-2021-卢迎fgto/wiki.md#semantic,2026-08-29 08:16:07
1975,academic/wiki/papers/D032-2021-卢迎fgto,raw-not-distributed/D032-2021-卢迎fgto/wiki.md#semantic,2026-08-29 08:16:07
1976,academic/wiki/papers/D032-2021-卢迎fgto,raw-not-distributed/D032-2021-卢迎fgto/wiki.md#semantic,2026-08-29 08:16:07
1977,academic/wiki/papers/D032-2021-卢迎fgto,raw-not-distributed/D032-2021-卢迎fgto/wiki.md#semantic,2026-08-29 08:16:07
1978,academic/wiki/papers/D032-2021-卢迎fgto,raw-not-distributed/D032-2021-卢迎fgto/wiki.md#semantic,2026-08-29 08:16:07
1979,academic/wiki/papers/D032-2021-卢迎fgto,raw-not-distributed/D032-2021-卢迎fgto/wiki.md#semantic,2026-08-29 08:16:07
1980,academic/wiki/papers/D032-2021-卢迎fgto,raw-not-distributed/D032-2021-卢迎fgto/wiki.md#semantic,2026-08-29 08:16:07
1981,academic/wiki/papers/D032-2021-卢迎fgto,raw-not-distributed/D032-2021-卢迎fgto/wiki.md#semantic,2026-08-29 08:16:07
1982,academic/wiki/papers/D032-2021-卢迎fgto,raw-not-distributed/D032-2021-卢迎fgto/wiki.md#semantic,2026-08-29 08:16:07
1983,academic/wiki/papers/D032-2021-卢迎fgto,raw-not-distributed/D032-2021-卢迎fgto/wiki.md#semantic,2026-08-29 08:16:07
2080,academic/wiki/papers/D033-2021-quantum-phase-visualization,raw-not-distributed/D033-2021-quantum-phase-visualization/paper.md,2026-08-29 08:16:09
2081,academic/wiki/papers/D033-2021-quantum-phase-visualization,raw-not-distributed/D033-2021-quantum-phase-visualization/wiki.md#semantic,2026-08-29 08:16:09
2082,academic/wiki/papers/D033-2021-quantum-phase-visualization,raw-not-distributed/D033-2021-quantum-phase-visualization/wiki.md#semantic,2026-08-29 08:16:09
2083,academic/wiki/papers/D033-2021-quantum-phase-visualization,raw-not-distributed/D033-2021-quantum-phase-visualization/wiki.md#semantic,2026-08-29 08:16:09
2084,academic/wiki/papers/D033-2021-quantum-phase-visualization,raw-not-distributed/D033-2021-quantum-phase-visualization/wiki.md#semantic,2026-08-29 08:16:09
2085,academic/wiki/papers/D033-2021-quantum-phase-visualization,raw-not-distributed/D033-2021-quantum-phase-visualization/wiki.md#semantic,2026-08-29 08:16:09
2086,academic/wiki/papers/D033-2021-quantum-phase-visualization,raw-not-distributed/D033-2021-quantum-phase-visualization/wiki.md#semantic,2026-08-29 08:16:09
2087,academic/wiki/papers/D033-2021-quantum-phase-visualization,raw-not-distributed/D033-2021-quantum-phase-visualization/wiki.md#semantic,2026-08-29 08:16:09
2088,academic/wiki/papers/D033-2021-quantum-phase-visualization,raw-not-distributed/D033-2021-quantum-phase-visualization/wiki.md#semantic,2026-08-29 08:16:09
2089,academic/wiki/papers/D033-2021-quantum-phase-visualization,raw-not-distributed/D033-2021-quantum-phase-visualization/wiki.md#semantic,2026-08-29 08:16:09
2090,academic/wiki/papers/D033-2021-quantum-phase-visualization,raw-not-distributed/D033-2021-quantum-phase-visualization/wiki.md#semantic,2026-08-29 08:16:09
2091,academic/wiki/papers/D033-2021-quantum-phase-visualization,raw-not-distributed/D033-2021-quantum-phase-visualization/wiki.md#semantic,2026-08-29 08:16:09
2092,academic/wiki/papers/D033-2021-quantum-phase-visualization,raw-not-distributed/D033-2021-quantum-phase-visualization/wiki.md#semantic,2026-08-29 08:16:09
2093,academic/wiki/papers/D033-2021-quantum-phase-visualization,raw-not-distributed/D033-2021-quantum-phase-visualization/wiki.md#semantic,2026-08-29 08:16:09
2094,academic/wiki/papers/D033-2021-quantum-phase-visualization,raw-not-distributed/D033-2021-quantum-phase-visualization/wiki.md#semantic,2026-08-29 08:16:09
2095,academic/wiki/papers/D033-2021-quantum-phase-visualization,raw-not-distributed/D033-2021-quantum-phase-visualization/wiki.md#semantic,2026-08-29 08:16:09
2096,academic/wiki/papers/D033-2021-quantum-phase-visualization,raw-not-distributed/D033-2021-quantum-phase-visualization/wiki.md#semantic,2026-08-29 08:16:09
2097,academic/wiki/papers/D033-2021-quantum-phase-visualization,raw-not-distributed/D033-2021-quantum-phase-visualization/wiki.md#semantic,2026-08-29 08:16:09
2098,academic/wiki/papers/D033-2021-quantum-phase-visualization,raw-not-distributed/D033-2021-quantum-phase-visualization/wiki.md#semantic,2026-08-29 08:16:09
2099,academic/wiki/papers/D033-2021-quantum-phase-visualization,raw-not-distributed/D033-2021-quantum-phase-visualization/wiki.md#semantic,2026-08-29 08:16:09
2100,academic/wiki/papers/D033-2021-quantum-phase-visualization,raw-not-distributed/D033-2021-quantum-phase-visualization/wiki.md#semantic,2026-08-29 08:16:09
2101,academic/wiki/papers/D033-2021-quantum-phase-visualization,raw-not-distributed/D033-2021-quantum-phase-visualization/wiki.md#semantic,2026-08-29 08:16:09
2102,academic/wiki/papers/D033-2021-quantum-phase-visualization,raw-not-distributed/D033-2021-quantum-phase-visualization/paper.md,2026-08-29 08:16:09
2103,academic/wiki/papers/D033-2021-quantum-phase-visualization,raw-not-distributed/D033-2021-quantum-phase-visualization/paper.md,2026-08-29 08:16:09
2200,academic/wiki/papers/D034-2021-virtual-configuration-binarization,raw-not-distributed/D034-2021-virtual-configuration-binarization/paper.md,2026-08-29 08:16:35
2201,academic/wiki/papers/D034-2021-virtual-configuration-binarization,raw-not-distributed/D034-2021-virtual-configuration-binarization/wiki.md#semantic,2026-08-29 08:16:35
2202,academic/wiki/papers/D034-2021-virtual-configuration-binarization,raw-not-distributed/D034-2021-virtual-configuration-binarization/wiki.md#semantic,2026-08-29 08:16:35
2203,academic/wiki/papers/D034-2021-virtual-configuration-binarization,raw-not-distributed/D034-2021-virtual-configuration-binarization/wiki.md#semantic,2026-08-29 08:16:35
2204,academic/wiki/papers/D034-2021-virtual-configuration-binarization,raw-not-distributed/D034-2021-virtual-configuration-binarization/wiki.md#semantic,2026-08-29 08:16:35
2205,academic/wiki/papers/D034-2021-virtual-configuration-binarization,raw-not-distributed/D034-2021-virtual-configuration-binarization/wiki.md#semantic,2026-08-29 08:16:35
2206,academic/wiki/papers/D034-2021-virtual-configuration-binarization,raw-not-distributed/D034-2021-virtual-configuration-binarization/wiki.md#semantic,2026-08-29 08:16:35
2207,academic/wiki/papers/D034-2021-virtual-configuration-binarization,raw-not-distributed/D034-2021-virtual-configuration-binarization/wiki.md#semantic,2026-08-29 08:16:35
2208,academic/wiki/papers/D034-2021-virtual-configuration-binarization,raw-not-distributed/D034-2021-virtual-configuration-binarization/wiki.md#semantic,2026-08-29 08:16:35
2209,academic/wiki/papers/D034-2021-virtual-configuration-binarization,raw-not-distributed/D034-2021-virtual-configuration-binarization/wiki.md#semantic,2026-08-29 08:16:35
2210,academic/wiki/papers/D034-2021-virtual-configuration-binarization,raw-not-distributed/D034-2021-virtual-configuration-binarization/wiki.md#semantic,2026-08-29 08:16:35
2211,academic/wiki/papers/D034-2021-virtual-configuration-binarization,raw-not-distributed/D034-2021-virtual-configuration-binarization/wiki.md#semantic,2026-08-29 08:16:35
2212,academic/wiki/papers/D034-2021-virtual-configuration-binarization,raw-not-distributed/D034-2021-virtual-configuration-binarization/wiki.md#semantic,2026-08-29 08:16:35
2213,academic/wiki/papers/D034-2021-virtual-configuration-binarization,raw-not-distributed/D034-2021-virtual-configuration-binarization/wiki.md#semantic,2026-08-29 08:16:35
2214,academic/wiki/papers/D034-2021-virtual-configuration-binarization,raw-not-distributed/D034-2021-virtual-configuration-binarization/wiki.md#semantic,2026-08-29 08:16:35
2215,academic/wiki/papers/D034-2021-virtual-configuration-binarization,raw-not-distributed/D034-2021-virtual-configuration-binarization/wiki.md#semantic,2026-08-29 08:16:35
2216,academic/wiki/papers/D034-2021-virtual-configuration-binarization,raw-not-distributed/D034-2021-virtual-configuration-binarization/wiki.md#semantic,2026-08-29 08:16:35
2217,academic/wiki/papers/D034-2021-virtual-configuration-binarization,raw-not-distributed/D034-2021-virtual-configuration-binarization/wiki.md#semantic,2026-08-29 08:16:35
2218,academic/wiki/papers/D034-2021-virtual-configuration-binarization,raw-not-distributed/D034-2021-virtual-configuration-binarization/wiki.md#semantic,2026-08-29 08:16:35
2219,academic/wiki/papers/D034-2021-virtual-configuration-binarization,raw-not-distributed/D034-2021-virtual-configuration-binarization/wiki.md#semantic,2026-08-29 08:16:35
2220,academic/wiki/papers/D034-2021-virtual-configuration-binarization,raw-not-distributed/D034-2021-virtual-configuration-binarization/wiki.md#semantic,2026-08-29 08:16:35
2221,academic/wiki/papers/D034-2021-virtual-configuration-binarization,raw-not-distributed/D034-2021-virtual-configuration-binarization/wiki.md#semantic,2026-08-29 08:16:35
2222,academic/wiki/papers/D034-2021-virtual-configuration-binarization,raw-not-distributed/D034-2021-virtual-configuration-binarization/paper.md,2026-08-29 08:16:35
2319,academic/wiki/papers/D035-2021-光量子分类器,raw-not-distributed/D035-2021-光量子分类器/paper.md,2026-08-29 08:17:09
2320,academic/wiki/papers/D035-2021-光量子分类器,raw-not-distributed/D035-2021-光量子分类器/wiki.md#semantic,2026-08-29 08:17:09
2321,academic/wiki/papers/D035-2021-光量子分类器,raw-not-distributed/D035-2021-光量子分类器/wiki.md#semantic,2026-08-29 08:17:09
2322,academic/wiki/papers/D035-2021-光量子分类器,raw-not-distributed/D035-2021-光量子分类器/wiki.md#semantic,2026-08-29 08:17:09
2323,academic/wiki/papers/D035-2021-光量子分类器,raw-not-distributed/D035-2021-光量子分类器/wiki.md#semantic,2026-08-29 08:17:09
2324,academic/wiki/papers/D035-2021-光量子分类器,raw-not-distributed/D035-2021-光量子分类器/wiki.md#semantic,2026-08-29 08:17:09
2325,academic/wiki/papers/D035-2021-光量子分类器,raw-not-distributed/D035-2021-光量子分类器/wiki.md#semantic,2026-08-29 08:17:09
2326,academic/wiki/papers/D035-2021-光量子分类器,raw-not-distributed/D035-2021-光量子分类器/wiki.md#semantic,2026-08-29 08:17:09
2327,academic/wiki/papers/D035-2021-光量子分类器,raw-not-distributed/D035-2021-光量子分类器/wiki.md#semantic,2026-08-29 08:17:09
2328,academic/wiki/papers/D035-2021-光量子分类器,raw-not-distributed/D035-2021-光量子分类器/wiki.md#semantic,2026-08-29 08:17:09
2329,academic/wiki/papers/D035-2021-光量子分类器,raw-not-distributed/D035-2021-光量子分类器/wiki.md#semantic,2026-08-29 08:17:09
2330,academic/wiki/papers/D035-2021-光量子分类器,raw-not-distributed/D035-2021-光量子分类器/wiki.md#semantic,2026-08-29 08:17:09
2331,academic/wiki/papers/D035-2021-光量子分类器,raw-not-distributed/D035-2021-光量子分类器/wiki.md#semantic,2026-08-29 08:17:09
2332,academic/wiki/papers/D035-2021-光量子分类器,raw-not-distributed/D035-2021-光量子分类器/wiki.md#semantic,2026-08-29 08:17:09
2333,academic/wiki/papers/D035-2021-光量子分类器,raw-not-distributed/D035-2021-光量子分类器/wiki.md#semantic,2026-08-29 08:17:09
2334,academic/wiki/papers/D035-2021-光量子分类器,raw-not-distributed/D035-2021-光量子分类器/wiki.md#semantic,2026-08-29 08:17:09
2335,academic/wiki/papers/D035-2021-光量子分类器,raw-not-distributed/D035-2021-光量子分类器/wiki.md#semantic,2026-08-29 08:17:09
2336,academic/wiki/papers/D035-2021-光量子分类器,raw-not-distributed/D035-2021-光量子分类器/wiki.md#semantic,2026-08-29 08:17:09
2337,academic/wiki/papers/D035-2021-光量子分类器,raw-not-distributed/D035-2021-光量子分类器/wiki.md#semantic,2026-08-29 08:17:09
2338,academic/wiki/papers/D035-2021-光量子分类器,raw-not-distributed/D035-2021-光量子分类器/wiki.md#semantic,2026-08-29 08:17:09
2339,academic/wiki/papers/D035-2021-光量子分类器,raw-not-distributed/D035-2021-光量子分类器/wiki.md#semantic,2026-08-29 08:17:09
2340,academic/wiki/papers/D035-2021-光量子分类器,raw-not-distributed/D035-2021-光量子分类器/wiki.md#semantic,2026-08-29 08:17:09
2341,academic/wiki/papers/D035-2021-光量子分类器,raw-not-distributed/D035-2021-光量子分类器/wiki.md#semantic,2026-08-29 08:17:09
2342,academic/wiki/papers/D035-2021-光量子分类器,raw-not-distributed/D035-2021-光量子分类器/paper.md,2026-08-29 08:17:09
2343,academic/wiki/papers/D035-2021-光量子分类器,raw-not-distributed/D035-2021-光量子分类器/paper.md,2026-08-29 08:17:09
2344,academic/wiki/papers/D035-2021-光量子分类器,raw-not-distributed/D035-2021-光量子分类器/paper.md,2026-08-29 08:17:09
2441,academic/wiki/papers/D036-2021-mpnn,raw-not-distributed/D036-2021-mpnn/paper.md,2026-08-29 08:18:41
2442,academic/wiki/papers/D036-2021-mpnn,raw-not-distributed/D036-2021-mpnn/wiki.md#semantic,2026-08-29 08:18:41
2443,academic/wiki/papers/D036-2021-mpnn,raw-not-distributed/D036-2021-mpnn/wiki.md#semantic,2026-08-29 08:18:41
2444,academic/wiki/papers/D036-2021-mpnn,raw-not-distributed/D036-2021-mpnn/wiki.md#semantic,2026-08-29 08:18:41
2445,academic/wiki/papers/D036-2021-mpnn,raw-not-distributed/D036-2021-mpnn/wiki.md#semantic,2026-08-29 08:18:41
2446,academic/wiki/papers/D036-2021-mpnn,raw-not-distributed/D036-2021-mpnn/wiki.md#semantic,2026-08-29 08:18:41
2447,academic/wiki/papers/D036-2021-mpnn,raw-not-distributed/D036-2021-mpnn/wiki.md#semantic,2026-08-29 08:18:41
2448,academic/wiki/papers/D036-2021-mpnn,raw-not-distributed/D036-2021-mpnn/wiki.md#semantic,2026-08-29 08:18:41
2449,academic/wiki/papers/D036-2021-mpnn,raw-not-distributed/D036-2021-mpnn/wiki.md#semantic,2026-08-29 08:18:41
2450,academic/wiki/papers/D036-2021-mpnn,raw-not-distributed/D036-2021-mpnn/wiki.md#semantic,2026-08-29 08:18:41
2451,academic/wiki/papers/D036-2021-mpnn,raw-not-distributed/D036-2021-mpnn/wiki.md#semantic,2026-08-29 08:18:41
2452,academic/wiki/papers/D036-2021-mpnn,raw-not-distributed/D036-2021-mpnn/wiki.md#semantic,2026-08-29 08:18:41
2453,academic/wiki/papers/D036-2021-mpnn,raw-not-distributed/D036-2021-mpnn/wiki.md#semantic,2026-08-29 08:18:41
2454,academic/wiki/papers/D036-2021-mpnn,raw-not-distributed/D036-2021-mpnn/wiki.md#semantic,2026-08-29 08:18:41
2455,academic/wiki/papers/D036-2021-mpnn,raw-not-distributed/D036-2021-mpnn/wiki.md#semantic,2026-08-29 08:18:41
2456,academic/wiki/papers/D036-2021-mpnn,raw-not-distributed/D036-2021-mpnn/wiki.md#semantic,2026-08-29 08:18:41
2457,academic/wiki/papers/D036-2021-mpnn,raw-not-distributed/D036-2021-mpnn/wiki.md#semantic,2026-08-29 08:18:41
2458,academic/wiki/papers/D036-2021-mpnn,raw-not-distributed/D036-2021-mpnn/wiki.md#semantic,2026-08-29 08:18:41
2459,academic/wiki/papers/D036-2021-mpnn,raw-not-distributed/D036-2021-mpnn/wiki.md#semantic,2026-08-29 08:18:41
2460,academic/wiki/papers/D036-2021-mpnn,raw-not-distributed/D036-2021-mpnn/wiki.md#semantic,2026-08-29 08:18:41
2461,academic/wiki/papers/D036-2021-mpnn,raw-not-distributed/D036-2021-mpnn/wiki.md#semantic,2026-08-29 08:18:41
2462,academic/wiki/papers/D036-2021-mpnn,raw-not-distributed/D036-2021-mpnn/wiki.md#semantic,2026-08-29 08:18:41
2463,academic/wiki/papers/D036-2021-mpnn,raw-not-distributed/D036-2021-mpnn/wiki.md#semantic,2026-08-29 08:18:41
2464,academic/wiki/papers/D036-2021-mpnn,raw-not-distributed/D036-2021-mpnn/paper.md,2026-08-29 08:18:41
2465,academic/wiki/papers/D036-2021-mpnn,raw-not-distributed/D036-2021-mpnn/paper.md,2026-08-29 08:18:41
2466,academic/wiki/papers/D036-2021-mpnn,raw-not-distributed/D036-2021-mpnn/paper.md,2026-08-29 08:18:41
2467,academic/wiki/papers/D036-2021-mpnn,raw-not-distributed/D036-2021-mpnn/paper.md,2026-08-29 08:18:41
2468,academic/wiki/papers/D036-2021-mpnn,raw-not-distributed/D036-2021-mpnn/paper.md,2026-08-29 08:18:41
2469,academic/wiki/papers/D036-2021-mpnn,raw-not-distributed/D036-2021-mpnn/paper.md,2026-08-29 08:18:41
2575,academic/wiki/papers/D037-2021-entanglement-feature-extraction,raw-not-distributed/D037-2021-entanglement-feature-extraction/paper.md,2026-08-29 08:20:23
2576,academic/wiki/papers/D037-2021-entanglement-feature-extraction,raw-not-distributed/D037-2021-entanglement-feature-extraction/wiki.md#semantic,2026-08-29 08:20:23
2577,academic/wiki/papers/D037-2021-entanglement-feature-extraction,raw-not-distributed/D037-2021-entanglement-feature-extraction/wiki.md#semantic,2026-08-29 08:20:23
2578,academic/wiki/papers/D037-2021-entanglement-feature-extraction,raw-not-distributed/D037-2021-entanglement-feature-extraction/wiki.md#semantic,2026-08-29 08:20:23
2579,academic/wiki/papers/D037-2021-entanglement-feature-extraction,raw-not-distributed/D037-2021-entanglement-feature-extraction/wiki.md#semantic,2026-08-29 08:20:23
2580,academic/wiki/papers/D037-2021-entanglement-feature-extraction,raw-not-distributed/D037-2021-entanglement-feature-extraction/wiki.md#semantic,2026-08-29 08:20:23
2581,academic/wiki/papers/D037-2021-entanglement-feature-extraction,raw-not-distributed/D037-2021-entanglement-feature-extraction/wiki.md#semantic,2026-08-29 08:20:23
2582,academic/wiki/papers/D037-2021-entanglement-feature-extraction,raw-not-distributed/D037-2021-entanglement-feature-extraction/wiki.md#semantic,2026-08-29 08:20:23
2583,academic/wiki/papers/D037-2021-entanglement-feature-extraction,raw-not-distributed/D037-2021-entanglement-feature-extraction/wiki.md#semantic,2026-08-29 08:20:23
2584,academic/wiki/papers/D037-2021-entanglement-feature-extraction,raw-not-distributed/D037-2021-entanglement-feature-extraction/wiki.md#semantic,2026-08-29 08:20:23
2585,academic/wiki/papers/D037-2021-entanglement-feature-extraction,raw-not-distributed/D037-2021-entanglement-feature-extraction/wiki.md#semantic,2026-08-29 08:20:23
2586,academic/wiki/papers/D037-2021-entanglement-feature-extraction,raw-not-distributed/D037-2021-entanglement-feature-extraction/wiki.md#semantic,2026-08-29 08:20:23
2587,academic/wiki/papers/D037-2021-entanglement-feature-extraction,raw-not-distributed/D037-2021-entanglement-feature-extraction/wiki.md#semantic,2026-08-29 08:20:23
2588,academic/wiki/papers/D037-2021-entanglement-feature-extraction,raw-not-distributed/D037-2021-entanglement-feature-extraction/wiki.md#semantic,2026-08-29 08:20:23
2589,academic/wiki/papers/D037-2021-entanglement-feature-extraction,raw-not-distributed/D037-2021-entanglement-feature-extraction/wiki.md#semantic,2026-08-29 08:20:23
2590,academic/wiki/papers/D037-2021-entanglement-feature-extraction,raw-not-distributed/D037-2021-entanglement-feature-extraction/wiki.md#semantic,2026-08-29 08:20:23
2591,academic/wiki/papers/D037-2021-entanglement-feature-extraction,raw-not-distributed/D037-2021-entanglement-feature-extraction/wiki.md#semantic,2026-08-29 08:20:23
2592,academic/wiki/papers/D037-2021-entanglement-feature-extraction,raw-not-distributed/D037-2021-entanglement-feature-extraction/wiki.md#semantic,2026-08-29 08:20:23
2593,academic/wiki/papers/D037-2021-entanglement-feature-extraction,raw-not-distributed/D037-2021-entanglement-feature-extraction/wiki.md#semantic,2026-08-29 08:20:23
2594,academic/wiki/papers/D037-2021-entanglement-feature-extraction,raw-not-distributed/D037-2021-entanglement-feature-extraction/wiki.md#semantic,2026-08-29 08:20:23
2595,academic/wiki/papers/D037-2021-entanglement-feature-extraction,raw-not-distributed/D037-2021-entanglement-feature-extraction/wiki.md#semantic,2026-08-29 08:20:23
2596,academic/wiki/papers/D037-2021-entanglement-feature-extraction,raw-not-distributed/D037-2021-entanglement-feature-extraction/wiki.md#semantic,2026-08-29 08:20:23
2597,academic/wiki/papers/D037-2021-entanglement-feature-extraction,raw-not-distributed/D037-2021-entanglement-feature-extraction/wiki.md#semantic,2026-08-29 08:20:23
2597,academic/wiki/papers/D045-2023-resmps,raw-not-distributed/D045-2023-resmps/wiki.md#semantic,2026-08-29 12:14:29
2598,academic/wiki/papers/D037-2021-entanglement-feature-extraction,raw-not-distributed/D037-2021-entanglement-feature-extraction/wiki.md#semantic,2026-08-29 08:20:23
2599,academic/wiki/papers/D037-2021-entanglement-feature-extraction,raw-not-distributed/D037-2021-entanglement-feature-extraction/wiki.md#semantic,2026-08-29 08:20:23
2600,academic/wiki/papers/D037-2021-entanglement-feature-extraction,raw-not-distributed/D037-2021-entanglement-feature-extraction/paper.md,2026-08-29 08:20:23
2601,academic/wiki/papers/D037-2021-entanglement-feature-extraction,raw-not-distributed/D037-2021-entanglement-feature-extraction/paper.md,2026-08-29 08:20:23
2602,academic/wiki/papers/D037-2021-entanglement-feature-extraction,raw-not-distributed/D037-2021-entanglement-feature-extraction/paper.md,2026-08-29 08:20:23
2722,academic/wiki/papers/D038-2022-cpl-tn特征选择-白生成,raw-not-distributed/D038-2022-cpl-tn特征选择-白生成/paper.md,2026-08-29 08:36:35
2723,academic/wiki/papers/D038-2022-cpl-tn特征选择-白生成,raw-not-distributed/D038-2022-cpl-tn特征选择-白生成/wiki.md#semantic,2026-08-29 08:36:35
2724,academic/wiki/papers/D038-2022-cpl-tn特征选择-白生成,raw-not-distributed/D038-2022-cpl-tn特征选择-白生成/wiki.md#semantic,2026-08-29 08:36:35
2725,academic/wiki/papers/D038-2022-cpl-tn特征选择-白生成,raw-not-distributed/D038-2022-cpl-tn特征选择-白生成/wiki.md#semantic,2026-08-29 08:36:35
2726,academic/wiki/papers/D038-2022-cpl-tn特征选择-白生成,raw-not-distributed/D038-2022-cpl-tn特征选择-白生成/wiki.md#semantic,2026-08-29 08:36:35
2727,academic/wiki/papers/D038-2022-cpl-tn特征选择-白生成,raw-not-distributed/D038-2022-cpl-tn特征选择-白生成/wiki.md#semantic,2026-08-29 08:36:35
2728,academic/wiki/papers/D038-2022-cpl-tn特征选择-白生成,raw-not-distributed/D038-2022-cpl-tn特征选择-白生成/wiki.md#semantic,2026-08-29 08:36:35
2729,academic/wiki/papers/D038-2022-cpl-tn特征选择-白生成,raw-not-distributed/D038-2022-cpl-tn特征选择-白生成/wiki.md#semantic,2026-08-29 08:36:35
2730,academic/wiki/papers/D038-2022-cpl-tn特征选择-白生成,raw-not-distributed/D038-2022-cpl-tn特征选择-白生成/wiki.md#semantic,2026-08-29 08:36:35
2731,academic/wiki/papers/D038-2022-cpl-tn特征选择-白生成,raw-not-distributed/D038-2022-cpl-tn特征选择-白生成/wiki.md#semantic,2026-08-29 08:36:35
2732,academic/wiki/papers/D038-2022-cpl-tn特征选择-白生成,raw-not-distributed/D038-2022-cpl-tn特征选择-白生成/wiki.md#semantic,2026-08-29 08:36:35
2733,academic/wiki/papers/D038-2022-cpl-tn特征选择-白生成,raw-not-distributed/D038-2022-cpl-tn特征选择-白生成/wiki.md#semantic,2026-08-29 08:36:35
2734,academic/wiki/papers/D038-2022-cpl-tn特征选择-白生成,raw-not-distributed/D038-2022-cpl-tn特征选择-白生成/wiki.md#semantic,2026-08-29 08:36:35
2735,academic/wiki/papers/D038-2022-cpl-tn特征选择-白生成,raw-not-distributed/D038-2022-cpl-tn特征选择-白生成/wiki.md#semantic,2026-08-29 08:36:35
2736,academic/wiki/papers/D038-2022-cpl-tn特征选择-白生成,raw-not-distributed/D038-2022-cpl-tn特征选择-白生成/wiki.md#semantic,2026-08-29 08:36:35
2737,academic/wiki/papers/D038-2022-cpl-tn特征选择-白生成,raw-not-distributed/D038-2022-cpl-tn特征选择-白生成/wiki.md#semantic,2026-08-29 08:36:35
2738,academic/wiki/papers/D038-2022-cpl-tn特征选择-白生成,raw-not-distributed/D038-2022-cpl-tn特征选择-白生成/wiki.md#semantic,2026-08-29 08:36:35
2739,academic/wiki/papers/D038-2022-cpl-tn特征选择-白生成,raw-not-distributed/D038-2022-cpl-tn特征选择-白生成/wiki.md#semantic,2026-08-29 08:36:35
2740,academic/wiki/papers/D038-2022-cpl-tn特征选择-白生成,raw-not-distributed/D038-2022-cpl-tn特征选择-白生成/wiki.md#semantic,2026-08-29 08:36:35
2741,academic/wiki/papers/D038-2022-cpl-tn特征选择-白生成,raw-not-distributed/D038-2022-cpl-tn特征选择-白生成/wiki.md#semantic,2026-08-29 08:36:35
2742,academic/wiki/papers/D038-2022-cpl-tn特征选择-白生成,raw-not-distributed/D038-2022-cpl-tn特征选择-白生成/paper.md,2026-08-29 08:36:35
2743,academic/wiki/papers/D038-2022-cpl-tn特征选择-白生成,raw-not-distributed/D038-2022-cpl-tn特征选择-白生成/paper.md,2026-08-29 08:36:35
2879,academic/wiki/papers/D039-2022-tn-tailoring-王顶族,raw-not-distributed/D039-2022-tn-tailoring-王顶族/paper.md,2026-08-29 09:13:22
2880,academic/wiki/papers/D039-2022-tn-tailoring-王顶族,raw-not-distributed/D039-2022-tn-tailoring-王顶族/wiki.md#semantic,2026-08-29 09:13:22
2881,academic/wiki/papers/D039-2022-tn-tailoring-王顶族,raw-not-distributed/D039-2022-tn-tailoring-王顶族/wiki.md#semantic,2026-08-29 09:13:22
2882,academic/wiki/papers/D039-2022-tn-tailoring-王顶族,raw-not-distributed/D039-2022-tn-tailoring-王顶族/wiki.md#semantic,2026-08-29 09:13:22
2883,academic/wiki/papers/D039-2022-tn-tailoring-王顶族,raw-not-distributed/D039-2022-tn-tailoring-王顶族/wiki.md#semantic,2026-08-29 09:13:22
2884,academic/wiki/papers/D039-2022-tn-tailoring-王顶族,raw-not-distributed/D039-2022-tn-tailoring-王顶族/wiki.md#semantic,2026-08-29 09:13:22
2885,academic/wiki/papers/D039-2022-tn-tailoring-王顶族,raw-not-distributed/D039-2022-tn-tailoring-王顶族/wiki.md#semantic,2026-08-29 09:13:22
2886,academic/wiki/papers/D039-2022-tn-tailoring-王顶族,raw-not-distributed/D039-2022-tn-tailoring-王顶族/wiki.md#semantic,2026-08-29 09:13:22
2887,academic/wiki/papers/D039-2022-tn-tailoring-王顶族,raw-not-distributed/D039-2022-tn-tailoring-王顶族/wiki.md#semantic,2026-08-29 09:13:22
2888,academic/wiki/papers/D039-2022-tn-tailoring-王顶族,raw-not-distributed/D039-2022-tn-tailoring-王顶族/wiki.md#semantic,2026-08-29 09:13:22
2889,academic/wiki/papers/D039-2022-tn-tailoring-王顶族,raw-not-distributed/D039-2022-tn-tailoring-王顶族/wiki.md#semantic,2026-08-29 09:13:22
2890,academic/wiki/papers/D039-2022-tn-tailoring-王顶族,raw-not-distributed/D039-2022-tn-tailoring-王顶族/wiki.md#semantic,2026-08-29 09:13:22
2891,academic/wiki/papers/D039-2022-tn-tailoring-王顶族,raw-not-distributed/D039-2022-tn-tailoring-王顶族/wiki.md#semantic,2026-08-29 09:13:22
2892,academic/wiki/papers/D039-2022-tn-tailoring-王顶族,raw-not-distributed/D039-2022-tn-tailoring-王顶族/wiki.md#semantic,2026-08-29 09:13:22
2893,academic/wiki/papers/D039-2022-tn-tailoring-王顶族,raw-not-distributed/D039-2022-tn-tailoring-王顶族/wiki.md#semantic,2026-08-29 09:13:22
2894,academic/wiki/papers/D039-2022-tn-tailoring-王顶族,raw-not-distributed/D039-2022-tn-tailoring-王顶族/wiki.md#semantic,2026-08-29 09:13:22
2895,academic/wiki/papers/D039-2022-tn-tailoring-王顶族,raw-not-distributed/D039-2022-tn-tailoring-王顶族/wiki.md#semantic,2026-08-29 09:13:22
2896,academic/wiki/papers/D039-2022-tn-tailoring-王顶族,raw-not-distributed/D039-2022-tn-tailoring-王顶族/wiki.md#semantic,2026-08-29 09:13:22
2897,academic/wiki/papers/D039-2022-tn-tailoring-王顶族,raw-not-distributed/D039-2022-tn-tailoring-王顶族/wiki.md#semantic,2026-08-29 09:13:22
2898,academic/wiki/papers/D039-2022-tn-tailoring-王顶族,raw-not-distributed/D039-2022-tn-tailoring-王顶族/wiki.md#semantic,2026-08-29 09:13:22
2899,academic/wiki/papers/D039-2022-tn-tailoring-王顶族,raw-not-distributed/D039-2022-tn-tailoring-王顶族/wiki.md#semantic,2026-08-29 09:13:22
2900,academic/wiki/papers/D039-2022-tn-tailoring-王顶族,raw-not-distributed/D039-2022-tn-tailoring-王顶族/wiki.md#semantic,2026-08-29 09:13:22
2901,academic/wiki/papers/D039-2022-tn-tailoring-王顶族,raw-not-distributed/D039-2022-tn-tailoring-王顶族/wiki.md#semantic,2026-08-29 09:13:22
2902,academic/wiki/papers/D039-2022-tn-tailoring-王顶族,raw-not-distributed/D039-2022-tn-tailoring-王顶族/wiki.md#semantic,2026-08-29 09:13:22
2903,academic/wiki/papers/D039-2022-tn-tailoring-王顶族,raw-not-distributed/D039-2022-tn-tailoring-王顶族/wiki.md#semantic,2026-08-29 09:13:22
2904,academic/wiki/papers/D039-2022-tn-tailoring-王顶族,raw-not-distributed/D039-2022-tn-tailoring-王顶族/paper.md,2026-08-29 09:13:22
2905,academic/wiki/papers/D039-2022-tn-tailoring-王顶族,raw-not-distributed/D039-2022-tn-tailoring-王顶族/paper.md,2026-08-29 09:13:22
2906,academic/wiki/papers/D039-2022-tn-tailoring-王顶族,raw-not-distributed/D039-2022-tn-tailoring-王顶族/paper.md,2026-08-29 09:13:22
3052,academic/wiki/papers/D040-2022-functional-mps-洪瑞,raw-not-distributed/D040-2022-functional-mps-洪瑞/paper.md,2026-08-29 09:13:56
3053,academic/wiki/papers/D040-2022-functional-mps-洪瑞,raw-not-distributed/D040-2022-functional-mps-洪瑞/wiki.md#semantic,2026-08-29 09:13:56
3054,academic/wiki/papers/D040-2022-functional-mps-洪瑞,raw-not-distributed/D040-2022-functional-mps-洪瑞/wiki.md#semantic,2026-08-29 09:13:56
3055,academic/wiki/papers/D040-2022-functional-mps-洪瑞,raw-not-distributed/D040-2022-functional-mps-洪瑞/wiki.md#semantic,2026-08-29 09:13:56
3056,academic/wiki/papers/D040-2022-functional-mps-洪瑞,raw-not-distributed/D040-2022-functional-mps-洪瑞/wiki.md#semantic,2026-08-29 09:13:56
3057,academic/wiki/papers/D040-2022-functional-mps-洪瑞,raw-not-distributed/D040-2022-functional-mps-洪瑞/wiki.md#semantic,2026-08-29 09:13:56
3058,academic/wiki/papers/D040-2022-functional-mps-洪瑞,raw-not-distributed/D040-2022-functional-mps-洪瑞/wiki.md#semantic,2026-08-29 09:13:56
3059,academic/wiki/papers/D040-2022-functional-mps-洪瑞,raw-not-distributed/D040-2022-functional-mps-洪瑞/wiki.md#semantic,2026-08-29 09:13:56
3060,academic/wiki/papers/D040-2022-functional-mps-洪瑞,raw-not-distributed/D040-2022-functional-mps-洪瑞/wiki.md#semantic,2026-08-29 09:13:56
3061,academic/wiki/papers/D040-2022-functional-mps-洪瑞,raw-not-distributed/D040-2022-functional-mps-洪瑞/wiki.md#semantic,2026-08-29 09:13:56
3062,academic/wiki/papers/D040-2022-functional-mps-洪瑞,raw-not-distributed/D040-2022-functional-mps-洪瑞/wiki.md#semantic,2026-08-29 09:13:56
3063,academic/wiki/papers/D040-2022-functional-mps-洪瑞,raw-not-distributed/D040-2022-functional-mps-洪瑞/wiki.md#semantic,2026-08-29 09:13:56
3064,academic/wiki/papers/D040-2022-functional-mps-洪瑞,raw-not-distributed/D040-2022-functional-mps-洪瑞/wiki.md#semantic,2026-08-29 09:13:56
3065,academic/wiki/papers/D040-2022-functional-mps-洪瑞,raw-not-distributed/D040-2022-functional-mps-洪瑞/wiki.md#semantic,2026-08-29 09:13:56
3066,academic/wiki/papers/D040-2022-functional-mps-洪瑞,raw-not-distributed/D040-2022-functional-mps-洪瑞/wiki.md#semantic,2026-08-29 09:13:56
3067,academic/wiki/papers/D040-2022-functional-mps-洪瑞,raw-not-distributed/D040-2022-functional-mps-洪瑞/wiki.md#semantic,2026-08-29 09:13:56
3068,academic/wiki/papers/D040-2022-functional-mps-洪瑞,raw-not-distributed/D040-2022-functional-mps-洪瑞/wiki.md#semantic,2026-08-29 09:13:56
3069,academic/wiki/papers/D040-2022-functional-mps-洪瑞,raw-not-distributed/D040-2022-functional-mps-洪瑞/wiki.md#semantic,2026-08-29 09:13:56
3070,academic/wiki/papers/D040-2022-functional-mps-洪瑞,raw-not-distributed/D040-2022-functional-mps-洪瑞/wiki.md#semantic,2026-08-29 09:13:56
3071,academic/wiki/papers/D040-2022-functional-mps-洪瑞,raw-not-distributed/D040-2022-functional-mps-洪瑞/wiki.md#semantic,2026-08-29 09:13:56
3072,academic/wiki/papers/D040-2022-functional-mps-洪瑞,raw-not-distributed/D040-2022-functional-mps-洪瑞/wiki.md#semantic,2026-08-29 09:13:56
3073,academic/wiki/papers/D040-2022-functional-mps-洪瑞,raw-not-distributed/D040-2022-functional-mps-洪瑞/wiki.md#semantic,2026-08-29 09:13:56
3074,academic/wiki/papers/D040-2022-functional-mps-洪瑞,raw-not-distributed/D040-2022-functional-mps-洪瑞/wiki.md#semantic,2026-08-29 09:13:56
3075,academic/wiki/papers/D040-2022-functional-mps-洪瑞,raw-not-distributed/D040-2022-functional-mps-洪瑞/wiki.md#semantic,2026-08-29 09:13:56
3076,academic/wiki/papers/D040-2022-functional-mps-洪瑞,raw-not-distributed/D040-2022-functional-mps-洪瑞/wiki.md#semantic,2026-08-29 09:13:56
3077,academic/wiki/papers/D040-2022-functional-mps-洪瑞,raw-not-distributed/D040-2022-functional-mps-洪瑞/wiki.md#semantic,2026-08-29 09:13:56
3078,academic/wiki/papers/D040-2022-functional-mps-洪瑞,raw-not-distributed/D040-2022-functional-mps-洪瑞/wiki.md#semantic,2026-08-29 09:13:56
3079,academic/wiki/papers/D040-2022-functional-mps-洪瑞,raw-not-distributed/D040-2022-functional-mps-洪瑞/wiki.md#semantic,2026-08-29 09:13:56
3080,academic/wiki/papers/D040-2022-functional-mps-洪瑞,raw-not-distributed/D040-2022-functional-mps-洪瑞/paper.md,2026-08-29 09:13:56
3081,academic/wiki/papers/D040-2022-functional-mps-洪瑞,raw-not-distributed/D040-2022-functional-mps-洪瑞/paper.md,2026-08-29 09:13:56
3082,academic/wiki/papers/D040-2022-functional-mps-洪瑞,raw-not-distributed/D040-2022-functional-mps-洪瑞/paper.md,2026-08-29 09:13:56
3083,academic/wiki/papers/D040-2022-functional-mps-洪瑞,raw-not-distributed/D040-2022-functional-mps-洪瑞/paper.md,2026-08-29 09:13:56
3084,academic/wiki/papers/D040-2022-functional-mps-洪瑞,raw-not-distributed/D040-2022-functional-mps-洪瑞/paper.md,2026-08-29 09:13:56
3085,academic/wiki/papers/D040-2022-functional-mps-洪瑞,raw-not-distributed/D040-2022-functional-mps-洪瑞/paper.md,2026-08-29 09:13:56
3236,academic/wiki/papers/D041-2022-rlf李伟明,raw-not-distributed/D041-2022-rlf李伟明/paper.md,2026-08-29 09:15:44
3237,academic/wiki/papers/D041-2022-rlf李伟明,raw-not-distributed/D041-2022-rlf李伟明/wiki.md#semantic,2026-08-29 09:15:44
3238,academic/wiki/papers/D041-2022-rlf李伟明,raw-not-distributed/D041-2022-rlf李伟明/wiki.md#semantic,2026-08-29 09:15:44
3239,academic/wiki/papers/D041-2022-rlf李伟明,raw-not-distributed/D041-2022-rlf李伟明/wiki.md#semantic,2026-08-29 09:15:44
3240,academic/wiki/papers/D041-2022-rlf李伟明,raw-not-distributed/D041-2022-rlf李伟明/wiki.md#semantic,2026-08-29 09:15:44
3241,academic/wiki/papers/D041-2022-rlf李伟明,raw-not-distributed/D041-2022-rlf李伟明/wiki.md#semantic,2026-08-29 09:15:44
3242,academic/wiki/papers/D041-2022-rlf李伟明,raw-not-distributed/D041-2022-rlf李伟明/wiki.md#semantic,2026-08-29 09:15:44
3243,academic/wiki/papers/D041-2022-rlf李伟明,raw-not-distributed/D041-2022-rlf李伟明/wiki.md#semantic,2026-08-29 09:15:44
3244,academic/wiki/papers/D041-2022-rlf李伟明,raw-not-distributed/D041-2022-rlf李伟明/wiki.md#semantic,2026-08-29 09:15:44
3245,academic/wiki/papers/D041-2022-rlf李伟明,raw-not-distributed/D041-2022-rlf李伟明/wiki.md#semantic,2026-08-29 09:15:44
3246,academic/wiki/papers/D041-2022-rlf李伟明,raw-not-distributed/D041-2022-rlf李伟明/wiki.md#semantic,2026-08-29 09:15:44
3247,academic/wiki/papers/D041-2022-rlf李伟明,raw-not-distributed/D041-2022-rlf李伟明/wiki.md#semantic,2026-08-29 09:15:44
3248,academic/wiki/papers/D041-2022-rlf李伟明,raw-not-distributed/D041-2022-rlf李伟明/wiki.md#semantic,2026-08-29 09:15:44
3249,academic/wiki/papers/D041-2022-rlf李伟明,raw-not-distributed/D041-2022-rlf李伟明/wiki.md#semantic,2026-08-29 09:15:44
3250,academic/wiki/papers/D041-2022-rlf李伟明,raw-not-distributed/D041-2022-rlf李伟明/wiki.md#semantic,2026-08-29 09:15:44
3251,academic/wiki/papers/D041-2022-rlf李伟明,raw-not-distributed/D041-2022-rlf李伟明/wiki.md#semantic,2026-08-29 09:15:44
3252,academic/wiki/papers/D041-2022-rlf李伟明,raw-not-distributed/D041-2022-rlf李伟明/wiki.md#semantic,2026-08-29 09:15:44
3253,academic/wiki/papers/D041-2022-rlf李伟明,raw-not-distributed/D041-2022-rlf李伟明/wiki.md#semantic,2026-08-29 09:15:44
3254,academic/wiki/papers/D041-2022-rlf李伟明,raw-not-distributed/D041-2022-rlf李伟明/wiki.md#semantic,2026-08-29 09:15:44
3255,academic/wiki/papers/D041-2022-rlf李伟明,raw-not-distributed/D041-2022-rlf李伟明/wiki.md#semantic,2026-08-29 09:15:44
3256,academic/wiki/papers/D041-2022-rlf李伟明,raw-not-distributed/D041-2022-rlf李伟明/wiki.md#semantic,2026-08-29 09:15:44
3257,academic/wiki/papers/D041-2022-rlf李伟明,raw-not-distributed/D041-2022-rlf李伟明/wiki.md#semantic,2026-08-29 09:15:44
3258,academic/wiki/papers/D041-2022-rlf李伟明,raw-not-distributed/D041-2022-rlf李伟明/wiki.md#semantic,2026-08-29 09:15:44
3259,academic/wiki/papers/D041-2022-rlf李伟明,raw-not-distributed/D041-2022-rlf李伟明/wiki.md#semantic,2026-08-29 09:15:44
3260,academic/wiki/papers/D041-2022-rlf李伟明,raw-not-distributed/D041-2022-rlf李伟明/wiki.md#semantic,2026-08-29 09:15:44
3261,academic/wiki/papers/D041-2022-rlf李伟明,raw-not-distributed/D041-2022-rlf李伟明/paper.md,2026-08-29 09:15:44
3262,academic/wiki/papers/D041-2022-rlf李伟明,raw-not-distributed/D041-2022-rlf李伟明/paper.md,2026-08-29 09:15:44
3263,academic/wiki/papers/D041-2022-rlf李伟明,raw-not-distributed/D041-2022-rlf李伟明/paper.md,2026-08-29 09:15:44
3264,academic/wiki/papers/D041-2022-rlf李伟明,raw-not-distributed/D041-2022-rlf李伟明/paper.md,2026-08-29 09:15:44
3265,academic/wiki/papers/D041-2022-rlf李伟明,raw-not-distributed/D041-2022-rlf李伟明/paper.md,2026-08-29 09:15:44
3420,academic/wiki/papers/D042-2023-kagome-方大智,raw-not-distributed/D042-2023-kagome-方大智/paper.md,2026-08-29 11:17:05
3421,academic/wiki/papers/D042-2023-kagome-方大智,raw-not-distributed/D042-2023-kagome-方大智/wiki.md#semantic,2026-08-29 11:17:05
3422,academic/wiki/papers/D042-2023-kagome-方大智,raw-not-distributed/D042-2023-kagome-方大智/wiki.md#semantic,2026-08-29 11:17:05
3423,academic/wiki/papers/D042-2023-kagome-方大智,raw-not-distributed/D042-2023-kagome-方大智/wiki.md#semantic,2026-08-29 11:17:05
3424,academic/wiki/papers/D042-2023-kagome-方大智,raw-not-distributed/D042-2023-kagome-方大智/wiki.md#semantic,2026-08-29 11:17:05
3425,academic/wiki/papers/D042-2023-kagome-方大智,raw-not-distributed/D042-2023-kagome-方大智/wiki.md#semantic,2026-08-29 11:17:05
3426,academic/wiki/papers/D042-2023-kagome-方大智,raw-not-distributed/D042-2023-kagome-方大智/wiki.md#semantic,2026-08-29 11:17:05
3427,academic/wiki/papers/D042-2023-kagome-方大智,raw-not-distributed/D042-2023-kagome-方大智/wiki.md#semantic,2026-08-29 11:17:05
3428,academic/wiki/papers/D042-2023-kagome-方大智,raw-not-distributed/D042-2023-kagome-方大智/wiki.md#semantic,2026-08-29 11:17:05
3429,academic/wiki/papers/D042-2023-kagome-方大智,raw-not-distributed/D042-2023-kagome-方大智/wiki.md#semantic,2026-08-29 11:17:05
3430,academic/wiki/papers/D042-2023-kagome-方大智,raw-not-distributed/D042-2023-kagome-方大智/wiki.md#semantic,2026-08-29 11:17:05
3431,academic/wiki/papers/D042-2023-kagome-方大智,raw-not-distributed/D042-2023-kagome-方大智/wiki.md#semantic,2026-08-29 11:17:05
3432,academic/wiki/papers/D042-2023-kagome-方大智,raw-not-distributed/D042-2023-kagome-方大智/wiki.md#semantic,2026-08-29 11:17:05
3433,academic/wiki/papers/D042-2023-kagome-方大智,raw-not-distributed/D042-2023-kagome-方大智/wiki.md#semantic,2026-08-29 11:17:05
3434,academic/wiki/papers/D042-2023-kagome-方大智,raw-not-distributed/D042-2023-kagome-方大智/wiki.md#semantic,2026-08-29 11:17:05
3435,academic/wiki/papers/D042-2023-kagome-方大智,raw-not-distributed/D042-2023-kagome-方大智/wiki.md#semantic,2026-08-29 11:17:05
3436,academic/wiki/papers/D042-2023-kagome-方大智,raw-not-distributed/D042-2023-kagome-方大智/wiki.md#semantic,2026-08-29 11:17:05
3437,academic/wiki/papers/D042-2023-kagome-方大智,raw-not-distributed/D042-2023-kagome-方大智/wiki.md#semantic,2026-08-29 11:17:05
3438,academic/wiki/papers/D042-2023-kagome-方大智,raw-not-distributed/D042-2023-kagome-方大智/wiki.md#semantic,2026-08-29 11:17:05
3439,academic/wiki/papers/D042-2023-kagome-方大智,raw-not-distributed/D042-2023-kagome-方大智/wiki.md#semantic,2026-08-29 11:17:05
3440,academic/wiki/papers/D042-2023-kagome-方大智,raw-not-distributed/D042-2023-kagome-方大智/wiki.md#semantic,2026-08-29 11:17:05
3441,academic/wiki/papers/D042-2023-kagome-方大智,raw-not-distributed/D042-2023-kagome-方大智/paper.md,2026-08-29 11:17:05
3615,academic/wiki/papers/D043-2023-schmidt-tns-prl,raw-not-distributed/D043-2023-schmidt-tns-prl/paper.md,2026-08-29 11:45:40
3616,academic/wiki/papers/D043-2023-schmidt-tns-prl,raw-not-distributed/D043-2023-schmidt-tns-prl/wiki.md#semantic,2026-08-29 11:45:40
3617,academic/wiki/papers/D043-2023-schmidt-tns-prl,raw-not-distributed/D043-2023-schmidt-tns-prl/wiki.md#semantic,2026-08-29 11:45:40
3618,academic/wiki/papers/D043-2023-schmidt-tns-prl,raw-not-distributed/D043-2023-schmidt-tns-prl/wiki.md#semantic,2026-08-29 11:45:40
3619,academic/wiki/papers/D043-2023-schmidt-tns-prl,raw-not-distributed/D043-2023-schmidt-tns-prl/wiki.md#semantic,2026-08-29 11:45:40
3620,academic/wiki/papers/D043-2023-schmidt-tns-prl,raw-not-distributed/D043-2023-schmidt-tns-prl/wiki.md#semantic,2026-08-29 11:45:40
3621,academic/wiki/papers/D043-2023-schmidt-tns-prl,raw-not-distributed/D043-2023-schmidt-tns-prl/wiki.md#semantic,2026-08-29 11:45:40
3622,academic/wiki/papers/D043-2023-schmidt-tns-prl,raw-not-distributed/D043-2023-schmidt-tns-prl/wiki.md#semantic,2026-08-29 11:45:40
3623,academic/wiki/papers/D043-2023-schmidt-tns-prl,raw-not-distributed/D043-2023-schmidt-tns-prl/wiki.md#semantic,2026-08-29 11:45:40
3624,academic/wiki/papers/D043-2023-schmidt-tns-prl,raw-not-distributed/D043-2023-schmidt-tns-prl/wiki.md#semantic,2026-08-29 11:45:40
3625,academic/wiki/papers/D043-2023-schmidt-tns-prl,raw-not-distributed/D043-2023-schmidt-tns-prl/wiki.md#semantic,2026-08-29 11:45:40
3626,academic/wiki/papers/D043-2023-schmidt-tns-prl,raw-not-distributed/D043-2023-schmidt-tns-prl/wiki.md#semantic,2026-08-29 11:45:40
3627,academic/wiki/papers/D043-2023-schmidt-tns-prl,raw-not-distributed/D043-2023-schmidt-tns-prl/wiki.md#semantic,2026-08-29 11:45:40
3628,academic/wiki/papers/D043-2023-schmidt-tns-prl,raw-not-distributed/D043-2023-schmidt-tns-prl/wiki.md#semantic,2026-08-29 11:45:40
3629,academic/wiki/papers/D043-2023-schmidt-tns-prl,raw-not-distributed/D043-2023-schmidt-tns-prl/wiki.md#semantic,2026-08-29 11:45:40
3630,academic/wiki/papers/D043-2023-schmidt-tns-prl,raw-not-distributed/D043-2023-schmidt-tns-prl/wiki.md#semantic,2026-08-29 11:45:40
3631,academic/wiki/papers/D043-2023-schmidt-tns-prl,raw-not-distributed/D043-2023-schmidt-tns-prl/wiki.md#semantic,2026-08-29 11:45:40
3632,academic/wiki/papers/D043-2023-schmidt-tns-prl,raw-not-distributed/D043-2023-schmidt-tns-prl/wiki.md#semantic,2026-08-29 11:45:40
3633,academic/wiki/papers/D043-2023-schmidt-tns-prl,raw-not-distributed/D043-2023-schmidt-tns-prl/wiki.md#semantic,2026-08-29 11:45:40
3634,academic/wiki/papers/D043-2023-schmidt-tns-prl,raw-not-distributed/D043-2023-schmidt-tns-prl/paper.md,2026-08-29 11:45:40
3635,academic/wiki/papers/D043-2023-schmidt-tns-prl,raw-not-distributed/D043-2023-schmidt-tns-prl/paper.md,2026-08-29 11:45:40
3636,academic/wiki/papers/D043-2023-schmidt-tns-prl,raw-not-distributed/D043-2023-schmidt-tns-prl/paper.md,2026-08-29 11:45:40
3637,academic/wiki/papers/D043-2023-schmidt-tns-prl,raw-not-distributed/D043-2023-schmidt-tns-prl/paper.md,2026-08-29 11:45:40
3638,academic/wiki/papers/D043-2023-schmidt-tns-prl,raw-not-distributed/D043-2023-schmidt-tns-prl/paper.md,2026-08-29 11:45:40
3639,academic/wiki/papers/D043-2023-schmidt-tns-prl,raw-not-distributed/D043-2023-schmidt-tns-prl/paper.md,2026-08-29 11:45:40
3640,academic/wiki/papers/D043-2023-schmidt-tns-prl,raw-not-distributed/D043-2023-schmidt-tns-prl/paper.md,2026-08-29 11:45:40
3641,academic/wiki/papers/D043-2023-schmidt-tns-prl,raw-not-distributed/D043-2023-schmidt-tns-prl/paper.md,2026-08-29 11:45:40
3642,academic/wiki/papers/D043-2023-schmidt-tns-prl,raw-not-distributed/D043-2023-schmidt-tns-prl/paper.md,2026-08-29 11:45:40
3643,academic/wiki/papers/D043-2023-schmidt-tns-prl,raw-not-distributed/D043-2023-schmidt-tns-prl/paper.md,2026-08-29 11:45:40
3829,academic/wiki/papers/D044-2023-luying-quvis,raw-not-distributed/D044-2023-luying-quvis/paper.md,2026-08-29 12:05:51
3830,academic/wiki/papers/D044-2023-luying-quvis,raw-not-distributed/D044-2023-luying-quvis/wiki.md#semantic,2026-08-29 12:05:51
3831,academic/wiki/papers/D044-2023-luying-quvis,raw-not-distributed/D044-2023-luying-quvis/wiki.md#semantic,2026-08-29 12:05:51
3832,academic/wiki/papers/D044-2023-luying-quvis,raw-not-distributed/D044-2023-luying-quvis/wiki.md#semantic,2026-08-29 12:05:51
3833,academic/wiki/papers/D044-2023-luying-quvis,raw-not-distributed/D044-2023-luying-quvis/wiki.md#semantic,2026-08-29 12:05:51
3834,academic/wiki/papers/D044-2023-luying-quvis,raw-not-distributed/D044-2023-luying-quvis/wiki.md#semantic,2026-08-29 12:05:51
3835,academic/wiki/papers/D044-2023-luying-quvis,raw-not-distributed/D044-2023-luying-quvis/wiki.md#semantic,2026-08-29 12:05:51
3836,academic/wiki/papers/D044-2023-luying-quvis,raw-not-distributed/D044-2023-luying-quvis/wiki.md#semantic,2026-08-29 12:05:51
3837,academic/wiki/papers/D044-2023-luying-quvis,raw-not-distributed/D044-2023-luying-quvis/wiki.md#semantic,2026-08-29 12:05:51
3838,academic/wiki/papers/D044-2023-luying-quvis,raw-not-distributed/D044-2023-luying-quvis/wiki.md#semantic,2026-08-29 12:05:51
3839,academic/wiki/papers/D044-2023-luying-quvis,raw-not-distributed/D044-2023-luying-quvis/wiki.md#semantic,2026-08-29 12:05:51
3840,academic/wiki/papers/D044-2023-luying-quvis,raw-not-distributed/D044-2023-luying-quvis/wiki.md#semantic,2026-08-29 12:05:51
3841,academic/wiki/papers/D044-2023-luying-quvis,raw-not-distributed/D044-2023-luying-quvis/wiki.md#semantic,2026-08-29 12:05:51
3842,academic/wiki/papers/D044-2023-luying-quvis,raw-not-distributed/D044-2023-luying-quvis/wiki.md#semantic,2026-08-29 12:05:51
3843,academic/wiki/papers/D044-2023-luying-quvis,raw-not-distributed/D044-2023-luying-quvis/paper.md,2026-08-29 12:05:51
3844,academic/wiki/papers/D044-2023-luying-quvis,raw-not-distributed/D044-2023-luying-quvis/paper.md,2026-08-29 12:05:51
3845,academic/wiki/papers/D044-2023-luying-quvis,raw-not-distributed/D044-2023-luying-quvis/paper.md,2026-08-29 12:05:51
4036,academic/wiki/papers/D045-2023-resmps,raw-not-distributed/D045-2023-resmps/paper.md,2026-08-29 12:14:29
4037,academic/wiki/papers/D045-2023-resmps,raw-not-distributed/D045-2023-resmps/wiki.md#semantic,2026-08-29 12:14:29
4038,academic/wiki/papers/D045-2023-resmps,raw-not-distributed/D045-2023-resmps/wiki.md#semantic,2026-08-29 12:14:29
4039,academic/wiki/papers/D045-2023-resmps,raw-not-distributed/D045-2023-resmps/wiki.md#semantic,2026-08-29 12:14:29
4040,academic/wiki/papers/D045-2023-resmps,raw-not-distributed/D045-2023-resmps/wiki.md#semantic,2026-08-29 12:14:29
4041,academic/wiki/papers/D045-2023-resmps,raw-not-distributed/D045-2023-resmps/wiki.md#semantic,2026-08-29 12:14:29
4042,academic/wiki/papers/D045-2023-resmps,raw-not-distributed/D045-2023-resmps/wiki.md#semantic,2026-08-29 12:14:29
4043,academic/wiki/papers/D045-2023-resmps,raw-not-distributed/D045-2023-resmps/wiki.md#semantic,2026-08-29 12:14:29
4044,academic/wiki/papers/D045-2023-resmps,raw-not-distributed/D045-2023-resmps/wiki.md#semantic,2026-08-29 12:14:29
4045,academic/wiki/papers/D045-2023-resmps,raw-not-distributed/D045-2023-resmps/wiki.md#semantic,2026-08-29 12:14:29
4046,academic/wiki/papers/D045-2023-resmps,raw-not-distributed/D045-2023-resmps/wiki.md#semantic,2026-08-29 12:14:29
4047,academic/wiki/papers/D045-2023-resmps,raw-not-distributed/D045-2023-resmps/wiki.md#semantic,2026-08-29 12:14:29
4048,academic/wiki/papers/D045-2023-resmps,raw-not-distributed/D045-2023-resmps/wiki.md#semantic,2026-08-29 12:14:29
4049,academic/wiki/papers/D045-2023-resmps,raw-not-distributed/D045-2023-resmps/wiki.md#semantic,2026-08-29 12:14:29
4050,academic/wiki/papers/D045-2023-resmps,raw-not-distributed/D045-2023-resmps/wiki.md#semantic,2026-08-29 12:14:29
4051,academic/wiki/papers/D045-2023-resmps,raw-not-distributed/D045-2023-resmps/wiki.md#semantic,2026-08-29 12:14:29
4052,academic/wiki/papers/D045-2023-resmps,raw-not-distributed/D045-2023-resmps/wiki.md#semantic,2026-08-29 12:14:29
4053,academic/wiki/papers/D045-2023-resmps,raw-not-distributed/D045-2023-resmps/wiki.md#semantic,2026-08-29 12:14:29
4054,academic/wiki/papers/D045-2023-resmps,raw-not-distributed/D045-2023-resmps/wiki.md#semantic,2026-08-29 12:14:29
4055,academic/wiki/papers/D045-2023-resmps,raw-not-distributed/D045-2023-resmps/wiki.md#semantic,2026-08-29 12:14:29
4056,academic/wiki/papers/D045-2023-resmps,raw-not-distributed/D045-2023-resmps/wiki.md#semantic,2026-08-29 12:14:29
4057,academic/wiki/papers/D045-2023-resmps,raw-not-distributed/D045-2023-resmps/wiki.md#semantic,2026-08-29 12:14:29
4058,academic/wiki/papers/D045-2023-resmps,raw-not-distributed/D045-2023-resmps/wiki.md#semantic,2026-08-29 12:14:29
4059,academic/wiki/papers/D045-2023-resmps,raw-not-distributed/D045-2023-resmps/wiki.md#semantic,2026-08-29 12:14:29
4060,academic/wiki/papers/D045-2023-resmps,raw-not-distributed/D045-2023-resmps/wiki.md#semantic,2026-08-29 12:14:29
4061,academic/wiki/papers/D045-2023-resmps,raw-not-distributed/D045-2023-resmps/wiki.md#semantic,2026-08-29 12:14:29
4062,academic/wiki/papers/D045-2023-resmps,raw-not-distributed/D045-2023-resmps/wiki.md#semantic,2026-08-29 12:14:29
4063,academic/wiki/papers/D045-2023-resmps,raw-not-distributed/D045-2023-resmps/wiki.md#semantic,2026-08-29 12:14:29
4064,academic/wiki/papers/D045-2023-resmps,raw-not-distributed/D045-2023-resmps/paper.md,2026-08-29 12:14:29
4065,academic/wiki/papers/D045-2023-resmps,raw-not-distributed/D045-2023-resmps/paper.md,2026-08-29 12:14:29
4066,academic/wiki/papers/D045-2023-resmps,raw-not-distributed/D045-2023-resmps/paper.md,2026-08-29 12:14:29
4067,academic/wiki/papers/D045-2023-resmps,raw-not-distributed/D045-2023-resmps/paper.md,2026-08-29 12:14:29
4068,academic/wiki/papers/D045-2023-resmps,raw-not-distributed/D045-2023-resmps/paper.md,2026-08-29 12:14:29
4069,academic/wiki/papers/D045-2023-resmps,raw-not-distributed/D045-2023-resmps/paper.md,2026-08-29 12:14:29
4070,academic/wiki/papers/D045-2023-resmps,raw-not-distributed/D045-2023-resmps/paper.md,2026-08-29 12:14:29
4071,academic/wiki/papers/D045-2023-resmps,raw-not-distributed/D045-2023-resmps/paper.md,2026-08-29 12:14:29
4072,academic/wiki/papers/D045-2023-resmps,raw-not-distributed/D045-2023-resmps/paper.md,2026-08-29 12:14:29
4073,academic/wiki/papers/D045-2023-resmps,raw-not-distributed/D045-2023-resmps/paper.md,2026-08-29 12:14:29
4266,academic/wiki/papers/D046-2023-王顶族qes边界奇异性,raw-not-distributed/D046-2023-王顶族qes边界奇异性/paper.md,2026-08-29 12:17:02
4267,academic/wiki/papers/D046-2023-王顶族qes边界奇异性,raw-not-distributed/D046-2023-王顶族qes边界奇异性/wiki.md#semantic,2026-08-29 12:17:02
4268,academic/wiki/papers/D046-2023-王顶族qes边界奇异性,raw-not-distributed/D046-2023-王顶族qes边界奇异性/wiki.md#semantic,2026-08-29 12:17:02
4269,academic/wiki/papers/D046-2023-王顶族qes边界奇异性,raw-not-distributed/D046-2023-王顶族qes边界奇异性/wiki.md#semantic,2026-08-29 12:17:02
4270,academic/wiki/papers/D046-2023-王顶族qes边界奇异性,raw-not-distributed/D046-2023-王顶族qes边界奇异性/wiki.md#semantic,2026-08-29 12:17:02
4271,academic/wiki/papers/D046-2023-王顶族qes边界奇异性,raw-not-distributed/D046-2023-王顶族qes边界奇异性/wiki.md#semantic,2026-08-29 12:17:02
4272,academic/wiki/papers/D046-2023-王顶族qes边界奇异性,raw-not-distributed/D046-2023-王顶族qes边界奇异性/wiki.md#semantic,2026-08-29 12:17:02
4273,academic/wiki/papers/D046-2023-王顶族qes边界奇异性,raw-not-distributed/D046-2023-王顶族qes边界奇异性/wiki.md#semantic,2026-08-29 12:17:02
4274,academic/wiki/papers/D046-2023-王顶族qes边界奇异性,raw-not-distributed/D046-2023-王顶族qes边界奇异性/wiki.md#semantic,2026-08-29 12:17:02
4275,academic/wiki/papers/D046-2023-王顶族qes边界奇异性,raw-not-distributed/D046-2023-王顶族qes边界奇异性/wiki.md#semantic,2026-08-29 12:17:02
4276,academic/wiki/papers/D046-2023-王顶族qes边界奇异性,raw-not-distributed/D046-2023-王顶族qes边界奇异性/wiki.md#semantic,2026-08-29 12:17:02
4277,academic/wiki/papers/D046-2023-王顶族qes边界奇异性,raw-not-distributed/D046-2023-王顶族qes边界奇异性/wiki.md#semantic,2026-08-29 12:17:02
4278,academic/wiki/papers/D046-2023-王顶族qes边界奇异性,raw-not-distributed/D046-2023-王顶族qes边界奇异性/wiki.md#semantic,2026-08-29 12:17:02
4279,academic/wiki/papers/D046-2023-王顶族qes边界奇异性,raw-not-distributed/D046-2023-王顶族qes边界奇异性/wiki.md#semantic,2026-08-29 12:17:02
4280,academic/wiki/papers/D046-2023-王顶族qes边界奇异性,raw-not-distributed/D046-2023-王顶族qes边界奇异性/wiki.md#semantic,2026-08-29 12:17:02
4281,academic/wiki/papers/D046-2023-王顶族qes边界奇异性,raw-not-distributed/D046-2023-王顶族qes边界奇异性/wiki.md#semantic,2026-08-29 12:17:02
4282,academic/wiki/papers/D046-2023-王顶族qes边界奇异性,raw-not-distributed/D046-2023-王顶族qes边界奇异性/wiki.md#semantic,2026-08-29 12:17:02
4283,academic/wiki/papers/D046-2023-王顶族qes边界奇异性,raw-not-distributed/D046-2023-王顶族qes边界奇异性/wiki.md#semantic,2026-08-29 12:17:02
4284,academic/wiki/papers/D046-2023-王顶族qes边界奇异性,raw-not-distributed/D046-2023-王顶族qes边界奇异性/wiki.md#semantic,2026-08-29 12:17:02
4285,academic/wiki/papers/D046-2023-王顶族qes边界奇异性,raw-not-distributed/D046-2023-王顶族qes边界奇异性/wiki.md#semantic,2026-08-29 12:17:02
4286,academic/wiki/papers/D046-2023-王顶族qes边界奇异性,raw-not-distributed/D046-2023-王顶族qes边界奇异性/wiki.md#semantic,2026-08-29 12:17:02
4287,academic/wiki/papers/D046-2023-王顶族qes边界奇异性,raw-not-distributed/D046-2023-王顶族qes边界奇异性/paper.md,2026-08-29 12:17:02
4288,academic/wiki/papers/D046-2023-王顶族qes边界奇异性,raw-not-distributed/D046-2023-王顶族qes边界奇异性/paper.md,2026-08-29 12:17:02
4289,academic/wiki/papers/D046-2023-王顶族qes边界奇异性,raw-not-distributed/D046-2023-王顶族qes边界奇异性/paper.md,2026-08-29 12:17:02
4290,academic/wiki/papers/D046-2023-王顶族qes边界奇异性,raw-not-distributed/D046-2023-王顶族qes边界奇异性/paper.md,2026-08-29 12:17:02
4494,academic/wiki/papers/D047-2024-wang-eth-inhomogeneous,raw-not-distributed/D047-2024-wang-eth-inhomogeneous/paper.md,2026-08-29 12:23:48
4495,academic/wiki/papers/D047-2024-wang-eth-inhomogeneous,raw-not-distributed/D047-2024-wang-eth-inhomogeneous/wiki.md#semantic,2026-08-29 12:23:48
4496,academic/wiki/papers/D047-2024-wang-eth-inhomogeneous,raw-not-distributed/D047-2024-wang-eth-inhomogeneous/wiki.md#semantic,2026-08-29 12:23:48
4497,academic/wiki/papers/D047-2024-wang-eth-inhomogeneous,raw-not-distributed/D047-2024-wang-eth-inhomogeneous/wiki.md#semantic,2026-08-29 12:23:48
4498,academic/wiki/papers/D047-2024-wang-eth-inhomogeneous,raw-not-distributed/D047-2024-wang-eth-inhomogeneous/wiki.md#semantic,2026-08-29 12:23:48
4499,academic/wiki/papers/D047-2024-wang-eth-inhomogeneous,raw-not-distributed/D047-2024-wang-eth-inhomogeneous/wiki.md#semantic,2026-08-29 12:23:48
4500,academic/wiki/papers/D047-2024-wang-eth-inhomogeneous,raw-not-distributed/D047-2024-wang-eth-inhomogeneous/wiki.md#semantic,2026-08-29 12:23:48
4501,academic/wiki/papers/D047-2024-wang-eth-inhomogeneous,raw-not-distributed/D047-2024-wang-eth-inhomogeneous/wiki.md#semantic,2026-08-29 12:23:48
4502,academic/wiki/papers/D047-2024-wang-eth-inhomogeneous,raw-not-distributed/D047-2024-wang-eth-inhomogeneous/wiki.md#semantic,2026-08-29 12:23:48
4503,academic/wiki/papers/D047-2024-wang-eth-inhomogeneous,raw-not-distributed/D047-2024-wang-eth-inhomogeneous/wiki.md#semantic,2026-08-29 12:23:48
4504,academic/wiki/papers/D047-2024-wang-eth-inhomogeneous,raw-not-distributed/D047-2024-wang-eth-inhomogeneous/wiki.md#semantic,2026-08-29 12:23:48
4505,academic/wiki/papers/D047-2024-wang-eth-inhomogeneous,raw-not-distributed/D047-2024-wang-eth-inhomogeneous/wiki.md#semantic,2026-08-29 12:23:48
4506,academic/wiki/papers/D047-2024-wang-eth-inhomogeneous,raw-not-distributed/D047-2024-wang-eth-inhomogeneous/wiki.md#semantic,2026-08-29 12:23:48
4507,academic/wiki/papers/D047-2024-wang-eth-inhomogeneous,raw-not-distributed/D047-2024-wang-eth-inhomogeneous/wiki.md#semantic,2026-08-29 12:23:48
4508,academic/wiki/papers/D047-2024-wang-eth-inhomogeneous,raw-not-distributed/D047-2024-wang-eth-inhomogeneous/wiki.md#semantic,2026-08-29 12:23:48
4509,academic/wiki/papers/D047-2024-wang-eth-inhomogeneous,raw-not-distributed/D047-2024-wang-eth-inhomogeneous/wiki.md#semantic,2026-08-29 12:23:48
4510,academic/wiki/papers/D047-2024-wang-eth-inhomogeneous,raw-not-distributed/D047-2024-wang-eth-inhomogeneous/wiki.md#semantic,2026-08-29 12:23:48
4511,academic/wiki/papers/D047-2024-wang-eth-inhomogeneous,raw-not-distributed/D047-2024-wang-eth-inhomogeneous/wiki.md#semantic,2026-08-29 12:23:48
4512,academic/wiki/papers/D047-2024-wang-eth-inhomogeneous,raw-not-distributed/D047-2024-wang-eth-inhomogeneous/wiki.md#semantic,2026-08-29 12:23:48
4513,academic/wiki/papers/D047-2024-wang-eth-inhomogeneous,raw-not-distributed/D047-2024-wang-eth-inhomogeneous/wiki.md#semantic,2026-08-29 12:23:48
4514,academic/wiki/papers/D047-2024-wang-eth-inhomogeneous,raw-not-distributed/D047-2024-wang-eth-inhomogeneous/wiki.md#semantic,2026-08-29 12:23:48
4515,academic/wiki/papers/D047-2024-wang-eth-inhomogeneous,raw-not-distributed/D047-2024-wang-eth-inhomogeneous/wiki.md#semantic,2026-08-29 12:23:48
4516,academic/wiki/papers/D047-2024-wang-eth-inhomogeneous,raw-not-distributed/D047-2024-wang-eth-inhomogeneous/wiki.md#semantic,2026-08-29 12:23:48
4517,academic/wiki/papers/D047-2024-wang-eth-inhomogeneous,raw-not-distributed/D047-2024-wang-eth-inhomogeneous/wiki.md#semantic,2026-08-29 12:23:48
4518,academic/wiki/papers/D047-2024-wang-eth-inhomogeneous,raw-not-distributed/D047-2024-wang-eth-inhomogeneous/wiki.md#semantic,2026-08-29 12:23:48
4519,academic/wiki/papers/D047-2024-wang-eth-inhomogeneous,raw-not-distributed/D047-2024-wang-eth-inhomogeneous/wiki.md#semantic,2026-08-29 12:23:48
4520,academic/wiki/papers/D047-2024-wang-eth-inhomogeneous,raw-not-distributed/D047-2024-wang-eth-inhomogeneous/wiki.md#semantic,2026-08-29 12:23:48
4521,academic/wiki/papers/D047-2024-wang-eth-inhomogeneous,raw-not-distributed/D047-2024-wang-eth-inhomogeneous/wiki.md#semantic,2026-08-29 12:23:48
4522,academic/wiki/papers/D047-2024-wang-eth-inhomogeneous,raw-not-distributed/D047-2024-wang-eth-inhomogeneous/wiki.md#semantic,2026-08-29 12:23:48
4523,academic/wiki/papers/D047-2024-wang-eth-inhomogeneous,raw-not-distributed/D047-2024-wang-eth-inhomogeneous/wiki.md#semantic,2026-08-29 12:23:48
4524,academic/wiki/papers/D047-2024-wang-eth-inhomogeneous,raw-not-distributed/D047-2024-wang-eth-inhomogeneous/wiki.md#semantic,2026-08-29 12:23:48
4525,academic/wiki/papers/D047-2024-wang-eth-inhomogeneous,raw-not-distributed/D047-2024-wang-eth-inhomogeneous/wiki.md#semantic,2026-08-29 12:23:48
4526,academic/wiki/papers/D047-2024-wang-eth-inhomogeneous,raw-not-distributed/D047-2024-wang-eth-inhomogeneous/wiki.md#semantic,2026-08-29 12:23:48
4527,academic/wiki/papers/D047-2024-wang-eth-inhomogeneous,raw-not-distributed/D047-2024-wang-eth-inhomogeneous/wiki.md#semantic,2026-08-29 12:23:48
4528,academic/wiki/papers/D047-2024-wang-eth-inhomogeneous,raw-not-distributed/D047-2024-wang-eth-inhomogeneous/wiki.md#semantic,2026-08-29 12:23:48
4529,academic/wiki/papers/D047-2024-wang-eth-inhomogeneous,raw-not-distributed/D047-2024-wang-eth-inhomogeneous/wiki.md#semantic,2026-08-29 12:23:48
4530,academic/wiki/papers/D047-2024-wang-eth-inhomogeneous,raw-not-distributed/D047-2024-wang-eth-inhomogeneous/wiki.md#semantic,2026-08-29 12:23:48
4531,academic/wiki/papers/D047-2024-wang-eth-inhomogeneous,raw-not-distributed/D047-2024-wang-eth-inhomogeneous/wiki.md#semantic,2026-08-29 12:23:48
4532,academic/wiki/papers/D047-2024-wang-eth-inhomogeneous,raw-not-distributed/D047-2024-wang-eth-inhomogeneous/wiki.md#semantic,2026-08-29 12:23:48
4533,academic/wiki/papers/D047-2024-wang-eth-inhomogeneous,raw-not-distributed/D047-2024-wang-eth-inhomogeneous/wiki.md#semantic,2026-08-29 12:23:48
4534,academic/wiki/papers/D047-2024-wang-eth-inhomogeneous,raw-not-distributed/D047-2024-wang-eth-inhomogeneous/wiki.md#semantic,2026-08-29 12:23:48
4535,academic/wiki/papers/D047-2024-wang-eth-inhomogeneous,raw-not-distributed/D047-2024-wang-eth-inhomogeneous/wiki.md#semantic,2026-08-29 12:23:48
4536,academic/wiki/papers/D047-2024-wang-eth-inhomogeneous,raw-not-distributed/D047-2024-wang-eth-inhomogeneous/wiki.md#semantic,2026-08-29 12:23:48
4537,academic/wiki/papers/D047-2024-wang-eth-inhomogeneous,raw-not-distributed/D047-2024-wang-eth-inhomogeneous/wiki.md#semantic,2026-08-29 12:23:48
4538,academic/wiki/papers/D047-2024-wang-eth-inhomogeneous,raw-not-distributed/D047-2024-wang-eth-inhomogeneous/wiki.md#semantic,2026-08-29 12:23:48
4539,academic/wiki/papers/D047-2024-wang-eth-inhomogeneous,raw-not-distributed/D047-2024-wang-eth-inhomogeneous/wiki.md#semantic,2026-08-29 12:23:48
4540,academic/wiki/papers/D047-2024-wang-eth-inhomogeneous,raw-not-distributed/D047-2024-wang-eth-inhomogeneous/wiki.md#semantic,2026-08-29 12:23:48
4541,academic/wiki/papers/D047-2024-wang-eth-inhomogeneous,raw-not-distributed/D047-2024-wang-eth-inhomogeneous/wiki.md#semantic,2026-08-29 12:23:48
4542,academic/wiki/papers/D047-2024-wang-eth-inhomogeneous,raw-not-distributed/D047-2024-wang-eth-inhomogeneous/wiki.md#semantic,2026-08-29 12:23:48
4543,academic/wiki/papers/D047-2024-wang-eth-inhomogeneous,raw-not-distributed/D047-2024-wang-eth-inhomogeneous/wiki.md#semantic,2026-08-29 12:23:48
4544,academic/wiki/papers/D047-2024-wang-eth-inhomogeneous,raw-not-distributed/D047-2024-wang-eth-inhomogeneous/wiki.md#semantic,2026-08-29 12:23:48
4545,academic/wiki/papers/D047-2024-wang-eth-inhomogeneous,raw-not-distributed/D047-2024-wang-eth-inhomogeneous/wiki.md#semantic,2026-08-29 12:23:48
4546,academic/wiki/papers/D047-2024-wang-eth-inhomogeneous,raw-not-distributed/D047-2024-wang-eth-inhomogeneous/wiki.md#semantic,2026-08-29 12:23:48
4547,academic/wiki/papers/D047-2024-wang-eth-inhomogeneous,raw-not-distributed/D047-2024-wang-eth-inhomogeneous/wiki.md#semantic,2026-08-29 12:23:48
4548,academic/wiki/papers/D047-2024-wang-eth-inhomogeneous,raw-not-distributed/D047-2024-wang-eth-inhomogeneous/wiki.md#semantic,2026-08-29 12:23:48
4549,academic/wiki/papers/D047-2024-wang-eth-inhomogeneous,raw-not-distributed/D047-2024-wang-eth-inhomogeneous/wiki.md#semantic,2026-08-29 12:23:48
4550,academic/wiki/papers/D047-2024-wang-eth-inhomogeneous,raw-not-distributed/D047-2024-wang-eth-inhomogeneous/wiki.md#semantic,2026-08-29 12:23:48
4551,academic/wiki/papers/D047-2024-wang-eth-inhomogeneous,raw-not-distributed/D047-2024-wang-eth-inhomogeneous/wiki.md#semantic,2026-08-29 12:23:48
4552,academic/wiki/papers/D047-2024-wang-eth-inhomogeneous,raw-not-distributed/D047-2024-wang-eth-inhomogeneous/wiki.md#semantic,2026-08-29 12:23:48
4553,academic/wiki/papers/D047-2024-wang-eth-inhomogeneous,raw-not-distributed/D047-2024-wang-eth-inhomogeneous/wiki.md#semantic,2026-08-29 12:23:48
4554,academic/wiki/papers/D047-2024-wang-eth-inhomogeneous,raw-not-distributed/D047-2024-wang-eth-inhomogeneous/wiki.md#semantic,2026-08-29 12:23:48
4555,academic/wiki/papers/D047-2024-wang-eth-inhomogeneous,raw-not-distributed/D047-2024-wang-eth-inhomogeneous/wiki.md#semantic,2026-08-29 12:23:48
4556,academic/wiki/papers/D047-2024-wang-eth-inhomogeneous,raw-not-distributed/D047-2024-wang-eth-inhomogeneous/wiki.md#semantic,2026-08-29 12:23:48
4557,academic/wiki/papers/D047-2024-wang-eth-inhomogeneous,raw-not-distributed/D047-2024-wang-eth-inhomogeneous/wiki.md#semantic,2026-08-29 12:23:48
4558,academic/wiki/papers/D047-2024-wang-eth-inhomogeneous,raw-not-distributed/D047-2024-wang-eth-inhomogeneous/wiki.md#semantic,2026-08-29 12:23:48
4559,academic/wiki/papers/D047-2024-wang-eth-inhomogeneous,raw-not-distributed/D047-2024-wang-eth-inhomogeneous/wiki.md#semantic,2026-08-29 12:23:48
4560,academic/wiki/papers/D047-2024-wang-eth-inhomogeneous,raw-not-distributed/D047-2024-wang-eth-inhomogeneous/wiki.md#semantic,2026-08-29 12:23:48
4561,academic/wiki/papers/D047-2024-wang-eth-inhomogeneous,raw-not-distributed/D047-2024-wang-eth-inhomogeneous/wiki.md#semantic,2026-08-29 12:23:48
4562,academic/wiki/papers/D047-2024-wang-eth-inhomogeneous,raw-not-distributed/D047-2024-wang-eth-inhomogeneous/wiki.md#semantic,2026-08-29 12:23:48
4563,academic/wiki/papers/D047-2024-wang-eth-inhomogeneous,raw-not-distributed/D047-2024-wang-eth-inhomogeneous/wiki.md#semantic,2026-08-29 12:23:48
4564,academic/wiki/papers/D047-2024-wang-eth-inhomogeneous,raw-not-distributed/D047-2024-wang-eth-inhomogeneous/wiki.md#semantic,2026-08-29 12:23:48
4565,academic/wiki/papers/D047-2024-wang-eth-inhomogeneous,raw-not-distributed/D047-2024-wang-eth-inhomogeneous/wiki.md#semantic,2026-08-29 12:23:48
4566,academic/wiki/papers/D047-2024-wang-eth-inhomogeneous,raw-not-distributed/D047-2024-wang-eth-inhomogeneous/wiki.md#semantic,2026-08-29 12:23:48
4567,academic/wiki/papers/D047-2024-wang-eth-inhomogeneous,raw-not-distributed/D047-2024-wang-eth-inhomogeneous/wiki.md#semantic,2026-08-29 12:23:48
4568,academic/wiki/papers/D047-2024-wang-eth-inhomogeneous,raw-not-distributed/D047-2024-wang-eth-inhomogeneous/wiki.md#semantic,2026-08-29 12:23:48
4569,academic/wiki/papers/D047-2024-wang-eth-inhomogeneous,raw-not-distributed/D047-2024-wang-eth-inhomogeneous/wiki.md#semantic,2026-08-29 12:23:48
4570,academic/wiki/papers/D047-2024-wang-eth-inhomogeneous,raw-not-distributed/D047-2024-wang-eth-inhomogeneous/wiki.md#semantic,2026-08-29 12:23:48
4571,academic/wiki/papers/D047-2024-wang-eth-inhomogeneous,raw-not-distributed/D047-2024-wang-eth-inhomogeneous/wiki.md#semantic,2026-08-29 12:23:48
4572,academic/wiki/papers/D047-2024-wang-eth-inhomogeneous,raw-not-distributed/D047-2024-wang-eth-inhomogeneous/wiki.md#semantic,2026-08-29 12:23:48
4573,academic/wiki/papers/D047-2024-wang-eth-inhomogeneous,raw-not-distributed/D047-2024-wang-eth-inhomogeneous/wiki.md#semantic,2026-08-29 12:23:48
4574,academic/wiki/papers/D047-2024-wang-eth-inhomogeneous,raw-not-distributed/D047-2024-wang-eth-inhomogeneous/wiki.md#semantic,2026-08-29 12:23:48
4575,academic/wiki/papers/D047-2024-wang-eth-inhomogeneous,raw-not-distributed/D047-2024-wang-eth-inhomogeneous/wiki.md#semantic,2026-08-29 12:23:48
4576,academic/wiki/papers/D047-2024-wang-eth-inhomogeneous,raw-not-distributed/D047-2024-wang-eth-inhomogeneous/wiki.md#semantic,2026-08-29 12:23:48
4577,academic/wiki/papers/D047-2024-wang-eth-inhomogeneous,raw-not-distributed/D047-2024-wang-eth-inhomogeneous/wiki.md#semantic,2026-08-29 12:23:48
4578,academic/wiki/papers/D047-2024-wang-eth-inhomogeneous,raw-not-distributed/D047-2024-wang-eth-inhomogeneous/wiki.md#semantic,2026-08-29 12:23:48
4579,academic/wiki/papers/D047-2024-wang-eth-inhomogeneous,raw-not-distributed/D047-2024-wang-eth-inhomogeneous/wiki.md#semantic,2026-08-29 12:23:48
4580,academic/wiki/papers/D047-2024-wang-eth-inhomogeneous,raw-not-distributed/D047-2024-wang-eth-inhomogeneous/wiki.md#semantic,2026-08-29 12:23:48
4581,academic/wiki/papers/D047-2024-wang-eth-inhomogeneous,raw-not-distributed/D047-2024-wang-eth-inhomogeneous/wiki.md#semantic,2026-08-29 12:23:48
4582,academic/wiki/papers/D047-2024-wang-eth-inhomogeneous,raw-not-distributed/D047-2024-wang-eth-inhomogeneous/wiki.md#semantic,2026-08-29 12:23:48
4583,academic/wiki/papers/D047-2024-wang-eth-inhomogeneous,raw-not-distributed/D047-2024-wang-eth-inhomogeneous/wiki.md#semantic,2026-08-29 12:23:48
4584,academic/wiki/papers/D047-2024-wang-eth-inhomogeneous,raw-not-distributed/D047-2024-wang-eth-inhomogeneous/wiki.md#semantic,2026-08-29 12:23:48
4585,academic/wiki/papers/D047-2024-wang-eth-inhomogeneous,raw-not-distributed/D047-2024-wang-eth-inhomogeneous/wiki.md#semantic,2026-08-29 12:23:48
4586,academic/wiki/papers/D047-2024-wang-eth-inhomogeneous,raw-not-distributed/D047-2024-wang-eth-inhomogeneous/wiki.md#semantic,2026-08-29 12:23:48
4587,academic/wiki/papers/D047-2024-wang-eth-inhomogeneous,raw-not-distributed/D047-2024-wang-eth-inhomogeneous/wiki.md#semantic,2026-08-29 12:23:48
4588,academic/wiki/papers/D047-2024-wang-eth-inhomogeneous,raw-not-distributed/D047-2024-wang-eth-inhomogeneous/wiki.md#semantic,2026-08-29 12:23:48
4589,academic/wiki/papers/D047-2024-wang-eth-inhomogeneous,raw-not-distributed/D047-2024-wang-eth-inhomogeneous/wiki.md#semantic,2026-08-29 12:23:48
4590,academic/wiki/papers/D047-2024-wang-eth-inhomogeneous,raw-not-distributed/D047-2024-wang-eth-inhomogeneous/wiki.md#semantic,2026-08-29 12:23:48
4591,academic/wiki/papers/D047-2024-wang-eth-inhomogeneous,raw-not-distributed/D047-2024-wang-eth-inhomogeneous/wiki.md#semantic,2026-08-29 12:23:48
4592,academic/wiki/papers/D047-2024-wang-eth-inhomogeneous,raw-not-distributed/D047-2024-wang-eth-inhomogeneous/wiki.md#semantic,2026-08-29 12:23:48
4593,academic/wiki/papers/D047-2024-wang-eth-inhomogeneous,raw-not-distributed/D047-2024-wang-eth-inhomogeneous/wiki.md#semantic,2026-08-29 12:23:48
4594,academic/wiki/papers/D047-2024-wang-eth-inhomogeneous,raw-not-distributed/D047-2024-wang-eth-inhomogeneous/wiki.md#semantic,2026-08-29 12:23:48
4595,academic/wiki/papers/D047-2024-wang-eth-inhomogeneous,raw-not-distributed/D047-2024-wang-eth-inhomogeneous/wiki.md#semantic,2026-08-29 12:23:48
4596,academic/wiki/papers/D047-2024-wang-eth-inhomogeneous,raw-not-distributed/D047-2024-wang-eth-inhomogeneous/wiki.md#semantic,2026-08-29 12:23:48
4597,academic/wiki/papers/D047-2024-wang-eth-inhomogeneous,raw-not-distributed/D047-2024-wang-eth-inhomogeneous/wiki.md#semantic,2026-08-29 12:23:48
4598,academic/wiki/papers/D047-2024-wang-eth-inhomogeneous,raw-not-distributed/D047-2024-wang-eth-inhomogeneous/wiki.md#semantic,2026-08-29 12:23:48
4599,academic/wiki/papers/D047-2024-wang-eth-inhomogeneous,raw-not-distributed/D047-2024-wang-eth-inhomogeneous/wiki.md#semantic,2026-08-29 12:23:48
4600,academic/wiki/papers/D047-2024-wang-eth-inhomogeneous,raw-not-distributed/D047-2024-wang-eth-inhomogeneous/wiki.md#semantic,2026-08-29 12:23:48
4601,academic/wiki/papers/D047-2024-wang-eth-inhomogeneous,raw-not-distributed/D047-2024-wang-eth-inhomogeneous/wiki.md#semantic,2026-08-29 12:23:48
4602,academic/wiki/papers/D047-2024-wang-eth-inhomogeneous,raw-not-distributed/D047-2024-wang-eth-inhomogeneous/wiki.md#semantic,2026-08-29 12:23:48
4603,academic/wiki/papers/D047-2024-wang-eth-inhomogeneous,raw-not-distributed/D047-2024-wang-eth-inhomogeneous/wiki.md#semantic,2026-08-29 12:23:48
4604,academic/wiki/papers/D047-2024-wang-eth-inhomogeneous,raw-not-distributed/D047-2024-wang-eth-inhomogeneous/wiki.md#semantic,2026-08-29 12:23:48
4605,academic/wiki/papers/D047-2024-wang-eth-inhomogeneous,raw-not-distributed/D047-2024-wang-eth-inhomogeneous/wiki.md#semantic,2026-08-29 12:23:48
4606,academic/wiki/papers/D047-2024-wang-eth-inhomogeneous,raw-not-distributed/D047-2024-wang-eth-inhomogeneous/wiki.md#semantic,2026-08-29 12:23:48
4607,academic/wiki/papers/D047-2024-wang-eth-inhomogeneous,raw-not-distributed/D047-2024-wang-eth-inhomogeneous/wiki.md#semantic,2026-08-29 12:23:48
4608,academic/wiki/papers/D047-2024-wang-eth-inhomogeneous,raw-not-distributed/D047-2024-wang-eth-inhomogeneous/wiki.md#semantic,2026-08-29 12:23:48
4609,academic/wiki/papers/D047-2024-wang-eth-inhomogeneous,raw-not-distributed/D047-2024-wang-eth-inhomogeneous/wiki.md#semantic,2026-08-29 12:23:48
4610,academic/wiki/papers/D047-2024-wang-eth-inhomogeneous,raw-not-distributed/D047-2024-wang-eth-inhomogeneous/wiki.md#semantic,2026-08-29 12:23:48
4611,academic/wiki/papers/D047-2024-wang-eth-inhomogeneous,raw-not-distributed/D047-2024-wang-eth-inhomogeneous/wiki.md#semantic,2026-08-29 12:23:48
4612,academic/wiki/papers/D047-2024-wang-eth-inhomogeneous,raw-not-distributed/D047-2024-wang-eth-inhomogeneous/wiki.md#semantic,2026-08-29 12:23:48
4613,academic/wiki/papers/D047-2024-wang-eth-inhomogeneous,raw-not-distributed/D047-2024-wang-eth-inhomogeneous/paper.md,2026-08-29 12:23:48
4614,academic/wiki/papers/D047-2024-wang-eth-inhomogeneous,raw-not-distributed/D047-2024-wang-eth-inhomogeneous/paper.md,2026-08-29 12:23:48
4615,academic/wiki/papers/D047-2024-wang-eth-inhomogeneous,raw-not-distributed/D047-2024-wang-eth-inhomogeneous/paper.md,2026-08-29 12:23:48
4616,academic/wiki/papers/D047-2024-wang-eth-inhomogeneous,raw-not-distributed/D047-2024-wang-eth-inhomogeneous/paper.md,2026-08-29 12:23:48
4617,academic/wiki/papers/D047-2024-wang-eth-inhomogeneous,raw-not-distributed/D047-2024-wang-eth-inhomogeneous/paper.md,2026-08-29 12:23:48
4618,academic/wiki/papers/D047-2024-wang-eth-inhomogeneous,raw-not-distributed/D047-2024-wang-eth-inhomogeneous/paper.md,2026-08-29 12:23:48
4619,academic/wiki/papers/D047-2024-wang-eth-inhomogeneous,raw-not-distributed/D047-2024-wang-eth-inhomogeneous/paper.md,2026-08-29 12:23:48
4620,academic/wiki/papers/D047-2024-wang-eth-inhomogeneous,raw-not-distributed/D047-2024-wang-eth-inhomogeneous/paper.md,2026-08-29 12:23:48
4621,academic/wiki/papers/D047-2024-wang-eth-inhomogeneous,raw-not-distributed/D047-2024-wang-eth-inhomogeneous/paper.md,2026-08-29 12:23:48
4622,academic/wiki/papers/D047-2024-wang-eth-inhomogeneous,raw-not-distributed/D047-2024-wang-eth-inhomogeneous/paper.md,2026-08-29 12:23:48
4623,academic/wiki/papers/D047-2024-wang-eth-inhomogeneous,raw-not-distributed/D047-2024-wang-eth-inhomogeneous/paper.md,2026-08-29 12:23:48
4624,academic/wiki/papers/D047-2024-wang-eth-inhomogeneous,raw-not-distributed/D047-2024-wang-eth-inhomogeneous/paper.md,2026-08-29 12:23:48
4625,academic/wiki/papers/D047-2024-wang-eth-inhomogeneous,raw-not-distributed/D047-2024-wang-eth-inhomogeneous/paper.md,2026-08-29 12:23:48
4626,academic/wiki/papers/D047-2024-wang-eth-inhomogeneous,raw-not-distributed/D047-2024-wang-eth-inhomogeneous/paper.md,2026-08-29 12:23:48
4627,academic/wiki/papers/D047-2024-wang-eth-inhomogeneous,raw-not-distributed/D047-2024-wang-eth-inhomogeneous/paper.md,2026-08-29 12:23:48
4628,academic/wiki/papers/D047-2024-wang-eth-inhomogeneous,raw-not-distributed/D047-2024-wang-eth-inhomogeneous/paper.md,2026-08-29 12:23:48
4629,academic/wiki/papers/D047-2024-wang-eth-inhomogeneous,raw-not-distributed/D047-2024-wang-eth-inhomogeneous/paper.md,2026-08-29 12:23:48
4630,academic/wiki/papers/D047-2024-wang-eth-inhomogeneous,raw-not-distributed/D047-2024-wang-eth-inhomogeneous/paper.md,2026-08-29 12:23:48
4631,academic/wiki/papers/D047-2024-wang-eth-inhomogeneous,raw-not-distributed/D047-2024-wang-eth-inhomogeneous/paper.md,2026-08-29 12:23:48
4632,academic/wiki/papers/D047-2024-wang-eth-inhomogeneous,raw-not-distributed/D047-2024-wang-eth-inhomogeneous/paper.md,2026-08-29 12:23:48
4633,academic/wiki/papers/D047-2024-wang-eth-inhomogeneous,raw-not-distributed/D047-2024-wang-eth-inhomogeneous/paper.md,2026-08-29 12:23:48
4634,academic/wiki/papers/D047-2024-wang-eth-inhomogeneous,raw-not-distributed/D047-2024-wang-eth-inhomogeneous/paper.md,2026-08-29 12:23:48
4635,academic/wiki/papers/D047-2024-wang-eth-inhomogeneous,raw-not-distributed/D047-2024-wang-eth-inhomogeneous/paper.md,2026-08-29 12:23:48
4636,academic/wiki/papers/D047-2024-wang-eth-inhomogeneous,raw-not-distributed/D047-2024-wang-eth-inhomogeneous/paper.md,2026-08-29 12:23:48
4637,academic/wiki/papers/D047-2024-wang-eth-inhomogeneous,raw-not-distributed/D047-2024-wang-eth-inhomogeneous/paper.md,2026-08-29 12:23:48
4638,academic/wiki/papers/D047-2024-wang-eth-inhomogeneous,raw-not-distributed/D047-2024-wang-eth-inhomogeneous/paper.md,2026-08-29 12:23:48
4639,academic/wiki/papers/D047-2024-wang-eth-inhomogeneous,raw-not-distributed/D047-2024-wang-eth-inhomogeneous/paper.md,2026-08-29 12:23:48
4640,academic/wiki/papers/D047-2024-wang-eth-inhomogeneous,raw-not-distributed/D047-2024-wang-eth-inhomogeneous/paper.md,2026-08-29 12:23:48
4641,academic/wiki/papers/D047-2024-wang-eth-inhomogeneous,raw-not-distributed/D047-2024-wang-eth-inhomogeneous/paper.md,2026-08-29 12:23:48
4642,academic/wiki/papers/D047-2024-wang-eth-inhomogeneous,raw-not-distributed/D047-2024-wang-eth-inhomogeneous/paper.md,2026-08-29 12:23:48
4643,academic/wiki/papers/D047-2024-wang-eth-inhomogeneous,raw-not-distributed/D047-2024-wang-eth-inhomogeneous/paper.md,2026-08-29 12:23:48
4644,academic/wiki/papers/D047-2024-wang-eth-inhomogeneous,raw-not-distributed/D047-2024-wang-eth-inhomogeneous/paper.md,2026-08-29 12:23:48
4645,academic/wiki/papers/D047-2024-wang-eth-inhomogeneous,raw-not-distributed/D047-2024-wang-eth-inhomogeneous/paper.md,2026-08-29 12:23:48
4646,academic/wiki/papers/D047-2024-wang-eth-inhomogeneous,raw-not-distributed/D047-2024-wang-eth-inhomogeneous/paper.md,2026-08-29 12:23:48
4647,academic/wiki/papers/D047-2024-wang-eth-inhomogeneous,raw-not-distributed/D047-2024-wang-eth-inhomogeneous/paper.md,2026-08-29 12:23:48
4648,academic/wiki/papers/D047-2024-wang-eth-inhomogeneous,raw-not-distributed/D047-2024-wang-eth-inhomogeneous/paper.md,2026-08-29 12:23:48
4649,academic/wiki/papers/D047-2024-wang-eth-inhomogeneous,raw-not-distributed/D047-2024-wang-eth-inhomogeneous/paper.md,2026-08-29 12:23:48
4650,academic/wiki/papers/D047-2024-wang-eth-inhomogeneous,raw-not-distributed/D047-2024-wang-eth-inhomogeneous/paper.md,2026-08-29 12:23:48
4651,academic/wiki/papers/D047-2024-wang-eth-inhomogeneous,raw-not-distributed/D047-2024-wang-eth-inhomogeneous/paper.md,2026-08-29 12:23:48
4652,academic/wiki/papers/D047-2024-wang-eth-inhomogeneous,raw-not-distributed/D047-2024-wang-eth-inhomogeneous/paper.md,2026-08-29 12:23:48
4653,academic/wiki/papers/D047-2024-wang-eth-inhomogeneous,raw-not-distributed/D047-2024-wang-eth-inhomogeneous/paper.md,2026-08-29 12:23:48
4654,academic/wiki/papers/D047-2024-wang-eth-inhomogeneous,raw-not-distributed/D047-2024-wang-eth-inhomogeneous/paper.md,2026-08-29 12:23:48
4655,academic/wiki/papers/D047-2024-wang-eth-inhomogeneous,raw-not-distributed/D047-2024-wang-eth-inhomogeneous/paper.md,2026-08-29 12:23:48
4656,academic/wiki/papers/D047-2024-wang-eth-inhomogeneous,raw-not-distributed/D047-2024-wang-eth-inhomogeneous/paper.md,2026-08-29 12:23:48
4657,academic/wiki/papers/D047-2024-wang-eth-inhomogeneous,raw-not-distributed/D047-2024-wang-eth-inhomogeneous/paper.md,2026-08-29 12:23:48
4658,academic/wiki/papers/D047-2024-wang-eth-inhomogeneous,raw-not-distributed/D047-2024-wang-eth-inhomogeneous/paper.md,2026-08-29 12:23:48
4659,academic/wiki/papers/D047-2024-wang-eth-inhomogeneous,raw-not-distributed/D047-2024-wang-eth-inhomogeneous/paper.md,2026-08-29 12:23:48
4660,academic/wiki/papers/D047-2024-wang-eth-inhomogeneous,raw-not-distributed/D047-2024-wang-eth-inhomogeneous/paper.md,2026-08-29 12:23:48
4661,academic/wiki/papers/D047-2024-wang-eth-inhomogeneous,raw-not-distributed/D047-2024-wang-eth-inhomogeneous/paper.md,2026-08-29 12:23:48
4662,academic/wiki/papers/D047-2024-wang-eth-inhomogeneous,raw-not-distributed/D047-2024-wang-eth-inhomogeneous/paper.md,2026-08-29 12:23:48
4663,academic/wiki/papers/D047-2024-wang-eth-inhomogeneous,raw-not-distributed/D047-2024-wang-eth-inhomogeneous/paper.md,2026-08-29 12:23:48
4664,academic/wiki/papers/D047-2024-wang-eth-inhomogeneous,raw-not-distributed/D047-2024-wang-eth-inhomogeneous/paper.md,2026-08-29 12:23:48
4665,academic/wiki/papers/D047-2024-wang-eth-inhomogeneous,raw-not-distributed/D047-2024-wang-eth-inhomogeneous/paper.md,2026-08-29 12:23:48
4666,academic/wiki/papers/D047-2024-wang-eth-inhomogeneous,raw-not-distributed/D047-2024-wang-eth-inhomogeneous/paper.md,2026-08-29 12:23:48
4667,academic/wiki/papers/D047-2024-wang-eth-inhomogeneous,raw-not-distributed/D047-2024-wang-eth-inhomogeneous/paper.md,2026-08-29 12:23:48
4668,academic/wiki/papers/D047-2024-wang-eth-inhomogeneous,raw-not-distributed/D047-2024-wang-eth-inhomogeneous/paper.md,2026-08-29 12:23:48
4669,academic/wiki/papers/D047-2024-wang-eth-inhomogeneous,raw-not-distributed/D047-2024-wang-eth-inhomogeneous/paper.md,2026-08-29 12:23:48
4670,academic/wiki/papers/D047-2024-wang-eth-inhomogeneous,raw-not-distributed/D047-2024-wang-eth-inhomogeneous/paper.md,2026-08-29 12:23:48
4671,academic/wiki/papers/D047-2024-wang-eth-inhomogeneous,raw-not-distributed/D047-2024-wang-eth-inhomogeneous/paper.md,2026-08-29 12:23:48
4672,academic/wiki/papers/D047-2024-wang-eth-inhomogeneous,raw-not-distributed/D047-2024-wang-eth-inhomogeneous/paper.md,2026-08-29 12:23:48
4673,academic/wiki/papers/D047-2024-wang-eth-inhomogeneous,raw-not-distributed/D047-2024-wang-eth-inhomogeneous/paper.md,2026-08-29 12:23:48
4674,academic/wiki/papers/D047-2024-wang-eth-inhomogeneous,raw-not-distributed/D047-2024-wang-eth-inhomogeneous/paper.md,2026-08-29 12:23:48
4675,academic/wiki/papers/D047-2024-wang-eth-inhomogeneous,raw-not-distributed/D047-2024-wang-eth-inhomogeneous/paper.md,2026-08-29 12:23:48
4676,academic/wiki/papers/D047-2024-wang-eth-inhomogeneous,raw-not-distributed/D047-2024-wang-eth-inhomogeneous/paper.md,2026-08-29 12:23:48
4677,academic/wiki/papers/D047-2024-wang-eth-inhomogeneous,raw-not-distributed/D047-2024-wang-eth-inhomogeneous/paper.md,2026-08-29 12:23:48
4678,academic/wiki/papers/D047-2024-wang-eth-inhomogeneous,raw-not-distributed/D047-2024-wang-eth-inhomogeneous/paper.md,2026-08-29 12:23:48
4679,academic/wiki/papers/D047-2024-wang-eth-inhomogeneous,raw-not-distributed/D047-2024-wang-eth-inhomogeneous/paper.md,2026-08-29 12:23:48
4680,academic/wiki/papers/D047-2024-wang-eth-inhomogeneous,raw-not-distributed/D047-2024-wang-eth-inhomogeneous/paper.md,2026-08-29 12:23:48
4681,academic/wiki/papers/D047-2024-wang-eth-inhomogeneous,raw-not-distributed/D047-2024-wang-eth-inhomogeneous/paper.md,2026-08-29 12:23:48
4682,academic/wiki/papers/D047-2024-wang-eth-inhomogeneous,raw-not-distributed/D047-2024-wang-eth-inhomogeneous/paper.md,2026-08-29 12:23:48
4683,academic/wiki/papers/D047-2024-wang-eth-inhomogeneous,raw-not-distributed/D047-2024-wang-eth-inhomogeneous/paper.md,2026-08-29 12:23:48
4684,academic/wiki/papers/D047-2024-wang-eth-inhomogeneous,raw-not-distributed/D047-2024-wang-eth-inhomogeneous/paper.md,2026-08-29 12:23:48
4685,academic/wiki/papers/D047-2024-wang-eth-inhomogeneous,raw-not-distributed/D047-2024-wang-eth-inhomogeneous/paper.md,2026-08-29 12:23:48
4686,academic/wiki/papers/D047-2024-wang-eth-inhomogeneous,raw-not-distributed/D047-2024-wang-eth-inhomogeneous/paper.md,2026-08-29 12:23:48
4687,academic/wiki/papers/D047-2024-wang-eth-inhomogeneous,raw-not-distributed/D047-2024-wang-eth-inhomogeneous/paper.md,2026-08-29 12:23:48
4688,academic/wiki/papers/D047-2024-wang-eth-inhomogeneous,raw-not-distributed/D047-2024-wang-eth-inhomogeneous/paper.md,2026-08-29 12:23:48
4689,academic/wiki/papers/D047-2024-wang-eth-inhomogeneous,raw-not-distributed/D047-2024-wang-eth-inhomogeneous/paper.md,2026-08-29 12:23:48
4690,academic/wiki/papers/D047-2024-wang-eth-inhomogeneous,raw-not-distributed/D047-2024-wang-eth-inhomogeneous/paper.md,2026-08-29 12:23:48
4691,academic/wiki/papers/D047-2024-wang-eth-inhomogeneous,raw-not-distributed/D047-2024-wang-eth-inhomogeneous/paper.md,2026-08-29 12:23:48
4692,academic/wiki/papers/D047-2024-wang-eth-inhomogeneous,raw-not-distributed/D047-2024-wang-eth-inhomogeneous/paper.md,2026-08-29 12:23:48
4693,academic/wiki/papers/D047-2024-wang-eth-inhomogeneous,raw-not-distributed/D047-2024-wang-eth-inhomogeneous/paper.md,2026-08-29 12:23:48
4694,academic/wiki/papers/D047-2024-wang-eth-inhomogeneous,raw-not-distributed/D047-2024-wang-eth-inhomogeneous/paper.md,2026-08-29 12:23:48
4695,academic/wiki/papers/D047-2024-wang-eth-inhomogeneous,raw-not-distributed/D047-2024-wang-eth-inhomogeneous/paper.md,2026-08-29 12:23:48
4696,academic/wiki/papers/D047-2024-wang-eth-inhomogeneous,raw-not-distributed/D047-2024-wang-eth-inhomogeneous/paper.md,2026-08-29 12:23:48
4697,academic/wiki/papers/D047-2024-wang-eth-inhomogeneous,raw-not-distributed/D047-2024-wang-eth-inhomogeneous/paper.md,2026-08-29 12:23:48
4698,academic/wiki/papers/D047-2024-wang-eth-inhomogeneous,raw-not-distributed/D047-2024-wang-eth-inhomogeneous/paper.md,2026-08-29 12:23:48
4699,academic/wiki/papers/D047-2024-wang-eth-inhomogeneous,raw-not-distributed/D047-2024-wang-eth-inhomogeneous/paper.md,2026-08-29 12:23:48
4700,academic/wiki/papers/D047-2024-wang-eth-inhomogeneous,raw-not-distributed/D047-2024-wang-eth-inhomogeneous/paper.md,2026-08-29 12:23:48
4701,academic/wiki/papers/D047-2024-wang-eth-inhomogeneous,raw-not-distributed/D047-2024-wang-eth-inhomogeneous/paper.md,2026-08-29 12:23:48
4702,academic/wiki/papers/D047-2024-wang-eth-inhomogeneous,raw-not-distributed/D047-2024-wang-eth-inhomogeneous/paper.md,2026-08-29 12:23:48
4703,academic/wiki/papers/D047-2024-wang-eth-inhomogeneous,raw-not-distributed/D047-2024-wang-eth-inhomogeneous/paper.md,2026-08-29 12:23:48
4704,academic/wiki/papers/D047-2024-wang-eth-inhomogeneous,raw-not-distributed/D047-2024-wang-eth-inhomogeneous/paper.md,2026-08-29 12:23:48
4705,academic/wiki/papers/D047-2024-wang-eth-inhomogeneous,raw-not-distributed/D047-2024-wang-eth-inhomogeneous/paper.md,2026-08-29 12:23:48
4706,academic/wiki/papers/D047-2024-wang-eth-inhomogeneous,raw-not-distributed/D047-2024-wang-eth-inhomogeneous/paper.md,2026-08-29 12:23:48
4707,academic/wiki/papers/D047-2024-wang-eth-inhomogeneous,raw-not-distributed/D047-2024-wang-eth-inhomogeneous/paper.md,2026-08-29 12:23:48
4708,academic/wiki/papers/D047-2024-wang-eth-inhomogeneous,raw-not-distributed/D047-2024-wang-eth-inhomogeneous/paper.md,2026-08-29 12:23:48
4709,academic/wiki/papers/D047-2024-wang-eth-inhomogeneous,raw-not-distributed/D047-2024-wang-eth-inhomogeneous/paper.md,2026-08-29 12:23:48
4710,academic/wiki/papers/D047-2024-wang-eth-inhomogeneous,raw-not-distributed/D047-2024-wang-eth-inhomogeneous/paper.md,2026-08-29 12:23:48
4711,academic/wiki/papers/D047-2024-wang-eth-inhomogeneous,raw-not-distributed/D047-2024-wang-eth-inhomogeneous/paper.md,2026-08-29 12:23:48
4712,academic/wiki/papers/D047-2024-wang-eth-inhomogeneous,raw-not-distributed/D047-2024-wang-eth-inhomogeneous/paper.md,2026-08-29 12:23:48
4713,academic/wiki/papers/D047-2024-wang-eth-inhomogeneous,raw-not-distributed/D047-2024-wang-eth-inhomogeneous/paper.md,2026-08-29 12:23:48
4714,academic/wiki/papers/D047-2024-wang-eth-inhomogeneous,raw-not-distributed/D047-2024-wang-eth-inhomogeneous/paper.md,2026-08-29 12:23:48
4715,academic/wiki/papers/D047-2024-wang-eth-inhomogeneous,raw-not-distributed/D047-2024-wang-eth-inhomogeneous/paper.md,2026-08-29 12:23:48
4716,academic/wiki/papers/D047-2024-wang-eth-inhomogeneous,raw-not-distributed/D047-2024-wang-eth-inhomogeneous/paper.md,2026-08-29 12:23:48
4717,academic/wiki/papers/D047-2024-wang-eth-inhomogeneous,raw-not-distributed/D047-2024-wang-eth-inhomogeneous/paper.md,2026-08-29 12:23:48
4718,academic/wiki/papers/D047-2024-wang-eth-inhomogeneous,raw-not-distributed/D047-2024-wang-eth-inhomogeneous/paper.md,2026-08-29 12:23:48
4719,academic/wiki/papers/D047-2024-wang-eth-inhomogeneous,raw-not-distributed/D047-2024-wang-eth-inhomogeneous/paper.md,2026-08-29 12:23:48
4720,academic/wiki/papers/D047-2024-wang-eth-inhomogeneous,raw-not-distributed/D047-2024-wang-eth-inhomogeneous/paper.md,2026-08-29 12:23:48
4721,academic/wiki/papers/D047-2024-wang-eth-inhomogeneous,raw-not-distributed/D047-2024-wang-eth-inhomogeneous/paper.md,2026-08-29 12:23:48
4722,academic/wiki/papers/D047-2024-wang-eth-inhomogeneous,raw-not-distributed/D047-2024-wang-eth-inhomogeneous/paper.md,2026-08-29 12:23:48
4723,academic/wiki/papers/D047-2024-wang-eth-inhomogeneous,raw-not-distributed/D047-2024-wang-eth-inhomogeneous/paper.md,2026-08-29 12:23:48
4724,academic/wiki/papers/D047-2024-wang-eth-inhomogeneous,raw-not-distributed/D047-2024-wang-eth-inhomogeneous/paper.md,2026-08-29 12:23:48
4725,academic/wiki/papers/D047-2024-wang-eth-inhomogeneous,raw-not-distributed/D047-2024-wang-eth-inhomogeneous/paper.md,2026-08-29 12:23:48
4726,academic/wiki/papers/D047-2024-wang-eth-inhomogeneous,raw-not-distributed/D047-2024-wang-eth-inhomogeneous/paper.md,2026-08-29 12:23:48
4727,academic/wiki/papers/D047-2024-wang-eth-inhomogeneous,raw-not-distributed/D047-2024-wang-eth-inhomogeneous/paper.md,2026-08-29 12:23:48
4728,academic/wiki/papers/D047-2024-wang-eth-inhomogeneous,raw-not-distributed/D047-2024-wang-eth-inhomogeneous/paper.md,2026-08-29 12:23:48
4729,academic/wiki/papers/D047-2024-wang-eth-inhomogeneous,raw-not-distributed/D047-2024-wang-eth-inhomogeneous/paper.md,2026-08-29 12:23:48
4730,academic/wiki/papers/D047-2024-wang-eth-inhomogeneous,raw-not-distributed/D047-2024-wang-eth-inhomogeneous/paper.md,2026-08-29 12:23:48
4731,academic/wiki/papers/D047-2024-wang-eth-inhomogeneous,raw-not-distributed/D047-2024-wang-eth-inhomogeneous/paper.md,2026-08-29 12:23:48
4732,academic/wiki/papers/D047-2024-wang-eth-inhomogeneous,raw-not-distributed/D047-2024-wang-eth-inhomogeneous/paper.md,2026-08-29 12:23:48
4733,academic/wiki/papers/D047-2024-wang-eth-inhomogeneous,raw-not-distributed/D047-2024-wang-eth-inhomogeneous/paper.md,2026-08-29 12:23:48
4734,academic/wiki/papers/D047-2024-wang-eth-inhomogeneous,raw-not-distributed/D047-2024-wang-eth-inhomogeneous/paper.md,2026-08-29 12:23:48
4735,academic/wiki/papers/D047-2024-wang-eth-inhomogeneous,raw-not-distributed/D047-2024-wang-eth-inhomogeneous/paper.md,2026-08-29 12:23:48
4736,academic/wiki/papers/D047-2024-wang-eth-inhomogeneous,raw-not-distributed/D047-2024-wang-eth-inhomogeneous/paper.md,2026-08-29 12:23:48
4737,academic/wiki/papers/D047-2024-wang-eth-inhomogeneous,raw-not-distributed/D047-2024-wang-eth-inhomogeneous/paper.md,2026-08-29 12:23:48
4738,academic/wiki/papers/D047-2024-wang-eth-inhomogeneous,raw-not-distributed/D047-2024-wang-eth-inhomogeneous/paper.md,2026-08-29 12:23:48
4739,academic/wiki/papers/D047-2024-wang-eth-inhomogeneous,raw-not-distributed/D047-2024-wang-eth-inhomogeneous/paper.md,2026-08-29 12:23:48
4740,academic/wiki/papers/D047-2024-wang-eth-inhomogeneous,raw-not-distributed/D047-2024-wang-eth-inhomogeneous/paper.md,2026-08-29 12:23:48
4741,academic/wiki/papers/D047-2024-wang-eth-inhomogeneous,raw-not-distributed/D047-2024-wang-eth-inhomogeneous/paper.md,2026-08-29 12:23:48
4742,academic/wiki/papers/D047-2024-wang-eth-inhomogeneous,raw-not-distributed/D047-2024-wang-eth-inhomogeneous/paper.md,2026-08-29 12:23:48
4743,academic/wiki/papers/D047-2024-wang-eth-inhomogeneous,raw-not-distributed/D047-2024-wang-eth-inhomogeneous/paper.md,2026-08-29 12:23:48
4744,academic/wiki/papers/D047-2024-wang-eth-inhomogeneous,raw-not-distributed/D047-2024-wang-eth-inhomogeneous/paper.md,2026-08-29 12:23:48
4745,academic/wiki/papers/D047-2024-wang-eth-inhomogeneous,raw-not-distributed/D047-2024-wang-eth-inhomogeneous/paper.md,2026-08-29 12:23:48
4746,academic/wiki/papers/D047-2024-wang-eth-inhomogeneous,raw-not-distributed/D047-2024-wang-eth-inhomogeneous/paper.md,2026-08-29 12:23:48
4747,academic/wiki/papers/D047-2024-wang-eth-inhomogeneous,raw-not-distributed/D047-2024-wang-eth-inhomogeneous/paper.md,2026-08-29 12:23:48
4748,academic/wiki/papers/D047-2024-wang-eth-inhomogeneous,raw-not-distributed/D047-2024-wang-eth-inhomogeneous/paper.md,2026-08-29 12:23:48
4749,academic/wiki/papers/D047-2024-wang-eth-inhomogeneous,raw-not-distributed/D047-2024-wang-eth-inhomogeneous/paper.md,2026-08-29 12:23:48
4750,academic/wiki/papers/D047-2024-wang-eth-inhomogeneous,raw-not-distributed/D047-2024-wang-eth-inhomogeneous/paper.md,2026-08-29 12:23:48
4751,academic/wiki/papers/D047-2024-wang-eth-inhomogeneous,raw-not-distributed/D047-2024-wang-eth-inhomogeneous/paper.md,2026-08-29 12:23:48
4752,academic/wiki/papers/D047-2024-wang-eth-inhomogeneous,raw-not-distributed/D047-2024-wang-eth-inhomogeneous/paper.md,2026-08-29 12:23:48
4753,academic/wiki/papers/D047-2024-wang-eth-inhomogeneous,raw-not-distributed/D047-2024-wang-eth-inhomogeneous/paper.md,2026-08-29 12:23:48
4754,academic/wiki/papers/D047-2024-wang-eth-inhomogeneous,raw-not-distributed/D047-2024-wang-eth-inhomogeneous/paper.md,2026-08-29 12:23:48
4755,academic/wiki/papers/D047-2024-wang-eth-inhomogeneous,raw-not-distributed/D047-2024-wang-eth-inhomogeneous/paper.md,2026-08-29 12:23:48
4756,academic/wiki/papers/D047-2024-wang-eth-inhomogeneous,raw-not-distributed/D047-2024-wang-eth-inhomogeneous/paper.md,2026-08-29 12:23:48
4757,academic/wiki/papers/D047-2024-wang-eth-inhomogeneous,raw-not-distributed/D047-2024-wang-eth-inhomogeneous/paper.md,2026-08-29 12:23:48
4758,academic/wiki/papers/D047-2024-wang-eth-inhomogeneous,raw-not-distributed/D047-2024-wang-eth-inhomogeneous/paper.md,2026-08-29 12:23:48
4759,academic/wiki/papers/D047-2024-wang-eth-inhomogeneous,raw-not-distributed/D047-2024-wang-eth-inhomogeneous/paper.md,2026-08-29 12:23:48
4760,academic/wiki/papers/D047-2024-wang-eth-inhomogeneous,raw-not-distributed/D047-2024-wang-eth-inhomogeneous/paper.md,2026-08-29 12:23:48
4761,academic/wiki/papers/D047-2024-wang-eth-inhomogeneous,raw-not-distributed/D047-2024-wang-eth-inhomogeneous/paper.md,2026-08-29 12:23:48
4762,academic/wiki/papers/D047-2024-wang-eth-inhomogeneous,raw-not-distributed/D047-2024-wang-eth-inhomogeneous/paper.md,2026-08-29 12:23:48
4763,academic/wiki/papers/D047-2024-wang-eth-inhomogeneous,raw-not-distributed/D047-2024-wang-eth-inhomogeneous/paper.md,2026-08-29 12:23:48
4764,academic/wiki/papers/D047-2024-wang-eth-inhomogeneous,raw-not-distributed/D047-2024-wang-eth-inhomogeneous/paper.md,2026-08-29 12:23:48
4765,academic/wiki/papers/D047-2024-wang-eth-inhomogeneous,raw-not-distributed/D047-2024-wang-eth-inhomogeneous/paper.md,2026-08-29 12:23:48
4766,academic/wiki/papers/D047-2024-wang-eth-inhomogeneous,raw-not-distributed/D047-2024-wang-eth-inhomogeneous/paper.md,2026-08-29 12:23:48
4767,academic/wiki/papers/D047-2024-wang-eth-inhomogeneous,raw-not-distributed/D047-2024-wang-eth-inhomogeneous/paper.md,2026-08-29 12:23:48
4768,academic/wiki/papers/D047-2024-wang-eth-inhomogeneous,raw-not-distributed/D047-2024-wang-eth-inhomogeneous/paper.md,2026-08-29 12:23:48
4769,academic/wiki/papers/D047-2024-wang-eth-inhomogeneous,raw-not-distributed/D047-2024-wang-eth-inhomogeneous/paper.md,2026-08-29 12:23:48
4770,academic/wiki/papers/D047-2024-wang-eth-inhomogeneous,raw-not-distributed/D047-2024-wang-eth-inhomogeneous/paper.md,2026-08-29 12:23:48
4771,academic/wiki/papers/D047-2024-wang-eth-inhomogeneous,raw-not-distributed/D047-2024-wang-eth-inhomogeneous/paper.md,2026-08-29 12:23:48
4772,academic/wiki/papers/D047-2024-wang-eth-inhomogeneous,raw-not-distributed/D047-2024-wang-eth-inhomogeneous/paper.md,2026-08-29 12:23:48
4773,academic/wiki/papers/D047-2024-wang-eth-inhomogeneous,raw-not-distributed/D047-2024-wang-eth-inhomogeneous/paper.md,2026-08-29 12:23:48
4774,academic/wiki/papers/D047-2024-wang-eth-inhomogeneous,raw-not-distributed/D047-2024-wang-eth-inhomogeneous/paper.md,2026-08-29 12:23:48
4775,academic/wiki/papers/D047-2024-wang-eth-inhomogeneous,raw-not-distributed/D047-2024-wang-eth-inhomogeneous/paper.md,2026-08-29 12:23:48
4776,academic/wiki/papers/D047-2024-wang-eth-inhomogeneous,raw-not-distributed/D047-2024-wang-eth-inhomogeneous/paper.md,2026-08-29 12:23:48
4777,academic/wiki/papers/D047-2024-wang-eth-inhomogeneous,raw-not-distributed/D047-2024-wang-eth-inhomogeneous/paper.md,2026-08-29 12:23:48
4778,academic/wiki/papers/D047-2024-wang-eth-inhomogeneous,raw-not-distributed/D047-2024-wang-eth-inhomogeneous/paper.md,2026-08-29 12:23:48
4779,academic/wiki/papers/D047-2024-wang-eth-inhomogeneous,raw-not-distributed/D047-2024-wang-eth-inhomogeneous/paper.md,2026-08-29 12:23:48
4780,academic/wiki/papers/D047-2024-wang-eth-inhomogeneous,raw-not-distributed/D047-2024-wang-eth-inhomogeneous/paper.md,2026-08-29 12:23:48
4781,academic/wiki/papers/D047-2024-wang-eth-inhomogeneous,raw-not-distributed/D047-2024-wang-eth-inhomogeneous/paper.md,2026-08-29 12:23:48
4782,academic/wiki/papers/D047-2024-wang-eth-inhomogeneous,raw-not-distributed/D047-2024-wang-eth-inhomogeneous/paper.md,2026-08-29 12:23:48
4783,academic/wiki/papers/D047-2024-wang-eth-inhomogeneous,raw-not-distributed/D047-2024-wang-eth-inhomogeneous/paper.md,2026-08-29 12:23:48
4984,academic/wiki/papers/D048-2024-luying-entanglement-prl,raw-not-distributed/D048-2024-luying-entanglement-prl/paper.md,2026-08-29 12:25:26
4985,academic/wiki/papers/D048-2024-luying-entanglement-prl,raw-not-distributed/D048-2024-luying-entanglement-prl/wiki.md#semantic,2026-08-29 12:25:26
4986,academic/wiki/papers/D048-2024-luying-entanglement-prl,raw-not-distributed/D048-2024-luying-entanglement-prl/wiki.md#semantic,2026-08-29 12:25:26
4987,academic/wiki/papers/D048-2024-luying-entanglement-prl,raw-not-distributed/D048-2024-luying-entanglement-prl/wiki.md#semantic,2026-08-29 12:25:26
4988,academic/wiki/papers/D048-2024-luying-entanglement-prl,raw-not-distributed/D048-2024-luying-entanglement-prl/wiki.md#semantic,2026-08-29 12:25:26
4989,academic/wiki/papers/D048-2024-luying-entanglement-prl,raw-not-distributed/D048-2024-luying-entanglement-prl/wiki.md#semantic,2026-08-29 12:25:26
4990,academic/wiki/papers/D048-2024-luying-entanglement-prl,raw-not-distributed/D048-2024-luying-entanglement-prl/wiki.md#semantic,2026-08-29 12:25:26
4991,academic/wiki/papers/D048-2024-luying-entanglement-prl,raw-not-distributed/D048-2024-luying-entanglement-prl/wiki.md#semantic,2026-08-29 12:25:26
4992,academic/wiki/papers/D048-2024-luying-entanglement-prl,raw-not-distributed/D048-2024-luying-entanglement-prl/wiki.md#semantic,2026-08-29 12:25:26
4993,academic/wiki/papers/D048-2024-luying-entanglement-prl,raw-not-distributed/D048-2024-luying-entanglement-prl/wiki.md#semantic,2026-08-29 12:25:26
4994,academic/wiki/papers/D048-2024-luying-entanglement-prl,raw-not-distributed/D048-2024-luying-entanglement-prl/wiki.md#semantic,2026-08-29 12:25:26
4995,academic/wiki/papers/D048-2024-luying-entanglement-prl,raw-not-distributed/D048-2024-luying-entanglement-prl/wiki.md#semantic,2026-08-29 12:25:26
4996,academic/wiki/papers/D048-2024-luying-entanglement-prl,raw-not-distributed/D048-2024-luying-entanglement-prl/wiki.md#semantic,2026-08-29 12:25:26
4997,academic/wiki/papers/D048-2024-luying-entanglement-prl,raw-not-distributed/D048-2024-luying-entanglement-prl/wiki.md#semantic,2026-08-29 12:25:26
4998,academic/wiki/papers/D048-2024-luying-entanglement-prl,raw-not-distributed/D048-2024-luying-entanglement-prl/wiki.md#semantic,2026-08-29 12:25:26
4999,academic/wiki/papers/D048-2024-luying-entanglement-prl,raw-not-distributed/D048-2024-luying-entanglement-prl/wiki.md#semantic,2026-08-29 12:25:26
5000,academic/wiki/papers/D048-2024-luying-entanglement-prl,raw-not-distributed/D048-2024-luying-entanglement-prl/wiki.md#semantic,2026-08-29 12:25:26
5001,academic/wiki/papers/D048-2024-luying-entanglement-prl,raw-not-distributed/D048-2024-luying-entanglement-prl/wiki.md#semantic,2026-08-29 12:25:26
5002,academic/wiki/papers/D048-2024-luying-entanglement-prl,raw-not-distributed/D048-2024-luying-entanglement-prl/wiki.md#semantic,2026-08-29 12:25:26
5003,academic/wiki/papers/D048-2024-luying-entanglement-prl,raw-not-distributed/D048-2024-luying-entanglement-prl/wiki.md#semantic,2026-08-29 12:25:26
5004,academic/wiki/papers/D048-2024-luying-entanglement-prl,raw-not-distributed/D048-2024-luying-entanglement-prl/wiki.md#semantic,2026-08-29 12:25:26
5005,academic/wiki/papers/D048-2024-luying-entanglement-prl,raw-not-distributed/D048-2024-luying-entanglement-prl/wiki.md#semantic,2026-08-29 12:25:26
5006,academic/wiki/papers/D048-2024-luying-entanglement-prl,raw-not-distributed/D048-2024-luying-entanglement-prl/wiki.md#semantic,2026-08-29 12:25:26
5007,academic/wiki/papers/D048-2024-luying-entanglement-prl,raw-not-distributed/D048-2024-luying-entanglement-prl/paper.md,2026-08-29 12:25:26
5008,academic/wiki/papers/D048-2024-luying-entanglement-prl,raw-not-distributed/D048-2024-luying-entanglement-prl/paper.md,2026-08-29 12:25:26
5009,academic/wiki/papers/D048-2024-luying-entanglement-prl,raw-not-distributed/D048-2024-luying-entanglement-prl/paper.md,2026-08-29 12:25:26
5010,academic/wiki/papers/D048-2024-luying-entanglement-prl,raw-not-distributed/D048-2024-luying-entanglement-prl/paper.md,2026-08-29 12:25:26
5011,academic/wiki/papers/D048-2024-luying-entanglement-prl,raw-not-distributed/D048-2024-luying-entanglement-prl/paper.md,2026-08-29 12:25:26
5012,academic/wiki/papers/D048-2024-luying-entanglement-prl,raw-not-distributed/D048-2024-luying-entanglement-prl/paper.md,2026-08-29 12:25:26
5013,academic/wiki/papers/D048-2024-luying-entanglement-prl,raw-not-distributed/D048-2024-luying-entanglement-prl/paper.md,2026-08-29 12:25:26
5014,academic/wiki/papers/D048-2024-luying-entanglement-prl,raw-not-distributed/D048-2024-luying-entanglement-prl/paper.md,2026-08-29 12:25:26
5015,academic/wiki/papers/D048-2024-luying-entanglement-prl,raw-not-distributed/D048-2024-luying-entanglement-prl/paper.md,2026-08-29 12:25:26
5218,academic/wiki/papers/D049-2025-ifmps-hong-rui,raw-not-distributed/D049-2025-ifmps-hong-rui/paper.md,2026-08-29 12:25:50
5219,academic/wiki/papers/D049-2025-ifmps-hong-rui,raw-not-distributed/D049-2025-ifmps-hong-rui/wiki.md#semantic,2026-08-29 12:25:50
5220,academic/wiki/papers/D049-2025-ifmps-hong-rui,raw-not-distributed/D049-2025-ifmps-hong-rui/wiki.md#semantic,2026-08-29 12:25:50
5221,academic/wiki/papers/D049-2025-ifmps-hong-rui,raw-not-distributed/D049-2025-ifmps-hong-rui/wiki.md#semantic,2026-08-29 12:25:50
5222,academic/wiki/papers/D049-2025-ifmps-hong-rui,raw-not-distributed/D049-2025-ifmps-hong-rui/wiki.md#semantic,2026-08-29 12:25:50
5223,academic/wiki/papers/D049-2025-ifmps-hong-rui,raw-not-distributed/D049-2025-ifmps-hong-rui/wiki.md#semantic,2026-08-29 12:25:50
5224,academic/wiki/papers/D049-2025-ifmps-hong-rui,raw-not-distributed/D049-2025-ifmps-hong-rui/wiki.md#semantic,2026-08-29 12:25:50
5225,academic/wiki/papers/D049-2025-ifmps-hong-rui,raw-not-distributed/D049-2025-ifmps-hong-rui/wiki.md#semantic,2026-08-29 12:25:50
5226,academic/wiki/papers/D049-2025-ifmps-hong-rui,raw-not-distributed/D049-2025-ifmps-hong-rui/wiki.md#semantic,2026-08-29 12:25:50
5227,academic/wiki/papers/D049-2025-ifmps-hong-rui,raw-not-distributed/D049-2025-ifmps-hong-rui/wiki.md#semantic,2026-08-29 12:25:50
5228,academic/wiki/papers/D049-2025-ifmps-hong-rui,raw-not-distributed/D049-2025-ifmps-hong-rui/wiki.md#semantic,2026-08-29 12:25:50
5229,academic/wiki/papers/D049-2025-ifmps-hong-rui,raw-not-distributed/D049-2025-ifmps-hong-rui/wiki.md#semantic,2026-08-29 12:25:50
5230,academic/wiki/papers/D049-2025-ifmps-hong-rui,raw-not-distributed/D049-2025-ifmps-hong-rui/wiki.md#semantic,2026-08-29 12:25:50
5231,academic/wiki/papers/D049-2025-ifmps-hong-rui,raw-not-distributed/D049-2025-ifmps-hong-rui/wiki.md#semantic,2026-08-29 12:25:50
5232,academic/wiki/papers/D049-2025-ifmps-hong-rui,raw-not-distributed/D049-2025-ifmps-hong-rui/wiki.md#semantic,2026-08-29 12:25:50
5233,academic/wiki/papers/D049-2025-ifmps-hong-rui,raw-not-distributed/D049-2025-ifmps-hong-rui/wiki.md#semantic,2026-08-29 12:25:50
5234,academic/wiki/papers/D049-2025-ifmps-hong-rui,raw-not-distributed/D049-2025-ifmps-hong-rui/wiki.md#semantic,2026-08-29 12:25:50
5235,academic/wiki/papers/D049-2025-ifmps-hong-rui,raw-not-distributed/D049-2025-ifmps-hong-rui/wiki.md#semantic,2026-08-29 12:25:50
5236,academic/wiki/papers/D049-2025-ifmps-hong-rui,raw-not-distributed/D049-2025-ifmps-hong-rui/wiki.md#semantic,2026-08-29 12:25:50
5237,academic/wiki/papers/D049-2025-ifmps-hong-rui,raw-not-distributed/D049-2025-ifmps-hong-rui/wiki.md#semantic,2026-08-29 12:25:50
5238,academic/wiki/papers/D049-2025-ifmps-hong-rui,raw-not-distributed/D049-2025-ifmps-hong-rui/wiki.md#semantic,2026-08-29 12:25:50
5239,academic/wiki/papers/D049-2025-ifmps-hong-rui,raw-not-distributed/D049-2025-ifmps-hong-rui/wiki.md#semantic,2026-08-29 12:25:50
5240,academic/wiki/papers/D049-2025-ifmps-hong-rui,raw-not-distributed/D049-2025-ifmps-hong-rui/wiki.md#semantic,2026-08-29 12:25:50
5241,academic/wiki/papers/D049-2025-ifmps-hong-rui,raw-not-distributed/D049-2025-ifmps-hong-rui/paper.md,2026-08-29 12:25:50
5242,academic/wiki/papers/D049-2025-ifmps-hong-rui,raw-not-distributed/D049-2025-ifmps-hong-rui/paper.md,2026-08-29 12:25:50
5243,academic/wiki/papers/D049-2025-ifmps-hong-rui,raw-not-distributed/D049-2025-ifmps-hong-rui/paper.md,2026-08-29 12:25:50
5244,academic/wiki/papers/D049-2025-ifmps-hong-rui,raw-not-distributed/D049-2025-ifmps-hong-rui/paper.md,2026-08-29 12:25:50
5245,academic/wiki/papers/D049-2025-ifmps-hong-rui,raw-not-distributed/D049-2025-ifmps-hong-rui/paper.md,2026-08-29 12:25:50
5246,academic/wiki/papers/D049-2025-ifmps-hong-rui,raw-not-distributed/D049-2025-ifmps-hong-rui/paper.md,2026-08-29 12:25:50
5247,academic/wiki/papers/D049-2025-ifmps-hong-rui,raw-not-distributed/D049-2025-ifmps-hong-rui/paper.md,2026-08-29 12:25:50
5248,academic/wiki/papers/D049-2025-ifmps-hong-rui,raw-not-distributed/D049-2025-ifmps-hong-rui/paper.md,2026-08-29 12:25:50
5249,academic/wiki/papers/D049-2025-ifmps-hong-rui,raw-not-distributed/D049-2025-ifmps-hong-rui/paper.md,2026-08-29 12:25:50
5250,academic/wiki/papers/D049-2025-ifmps-hong-rui,raw-not-distributed/D049-2025-ifmps-hong-rui/paper.md,2026-08-29 12:25:50
5453,academic/wiki/papers/D050-2025-adtn-nn-compression,raw-not-distributed/D050-2025-adtn-nn-compression/paper.md,2026-08-29 12:26:14
5454,academic/wiki/papers/D050-2025-adtn-nn-compression,raw-not-distributed/D050-2025-adtn-nn-compression/wiki.md#semantic,2026-08-29 12:26:14
5455,academic/wiki/papers/D050-2025-adtn-nn-compression,raw-not-distributed/D050-2025-adtn-nn-compression/wiki.md#semantic,2026-08-29 12:26:14
5456,academic/wiki/papers/D050-2025-adtn-nn-compression,raw-not-distributed/D050-2025-adtn-nn-compression/wiki.md#semantic,2026-08-29 12:26:14
5457,academic/wiki/papers/D050-2025-adtn-nn-compression,raw-not-distributed/D050-2025-adtn-nn-compression/wiki.md#semantic,2026-08-29 12:26:14
5458,academic/wiki/papers/D050-2025-adtn-nn-compression,raw-not-distributed/D050-2025-adtn-nn-compression/wiki.md#semantic,2026-08-29 12:26:14
5459,academic/wiki/papers/D050-2025-adtn-nn-compression,raw-not-distributed/D050-2025-adtn-nn-compression/wiki.md#semantic,2026-08-29 12:26:14
5460,academic/wiki/papers/D050-2025-adtn-nn-compression,raw-not-distributed/D050-2025-adtn-nn-compression/wiki.md#semantic,2026-08-29 12:26:14
5461,academic/wiki/papers/D050-2025-adtn-nn-compression,raw-not-distributed/D050-2025-adtn-nn-compression/wiki.md#semantic,2026-08-29 12:26:14
5462,academic/wiki/papers/D050-2025-adtn-nn-compression,raw-not-distributed/D050-2025-adtn-nn-compression/wiki.md#semantic,2026-08-29 12:26:14
5463,academic/wiki/papers/D050-2025-adtn-nn-compression,raw-not-distributed/D050-2025-adtn-nn-compression/wiki.md#semantic,2026-08-29 12:26:14
5464,academic/wiki/papers/D050-2025-adtn-nn-compression,raw-not-distributed/D050-2025-adtn-nn-compression/wiki.md#semantic,2026-08-29 12:26:14
5465,academic/wiki/papers/D050-2025-adtn-nn-compression,raw-not-distributed/D050-2025-adtn-nn-compression/wiki.md#semantic,2026-08-29 12:26:14
5466,academic/wiki/papers/D050-2025-adtn-nn-compression,raw-not-distributed/D050-2025-adtn-nn-compression/wiki.md#semantic,2026-08-29 12:26:14
5467,academic/wiki/papers/D050-2025-adtn-nn-compression,raw-not-distributed/D050-2025-adtn-nn-compression/wiki.md#semantic,2026-08-29 12:26:14
5468,academic/wiki/papers/D050-2025-adtn-nn-compression,raw-not-distributed/D050-2025-adtn-nn-compression/wiki.md#semantic,2026-08-29 12:26:14
5469,academic/wiki/papers/D050-2025-adtn-nn-compression,raw-not-distributed/D050-2025-adtn-nn-compression/wiki.md#semantic,2026-08-29 12:26:14
5470,academic/wiki/papers/D050-2025-adtn-nn-compression,raw-not-distributed/D050-2025-adtn-nn-compression/wiki.md#semantic,2026-08-29 12:26:14
5471,academic/wiki/papers/D050-2025-adtn-nn-compression,raw-not-distributed/D050-2025-adtn-nn-compression/wiki.md#semantic,2026-08-29 12:26:14
5472,academic/wiki/papers/D050-2025-adtn-nn-compression,raw-not-distributed/D050-2025-adtn-nn-compression/wiki.md#semantic,2026-08-29 12:26:14
5473,academic/wiki/papers/D050-2025-adtn-nn-compression,raw-not-distributed/D050-2025-adtn-nn-compression/wiki.md#semantic,2026-08-29 12:26:14
5474,academic/wiki/papers/D050-2025-adtn-nn-compression,raw-not-distributed/D050-2025-adtn-nn-compression/wiki.md#semantic,2026-08-29 12:26:14
5475,academic/wiki/papers/D050-2025-adtn-nn-compression,raw-not-distributed/D050-2025-adtn-nn-compression/wiki.md#semantic,2026-08-29 12:26:14
5476,academic/wiki/papers/D050-2025-adtn-nn-compression,raw-not-distributed/D050-2025-adtn-nn-compression/wiki.md#semantic,2026-08-29 12:26:14
5477,academic/wiki/papers/D050-2025-adtn-nn-compression,raw-not-distributed/D050-2025-adtn-nn-compression/wiki.md#semantic,2026-08-29 12:26:14
5478,academic/wiki/papers/D050-2025-adtn-nn-compression,raw-not-distributed/D050-2025-adtn-nn-compression/wiki.md#semantic,2026-08-29 12:26:14
5479,academic/wiki/papers/D050-2025-adtn-nn-compression,raw-not-distributed/D050-2025-adtn-nn-compression/wiki.md#semantic,2026-08-29 12:26:14
5480,academic/wiki/papers/D050-2025-adtn-nn-compression,raw-not-distributed/D050-2025-adtn-nn-compression/wiki.md#semantic,2026-08-29 12:26:14
5481,academic/wiki/papers/D050-2025-adtn-nn-compression,raw-not-distributed/D050-2025-adtn-nn-compression/wiki.md#semantic,2026-08-29 12:26:14
5482,academic/wiki/papers/D050-2025-adtn-nn-compression,raw-not-distributed/D050-2025-adtn-nn-compression/wiki.md#semantic,2026-08-29 12:26:14
5483,academic/wiki/papers/D050-2025-adtn-nn-compression,raw-not-distributed/D050-2025-adtn-nn-compression/wiki.md#semantic,2026-08-29 12:26:14
5484,academic/wiki/papers/D050-2025-adtn-nn-compression,raw-not-distributed/D050-2025-adtn-nn-compression/wiki.md#semantic,2026-08-29 12:26:14
5485,academic/wiki/papers/D050-2025-adtn-nn-compression,raw-not-distributed/D050-2025-adtn-nn-compression/wiki.md#semantic,2026-08-29 12:26:14
5486,academic/wiki/papers/D050-2025-adtn-nn-compression,raw-not-distributed/D050-2025-adtn-nn-compression/wiki.md#semantic,2026-08-29 12:26:14
5487,academic/wiki/papers/D050-2025-adtn-nn-compression,raw-not-distributed/D050-2025-adtn-nn-compression/wiki.md#semantic,2026-08-29 12:26:14
5488,academic/wiki/papers/D050-2025-adtn-nn-compression,raw-not-distributed/D050-2025-adtn-nn-compression/wiki.md#semantic,2026-08-29 12:26:14
5489,academic/wiki/papers/D050-2025-adtn-nn-compression,raw-not-distributed/D050-2025-adtn-nn-compression/wiki.md#semantic,2026-08-29 12:26:14
5490,academic/wiki/papers/D050-2025-adtn-nn-compression,raw-not-distributed/D050-2025-adtn-nn-compression/wiki.md#semantic,2026-08-29 12:26:14
5491,academic/wiki/papers/D050-2025-adtn-nn-compression,raw-not-distributed/D050-2025-adtn-nn-compression/wiki.md#semantic,2026-08-29 12:26:14
5492,academic/wiki/papers/D050-2025-adtn-nn-compression,raw-not-distributed/D050-2025-adtn-nn-compression/wiki.md#semantic,2026-08-29 12:26:14
5493,academic/wiki/papers/D050-2025-adtn-nn-compression,raw-not-distributed/D050-2025-adtn-nn-compression/wiki.md#semantic,2026-08-29 12:26:14
5494,academic/wiki/papers/D050-2025-adtn-nn-compression,raw-not-distributed/D050-2025-adtn-nn-compression/wiki.md#semantic,2026-08-29 12:26:14
5495,academic/wiki/papers/D050-2025-adtn-nn-compression,raw-not-distributed/D050-2025-adtn-nn-compression/wiki.md#semantic,2026-08-29 12:26:14
5496,academic/wiki/papers/D050-2025-adtn-nn-compression,raw-not-distributed/D050-2025-adtn-nn-compression/wiki.md#semantic,2026-08-29 12:26:14
5497,academic/wiki/papers/D050-2025-adtn-nn-compression,raw-not-distributed/D050-2025-adtn-nn-compression/paper.md,2026-08-29 12:26:14
5498,academic/wiki/papers/D050-2025-adtn-nn-compression,raw-not-distributed/D050-2025-adtn-nn-compression/paper.md,2026-08-29 12:26:14
5499,academic/wiki/papers/D050-2025-adtn-nn-compression,raw-not-distributed/D050-2025-adtn-nn-compression/paper.md,2026-08-29 12:26:14
5500,academic/wiki/papers/D050-2025-adtn-nn-compression,raw-not-distributed/D050-2025-adtn-nn-compression/paper.md,2026-08-29 12:26:14
5501,academic/wiki/papers/D050-2025-adtn-nn-compression,raw-not-distributed/D050-2025-adtn-nn-compression/paper.md,2026-08-29 12:26:14
5502,academic/wiki/papers/D050-2025-adtn-nn-compression,raw-not-distributed/D050-2025-adtn-nn-compression/paper.md,2026-08-29 12:26:14
5503,academic/wiki/papers/D050-2025-adtn-nn-compression,raw-not-distributed/D050-2025-adtn-nn-compression/paper.md,2026-08-29 12:26:14
5504,academic/wiki/papers/D050-2025-adtn-nn-compression,raw-not-distributed/D050-2025-adtn-nn-compression/paper.md,2026-08-29 12:26:14
5505,academic/wiki/papers/D050-2025-adtn-nn-compression,raw-not-distributed/D050-2025-adtn-nn-compression/paper.md,2026-08-29 12:26:14
5506,academic/wiki/papers/D050-2025-adtn-nn-compression,raw-not-distributed/D050-2025-adtn-nn-compression/paper.md,2026-08-29 12:26:14
5507,academic/wiki/papers/D050-2025-adtn-nn-compression,raw-not-distributed/D050-2025-adtn-nn-compression/paper.md,2026-08-29 12:26:14
5508,academic/wiki/papers/D050-2025-adtn-nn-compression,raw-not-distributed/D050-2025-adtn-nn-compression/paper.md,2026-08-29 12:26:14
5509,academic/wiki/papers/D050-2025-adtn-nn-compression,raw-not-distributed/D050-2025-adtn-nn-compression/paper.md,2026-08-29 12:26:14
5718,academic/wiki/papers/D051-2026-tianda-graph-qml,raw-not-distributed/D051-2026-tianda-graph-qml/paper.md,2026-08-29 12:29:01
5719,academic/wiki/papers/D051-2026-tianda-graph-qml,raw-not-distributed/D051-2026-tianda-graph-qml/wiki.md#semantic,2026-08-29 12:29:01
5720,academic/wiki/papers/D051-2026-tianda-graph-qml,raw-not-distributed/D051-2026-tianda-graph-qml/wiki.md#semantic,2026-08-29 12:29:01
5721,academic/wiki/papers/D051-2026-tianda-graph-qml,raw-not-distributed/D051-2026-tianda-graph-qml/wiki.md#semantic,2026-08-29 12:29:01
5722,academic/wiki/papers/D051-2026-tianda-graph-qml,raw-not-distributed/D051-2026-tianda-graph-qml/wiki.md#semantic,2026-08-29 12:29:01
5723,academic/wiki/papers/D051-2026-tianda-graph-qml,raw-not-distributed/D051-2026-tianda-graph-qml/wiki.md#semantic,2026-08-29 12:29:01
5724,academic/wiki/papers/D051-2026-tianda-graph-qml,raw-not-distributed/D051-2026-tianda-graph-qml/wiki.md#semantic,2026-08-29 12:29:01
5725,academic/wiki/papers/D051-2026-tianda-graph-qml,raw-not-distributed/D051-2026-tianda-graph-qml/wiki.md#semantic,2026-08-29 12:29:01
5726,academic/wiki/papers/D051-2026-tianda-graph-qml,raw-not-distributed/D051-2026-tianda-graph-qml/wiki.md#semantic,2026-08-29 12:29:01
5727,academic/wiki/papers/D051-2026-tianda-graph-qml,raw-not-distributed/D051-2026-tianda-graph-qml/wiki.md#semantic,2026-08-29 12:29:01
5728,academic/wiki/papers/D051-2026-tianda-graph-qml,raw-not-distributed/D051-2026-tianda-graph-qml/wiki.md#semantic,2026-08-29 12:29:01
5729,academic/wiki/papers/D051-2026-tianda-graph-qml,raw-not-distributed/D051-2026-tianda-graph-qml/wiki.md#semantic,2026-08-29 12:29:01
5730,academic/wiki/papers/D051-2026-tianda-graph-qml,raw-not-distributed/D051-2026-tianda-graph-qml/wiki.md#semantic,2026-08-29 12:29:01
5731,academic/wiki/papers/D051-2026-tianda-graph-qml,raw-not-distributed/D051-2026-tianda-graph-qml/wiki.md#semantic,2026-08-29 12:29:01
5732,academic/wiki/papers/D051-2026-tianda-graph-qml,raw-not-distributed/D051-2026-tianda-graph-qml/wiki.md#semantic,2026-08-29 12:29:01
5733,academic/wiki/papers/D051-2026-tianda-graph-qml,raw-not-distributed/D051-2026-tianda-graph-qml/wiki.md#semantic,2026-08-29 12:29:01
5734,academic/wiki/papers/D051-2026-tianda-graph-qml,raw-not-distributed/D051-2026-tianda-graph-qml/wiki.md#semantic,2026-08-29 12:29:01
5735,academic/wiki/papers/D051-2026-tianda-graph-qml,raw-not-distributed/D051-2026-tianda-graph-qml/wiki.md#semantic,2026-08-29 12:29:01
5736,academic/wiki/papers/D051-2026-tianda-graph-qml,raw-not-distributed/D051-2026-tianda-graph-qml/wiki.md#semantic,2026-08-29 12:29:01
5737,academic/wiki/papers/D051-2026-tianda-graph-qml,raw-not-distributed/D051-2026-tianda-graph-qml/wiki.md#semantic,2026-08-29 12:29:01
5738,academic/wiki/papers/D051-2026-tianda-graph-qml,raw-not-distributed/D051-2026-tianda-graph-qml/wiki.md#semantic,2026-08-29 12:29:01
5739,academic/wiki/papers/D051-2026-tianda-graph-qml,raw-not-distributed/D051-2026-tianda-graph-qml/wiki.md#semantic,2026-08-29 12:29:01
5740,academic/wiki/papers/D051-2026-tianda-graph-qml,raw-not-distributed/D051-2026-tianda-graph-qml/wiki.md#semantic,2026-08-29 12:29:01
5741,academic/wiki/papers/D051-2026-tianda-graph-qml,raw-not-distributed/D051-2026-tianda-graph-qml/wiki.md#semantic,2026-08-29 12:29:01
5742,academic/wiki/papers/D051-2026-tianda-graph-qml,raw-not-distributed/D051-2026-tianda-graph-qml/wiki.md#semantic,2026-08-29 12:29:01
5743,academic/wiki/papers/D051-2026-tianda-graph-qml,raw-not-distributed/D051-2026-tianda-graph-qml/paper.md,2026-08-29 12:29:01
5744,academic/wiki/papers/D051-2026-tianda-graph-qml,raw-not-distributed/D051-2026-tianda-graph-qml/paper.md,2026-08-29 12:29:01
5745,academic/wiki/papers/D051-2026-tianda-graph-qml,raw-not-distributed/D051-2026-tianda-graph-qml/paper.md,2026-08-29 12:29:01
5746,academic/wiki/papers/D051-2026-tianda-graph-qml,raw-not-distributed/D051-2026-tianda-graph-qml/paper.md,2026-08-29 12:29:01
5747,academic/wiki/papers/D051-2026-tianda-graph-qml,raw-not-distributed/D051-2026-tianda-graph-qml/paper.md,2026-08-29 12:29:01
5748,academic/wiki/papers/D051-2026-tianda-graph-qml,raw-not-distributed/D051-2026-tianda-graph-qml/paper.md,2026-08-29 12:29:01
5749,academic/wiki/papers/D051-2026-tianda-graph-qml,raw-not-distributed/D051-2026-tianda-graph-qml/paper.md,2026-08-29 12:29:01
5958,academic/wiki/papers/D052-2026-cpb-chaos-ml,raw-not-distributed/D052-2026-cpb-chaos-ml/paper.md,2026-08-29 12:30:59
5959,academic/wiki/papers/D052-2026-cpb-chaos-ml,raw-not-distributed/D052-2026-cpb-chaos-ml/wiki.md#semantic,2026-08-29 12:30:59
5960,academic/wiki/papers/D052-2026-cpb-chaos-ml,raw-not-distributed/D052-2026-cpb-chaos-ml/wiki.md#semantic,2026-08-29 12:30:59
5961,academic/wiki/papers/D052-2026-cpb-chaos-ml,raw-not-distributed/D052-2026-cpb-chaos-ml/wiki.md#semantic,2026-08-29 12:30:59
5962,academic/wiki/papers/D052-2026-cpb-chaos-ml,raw-not-distributed/D052-2026-cpb-chaos-ml/wiki.md#semantic,2026-08-29 12:30:59
5963,academic/wiki/papers/D052-2026-cpb-chaos-ml,raw-not-distributed/D052-2026-cpb-chaos-ml/wiki.md#semantic,2026-08-29 12:30:59
5964,academic/wiki/papers/D052-2026-cpb-chaos-ml,raw-not-distributed/D052-2026-cpb-chaos-ml/wiki.md#semantic,2026-08-29 12:30:59
5965,academic/wiki/papers/D052-2026-cpb-chaos-ml,raw-not-distributed/D052-2026-cpb-chaos-ml/wiki.md#semantic,2026-08-29 12:30:59
5966,academic/wiki/papers/D052-2026-cpb-chaos-ml,raw-not-distributed/D052-2026-cpb-chaos-ml/wiki.md#semantic,2026-08-29 12:30:59
5967,academic/wiki/papers/D052-2026-cpb-chaos-ml,raw-not-distributed/D052-2026-cpb-chaos-ml/wiki.md#semantic,2026-08-29 12:30:59
5968,academic/wiki/papers/D052-2026-cpb-chaos-ml,raw-not-distributed/D052-2026-cpb-chaos-ml/wiki.md#semantic,2026-08-29 12:30:59
5969,academic/wiki/papers/D052-2026-cpb-chaos-ml,raw-not-distributed/D052-2026-cpb-chaos-ml/wiki.md#semantic,2026-08-29 12:30:59
5970,academic/wiki/papers/D052-2026-cpb-chaos-ml,raw-not-distributed/D052-2026-cpb-chaos-ml/wiki.md#semantic,2026-08-29 12:30:59
5971,academic/wiki/papers/D052-2026-cpb-chaos-ml,raw-not-distributed/D052-2026-cpb-chaos-ml/wiki.md#semantic,2026-08-29 12:30:59
5972,academic/wiki/papers/D052-2026-cpb-chaos-ml,raw-not-distributed/D052-2026-cpb-chaos-ml/wiki.md#semantic,2026-08-29 12:30:59
5973,academic/wiki/papers/D052-2026-cpb-chaos-ml,raw-not-distributed/D052-2026-cpb-chaos-ml/wiki.md#semantic,2026-08-29 12:30:59
5974,academic/wiki/papers/D052-2026-cpb-chaos-ml,raw-not-distributed/D052-2026-cpb-chaos-ml/wiki.md#semantic,2026-08-29 12:30:59
5975,academic/wiki/papers/D052-2026-cpb-chaos-ml,raw-not-distributed/D052-2026-cpb-chaos-ml/wiki.md#semantic,2026-08-29 12:30:59
5976,academic/wiki/papers/D052-2026-cpb-chaos-ml,raw-not-distributed/D052-2026-cpb-chaos-ml/wiki.md#semantic,2026-08-29 12:30:59
5977,academic/wiki/papers/D052-2026-cpb-chaos-ml,raw-not-distributed/D052-2026-cpb-chaos-ml/wiki.md#semantic,2026-08-29 12:30:59
5978,academic/wiki/papers/D052-2026-cpb-chaos-ml,raw-not-distributed/D052-2026-cpb-chaos-ml/wiki.md#semantic,2026-08-29 12:30:59
5979,academic/wiki/papers/D052-2026-cpb-chaos-ml,raw-not-distributed/D052-2026-cpb-chaos-ml/wiki.md#semantic,2026-08-29 12:30:59
5980,academic/wiki/papers/D052-2026-cpb-chaos-ml,raw-not-distributed/D052-2026-cpb-chaos-ml/paper.md,2026-08-29 12:30:59
5981,academic/wiki/papers/D052-2026-cpb-chaos-ml,raw-not-distributed/D052-2026-cpb-chaos-ml/paper.md,2026-08-29 12:30:59
5982,academic/wiki/papers/D052-2026-cpb-chaos-ml,raw-not-distributed/D052-2026-cpb-chaos-ml/paper.md,2026-08-29 12:30:59
6191,academic/wiki/papers/D053-2026-mpe-prl,raw-not-distributed/D053-2026-mpe-prl/paper.md,2026-08-29 12:31:37
6192,academic/wiki/papers/D053-2026-mpe-prl,raw-not-distributed/D053-2026-mpe-prl/wiki.md#semantic,2026-08-29 12:31:37
6193,academic/wiki/papers/D053-2026-mpe-prl,raw-not-distributed/D053-2026-mpe-prl/wiki.md#semantic,2026-08-29 12:31:37
6194,academic/wiki/papers/D053-2026-mpe-prl,raw-not-distributed/D053-2026-mpe-prl/wiki.md#semantic,2026-08-29 12:31:37
6195,academic/wiki/papers/D053-2026-mpe-prl,raw-not-distributed/D053-2026-mpe-prl/wiki.md#semantic,2026-08-29 12:31:37
6196,academic/wiki/papers/D053-2026-mpe-prl,raw-not-distributed/D053-2026-mpe-prl/wiki.md#semantic,2026-08-29 12:31:37
6197,academic/wiki/papers/D053-2026-mpe-prl,raw-not-distributed/D053-2026-mpe-prl/wiki.md#semantic,2026-08-29 12:31:37
6198,academic/wiki/papers/D053-2026-mpe-prl,raw-not-distributed/D053-2026-mpe-prl/wiki.md#semantic,2026-08-29 12:31:37
6199,academic/wiki/papers/D053-2026-mpe-prl,raw-not-distributed/D053-2026-mpe-prl/wiki.md#semantic,2026-08-29 12:31:37
6200,academic/wiki/papers/D053-2026-mpe-prl,raw-not-distributed/D053-2026-mpe-prl/wiki.md#semantic,2026-08-29 12:31:37
6201,academic/wiki/papers/D053-2026-mpe-prl,raw-not-distributed/D053-2026-mpe-prl/wiki.md#semantic,2026-08-29 12:31:37
6202,academic/wiki/papers/D053-2026-mpe-prl,raw-not-distributed/D053-2026-mpe-prl/wiki.md#semantic,2026-08-29 12:31:37
6203,academic/wiki/papers/D053-2026-mpe-prl,raw-not-distributed/D053-2026-mpe-prl/wiki.md#semantic,2026-08-29 12:31:37
6204,academic/wiki/papers/D053-2026-mpe-prl,raw-not-distributed/D053-2026-mpe-prl/wiki.md#semantic,2026-08-29 12:31:37
6205,academic/wiki/papers/D053-2026-mpe-prl,raw-not-distributed/D053-2026-mpe-prl/wiki.md#semantic,2026-08-29 12:31:37
6206,academic/wiki/papers/D053-2026-mpe-prl,raw-not-distributed/D053-2026-mpe-prl/wiki.md#semantic,2026-08-29 12:31:37
6207,academic/wiki/papers/D053-2026-mpe-prl,raw-not-distributed/D053-2026-mpe-prl/paper.md,2026-08-29 12:31:37
6420,academic/wiki/papers/D054-2026-setn-zhu-hao,raw-not-distributed/D054-2026-setn-zhu-hao/paper.md,2026-08-29 12:33:40
6421,academic/wiki/papers/D054-2026-setn-zhu-hao,raw-not-distributed/D054-2026-setn-zhu-hao/wiki.md#semantic,2026-08-29 12:33:40
6422,academic/wiki/papers/D054-2026-setn-zhu-hao,raw-not-distributed/D054-2026-setn-zhu-hao/wiki.md#semantic,2026-08-29 12:33:40
6423,academic/wiki/papers/D054-2026-setn-zhu-hao,raw-not-distributed/D054-2026-setn-zhu-hao/wiki.md#semantic,2026-08-29 12:33:40
6424,academic/wiki/papers/D054-2026-setn-zhu-hao,raw-not-distributed/D054-2026-setn-zhu-hao/wiki.md#semantic,2026-08-29 12:33:40
6425,academic/wiki/papers/D054-2026-setn-zhu-hao,raw-not-distributed/D054-2026-setn-zhu-hao/wiki.md#semantic,2026-08-29 12:33:40
6426,academic/wiki/papers/D054-2026-setn-zhu-hao,raw-not-distributed/D054-2026-setn-zhu-hao/wiki.md#semantic,2026-08-29 12:33:40
6427,academic/wiki/papers/D054-2026-setn-zhu-hao,raw-not-distributed/D054-2026-setn-zhu-hao/wiki.md#semantic,2026-08-29 12:33:40
6428,academic/wiki/papers/D054-2026-setn-zhu-hao,raw-not-distributed/D054-2026-setn-zhu-hao/wiki.md#semantic,2026-08-29 12:33:40
6429,academic/wiki/papers/D054-2026-setn-zhu-hao,raw-not-distributed/D054-2026-setn-zhu-hao/wiki.md#semantic,2026-08-29 12:33:40
6430,academic/wiki/papers/D054-2026-setn-zhu-hao,raw-not-distributed/D054-2026-setn-zhu-hao/wiki.md#semantic,2026-08-29 12:33:40
6431,academic/wiki/papers/D054-2026-setn-zhu-hao,raw-not-distributed/D054-2026-setn-zhu-hao/wiki.md#semantic,2026-08-29 12:33:40
6432,academic/wiki/papers/D054-2026-setn-zhu-hao,raw-not-distributed/D054-2026-setn-zhu-hao/wiki.md#semantic,2026-08-29 12:33:40
6433,academic/wiki/papers/D054-2026-setn-zhu-hao,raw-not-distributed/D054-2026-setn-zhu-hao/wiki.md#semantic,2026-08-29 12:33:40
6434,academic/wiki/papers/D054-2026-setn-zhu-hao,raw-not-distributed/D054-2026-setn-zhu-hao/wiki.md#semantic,2026-08-29 12:33:40
6435,academic/wiki/papers/D054-2026-setn-zhu-hao,raw-not-distributed/D054-2026-setn-zhu-hao/wiki.md#semantic,2026-08-29 12:33:40
6436,academic/wiki/papers/D054-2026-setn-zhu-hao,raw-not-distributed/D054-2026-setn-zhu-hao/wiki.md#semantic,2026-08-29 12:33:40
6437,academic/wiki/papers/D054-2026-setn-zhu-hao,raw-not-distributed/D054-2026-setn-zhu-hao/wiki.md#semantic,2026-08-29 12:33:40
6438,academic/wiki/papers/D054-2026-setn-zhu-hao,raw-not-distributed/D054-2026-setn-zhu-hao/wiki.md#semantic,2026-08-29 12:33:40
6439,academic/wiki/papers/D054-2026-setn-zhu-hao,raw-not-distributed/D054-2026-setn-zhu-hao/wiki.md#semantic,2026-08-29 12:33:40
6440,academic/wiki/papers/D054-2026-setn-zhu-hao,raw-not-distributed/D054-2026-setn-zhu-hao/wiki.md#semantic,2026-08-29 12:33:40
6441,academic/wiki/papers/D054-2026-setn-zhu-hao,raw-not-distributed/D054-2026-setn-zhu-hao/wiki.md#semantic,2026-08-29 12:33:40
6442,academic/wiki/papers/D054-2026-setn-zhu-hao,raw-not-distributed/D054-2026-setn-zhu-hao/wiki.md#semantic,2026-08-29 12:33:40
6443,academic/wiki/papers/D054-2026-setn-zhu-hao,raw-not-distributed/D054-2026-setn-zhu-hao/wiki.md#semantic,2026-08-29 12:33:40
6444,academic/wiki/papers/D054-2026-setn-zhu-hao,raw-not-distributed/D054-2026-setn-zhu-hao/wiki.md#semantic,2026-08-29 12:33:40
6445,academic/wiki/papers/D054-2026-setn-zhu-hao,raw-not-distributed/D054-2026-setn-zhu-hao/wiki.md#semantic,2026-08-29 12:33:40
6446,academic/wiki/papers/D054-2026-setn-zhu-hao,raw-not-distributed/D054-2026-setn-zhu-hao/paper.md,2026-08-29 12:33:40
6447,academic/wiki/papers/D054-2026-setn-zhu-hao,raw-not-distributed/D054-2026-setn-zhu-hao/paper.md,2026-08-29 12:33:40
6448,academic/wiki/papers/D054-2026-setn-zhu-hao,raw-not-distributed/D054-2026-setn-zhu-hao/paper.md,2026-08-29 12:33:40
6449,academic/wiki/papers/D054-2026-setn-zhu-hao,raw-not-distributed/D054-2026-setn-zhu-hao/paper.md,2026-08-29 12:33:40
6450,academic/wiki/papers/D054-2026-setn-zhu-hao,raw-not-distributed/D054-2026-setn-zhu-hao/paper.md,2026-08-29 12:33:40
6451,academic/wiki/papers/D054-2026-setn-zhu-hao,raw-not-distributed/D054-2026-setn-zhu-hao/paper.md,2026-08-29 12:33:40
6452,academic/wiki/papers/D054-2026-setn-zhu-hao,raw-not-distributed/D054-2026-setn-zhu-hao/paper.md,2026-08-29 12:33:40
6453,academic/wiki/papers/D054-2026-setn-zhu-hao,raw-not-distributed/D054-2026-setn-zhu-hao/paper.md,2026-08-29 12:33:40
6666,academic/wiki/papers/D055-2026-fdz-kagome-magnetic-platform,raw-not-distributed/D055-2026-fdz-kagome-magnetic-platform/paper.md,2026-08-29 12:36:51
6667,academic/wiki/papers/D055-2026-fdz-kagome-magnetic-platform,raw-not-distributed/D055-2026-fdz-kagome-magnetic-platform/wiki.md#semantic,2026-08-29 12:36:51
6668,academic/wiki/papers/D055-2026-fdz-kagome-magnetic-platform,raw-not-distributed/D055-2026-fdz-kagome-magnetic-platform/wiki.md#semantic,2026-08-29 12:36:51
6669,academic/wiki/papers/D055-2026-fdz-kagome-magnetic-platform,raw-not-distributed/D055-2026-fdz-kagome-magnetic-platform/wiki.md#semantic,2026-08-29 12:36:51
6670,academic/wiki/papers/D055-2026-fdz-kagome-magnetic-platform,raw-not-distributed/D055-2026-fdz-kagome-magnetic-platform/wiki.md#semantic,2026-08-29 12:36:51
6671,academic/wiki/papers/D055-2026-fdz-kagome-magnetic-platform,raw-not-distributed/D055-2026-fdz-kagome-magnetic-platform/wiki.md#semantic,2026-08-29 12:36:51
6672,academic/wiki/papers/D055-2026-fdz-kagome-magnetic-platform,raw-not-distributed/D055-2026-fdz-kagome-magnetic-platform/wiki.md#semantic,2026-08-29 12:36:51
6673,academic/wiki/papers/D055-2026-fdz-kagome-magnetic-platform,raw-not-distributed/D055-2026-fdz-kagome-magnetic-platform/wiki.md#semantic,2026-08-29 12:36:51
6674,academic/wiki/papers/D055-2026-fdz-kagome-magnetic-platform,raw-not-distributed/D055-2026-fdz-kagome-magnetic-platform/wiki.md#semantic,2026-08-29 12:36:51
6675,academic/wiki/papers/D055-2026-fdz-kagome-magnetic-platform,raw-not-distributed/D055-2026-fdz-kagome-magnetic-platform/wiki.md#semantic,2026-08-29 12:36:51
6676,academic/wiki/papers/D055-2026-fdz-kagome-magnetic-platform,raw-not-distributed/D055-2026-fdz-kagome-magnetic-platform/wiki.md#semantic,2026-08-29 12:36:51
6677,academic/wiki/papers/D055-2026-fdz-kagome-magnetic-platform,raw-not-distributed/D055-2026-fdz-kagome-magnetic-platform/wiki.md#semantic,2026-08-29 12:36:51
6678,academic/wiki/papers/D055-2026-fdz-kagome-magnetic-platform,raw-not-distributed/D055-2026-fdz-kagome-magnetic-platform/wiki.md#semantic,2026-08-29 12:36:51
6679,academic/wiki/papers/D055-2026-fdz-kagome-magnetic-platform,raw-not-distributed/D055-2026-fdz-kagome-magnetic-platform/wiki.md#semantic,2026-08-29 12:36:51
6680,academic/wiki/papers/D055-2026-fdz-kagome-magnetic-platform,raw-not-distributed/D055-2026-fdz-kagome-magnetic-platform/wiki.md#semantic,2026-08-29 12:36:51
6681,academic/wiki/papers/D055-2026-fdz-kagome-magnetic-platform,raw-not-distributed/D055-2026-fdz-kagome-magnetic-platform/wiki.md#semantic,2026-08-29 12:36:51
6682,academic/wiki/papers/D055-2026-fdz-kagome-magnetic-platform,raw-not-distributed/D055-2026-fdz-kagome-magnetic-platform/wiki.md#semantic,2026-08-29 12:36:51
6683,academic/wiki/papers/D055-2026-fdz-kagome-magnetic-platform,raw-not-distributed/D055-2026-fdz-kagome-magnetic-platform/wiki.md#semantic,2026-08-29 12:36:51
6684,academic/wiki/papers/D055-2026-fdz-kagome-magnetic-platform,raw-not-distributed/D055-2026-fdz-kagome-magnetic-platform/wiki.md#semantic,2026-08-29 12:36:51
6685,academic/wiki/papers/D055-2026-fdz-kagome-magnetic-platform,raw-not-distributed/D055-2026-fdz-kagome-magnetic-platform/wiki.md#semantic,2026-08-29 12:36:51
6686,academic/wiki/papers/D055-2026-fdz-kagome-magnetic-platform,raw-not-distributed/D055-2026-fdz-kagome-magnetic-platform/wiki.md#semantic,2026-08-29 12:36:51
6687,academic/wiki/papers/D055-2026-fdz-kagome-magnetic-platform,raw-not-distributed/D055-2026-fdz-kagome-magnetic-platform/wiki.md#semantic,2026-08-29 12:36:51
6688,academic/wiki/papers/D055-2026-fdz-kagome-magnetic-platform,raw-not-distributed/D055-2026-fdz-kagome-magnetic-platform/wiki.md#semantic,2026-08-29 12:36:51
6689,academic/wiki/papers/D055-2026-fdz-kagome-magnetic-platform,raw-not-distributed/D055-2026-fdz-kagome-magnetic-platform/wiki.md#semantic,2026-08-29 12:36:51
6690,academic/wiki/papers/D055-2026-fdz-kagome-magnetic-platform,raw-not-distributed/D055-2026-fdz-kagome-magnetic-platform/wiki.md#semantic,2026-08-29 12:36:51
6691,academic/wiki/papers/D055-2026-fdz-kagome-magnetic-platform,raw-not-distributed/D055-2026-fdz-kagome-magnetic-platform/wiki.md#semantic,2026-08-29 12:36:51
6692,academic/wiki/papers/D055-2026-fdz-kagome-magnetic-platform,raw-not-distributed/D055-2026-fdz-kagome-magnetic-platform/wiki.md#semantic,2026-08-29 12:36:51
6693,academic/wiki/papers/D055-2026-fdz-kagome-magnetic-platform,raw-not-distributed/D055-2026-fdz-kagome-magnetic-platform/paper.md,2026-08-29 12:36:51
6694,academic/wiki/papers/D055-2026-fdz-kagome-magnetic-platform,raw-not-distributed/D055-2026-fdz-kagome-magnetic-platform/paper.md,2026-08-29 12:36:51
6695,academic/wiki/papers/D055-2026-fdz-kagome-magnetic-platform,raw-not-distributed/D055-2026-fdz-kagome-magnetic-platform/paper.md,2026-08-29 12:36:51
6696,academic/wiki/papers/D055-2026-fdz-kagome-magnetic-platform,raw-not-distributed/D055-2026-fdz-kagome-magnetic-platform/paper.md,2026-08-29 12:36:51
6697,academic/wiki/papers/D055-2026-fdz-kagome-magnetic-platform,raw-not-distributed/D055-2026-fdz-kagome-magnetic-platform/paper.md,2026-08-29 12:36:51
6698,academic/wiki/papers/D055-2026-fdz-kagome-magnetic-platform,raw-not-distributed/D055-2026-fdz-kagome-magnetic-platform/paper.md,2026-08-29 12:36:51
6699,academic/wiki/papers/D055-2026-fdz-kagome-magnetic-platform,raw-not-distributed/D055-2026-fdz-kagome-magnetic-platform/paper.md,2026-08-29 12:36:51
6700,academic/wiki/papers/D055-2026-fdz-kagome-magnetic-platform,raw-not-distributed/D055-2026-fdz-kagome-magnetic-platform/paper.md,2026-08-29 12:36:51
6701,academic/wiki/papers/D055-2026-fdz-kagome-magnetic-platform,raw-not-distributed/D055-2026-fdz-kagome-magnetic-platform/paper.md,2026-08-29 12:36:51
6927,academic/wiki/papers/D056-2026-icomputing-qml-orthogonality,raw-not-distributed/D056-2026-icomputing-qml-orthogonality/paper.md,2026-08-29 12:39:17
6928,academic/wiki/papers/D056-2026-icomputing-qml-orthogonality,raw-not-distributed/D056-2026-icomputing-qml-orthogonality/wiki.md#semantic,2026-08-29 12:39:17
6929,academic/wiki/papers/D056-2026-icomputing-qml-orthogonality,raw-not-distributed/D056-2026-icomputing-qml-orthogonality/wiki.md#semantic,2026-08-29 12:39:17
6930,academic/wiki/papers/D056-2026-icomputing-qml-orthogonality,raw-not-distributed/D056-2026-icomputing-qml-orthogonality/wiki.md#semantic,2026-08-29 12:39:17
6931,academic/wiki/papers/D056-2026-icomputing-qml-orthogonality,raw-not-distributed/D056-2026-icomputing-qml-orthogonality/wiki.md#semantic,2026-08-29 12:39:17
6932,academic/wiki/papers/D056-2026-icomputing-qml-orthogonality,raw-not-distributed/D056-2026-icomputing-qml-orthogonality/wiki.md#semantic,2026-08-29 12:39:17
6933,academic/wiki/papers/D056-2026-icomputing-qml-orthogonality,raw-not-distributed/D056-2026-icomputing-qml-orthogonality/wiki.md#semantic,2026-08-29 12:39:17
6934,academic/wiki/papers/D056-2026-icomputing-qml-orthogonality,raw-not-distributed/D056-2026-icomputing-qml-orthogonality/wiki.md#semantic,2026-08-29 12:39:17
6935,academic/wiki/papers/D056-2026-icomputing-qml-orthogonality,raw-not-distributed/D056-2026-icomputing-qml-orthogonality/wiki.md#semantic,2026-08-29 12:39:17
6936,academic/wiki/papers/D056-2026-icomputing-qml-orthogonality,raw-not-distributed/D056-2026-icomputing-qml-orthogonality/wiki.md#semantic,2026-08-29 12:39:17
6937,academic/wiki/papers/D056-2026-icomputing-qml-orthogonality,raw-not-distributed/D056-2026-icomputing-qml-orthogonality/wiki.md#semantic,2026-08-29 12:39:17
6938,academic/wiki/papers/D056-2026-icomputing-qml-orthogonality,raw-not-distributed/D056-2026-icomputing-qml-orthogonality/wiki.md#semantic,2026-08-29 12:39:17
6939,academic/wiki/papers/D056-2026-icomputing-qml-orthogonality,raw-not-distributed/D056-2026-icomputing-qml-orthogonality/wiki.md#semantic,2026-08-29 12:39:17
6940,academic/wiki/papers/D056-2026-icomputing-qml-orthogonality,raw-not-distributed/D056-2026-icomputing-qml-orthogonality/wiki.md#semantic,2026-08-29 12:39:17
6941,academic/wiki/papers/D056-2026-icomputing-qml-orthogonality,raw-not-distributed/D056-2026-icomputing-qml-orthogonality/wiki.md#semantic,2026-08-29 12:39:17
6942,academic/wiki/papers/D056-2026-icomputing-qml-orthogonality,raw-not-distributed/D056-2026-icomputing-qml-orthogonality/wiki.md#semantic,2026-08-29 12:39:17
6943,academic/wiki/papers/D056-2026-icomputing-qml-orthogonality,raw-not-distributed/D056-2026-icomputing-qml-orthogonality/wiki.md#semantic,2026-08-29 12:39:17
6944,academic/wiki/papers/D056-2026-icomputing-qml-orthogonality,raw-not-distributed/D056-2026-icomputing-qml-orthogonality/wiki.md#semantic,2026-08-29 12:39:17
6945,academic/wiki/papers/D056-2026-icomputing-qml-orthogonality,raw-not-distributed/D056-2026-icomputing-qml-orthogonality/wiki.md#semantic,2026-08-29 12:39:17
6946,academic/wiki/papers/D056-2026-icomputing-qml-orthogonality,raw-not-distributed/D056-2026-icomputing-qml-orthogonality/wiki.md#semantic,2026-08-29 12:39:17
6947,academic/wiki/papers/D056-2026-icomputing-qml-orthogonality,raw-not-distributed/D056-2026-icomputing-qml-orthogonality/wiki.md#semantic,2026-08-29 12:39:17
6948,academic/wiki/papers/D056-2026-icomputing-qml-orthogonality,raw-not-distributed/D056-2026-icomputing-qml-orthogonality/wiki.md#semantic,2026-08-29 12:39:17
6949,academic/wiki/papers/D056-2026-icomputing-qml-orthogonality,raw-not-distributed/D056-2026-icomputing-qml-orthogonality/wiki.md#semantic,2026-08-29 12:39:17
6950,academic/wiki/papers/D056-2026-icomputing-qml-orthogonality,raw-not-distributed/D056-2026-icomputing-qml-orthogonality/wiki.md#semantic,2026-08-29 12:39:17
6951,academic/wiki/papers/D056-2026-icomputing-qml-orthogonality,raw-not-distributed/D056-2026-icomputing-qml-orthogonality/wiki.md#semantic,2026-08-29 12:39:17
6952,academic/wiki/papers/D056-2026-icomputing-qml-orthogonality,raw-not-distributed/D056-2026-icomputing-qml-orthogonality/wiki.md#semantic,2026-08-29 12:39:17
6953,academic/wiki/papers/D056-2026-icomputing-qml-orthogonality,raw-not-distributed/D056-2026-icomputing-qml-orthogonality/wiki.md#semantic,2026-08-29 12:39:17
6954,academic/wiki/papers/D056-2026-icomputing-qml-orthogonality,raw-not-distributed/D056-2026-icomputing-qml-orthogonality/paper.md,2026-08-29 12:39:17
6955,academic/wiki/papers/D056-2026-icomputing-qml-orthogonality,raw-not-distributed/D056-2026-icomputing-qml-orthogonality/paper.md,2026-08-29 12:39:17
6956,academic/wiki/papers/D056-2026-icomputing-qml-orthogonality,raw-not-distributed/D056-2026-icomputing-qml-orthogonality/paper.md,2026-08-29 12:39:17
6957,academic/wiki/papers/D056-2026-icomputing-qml-orthogonality,raw-not-distributed/D056-2026-icomputing-qml-orthogonality/paper.md,2026-08-29 12:39:17
6958,academic/wiki/papers/D056-2026-icomputing-qml-orthogonality,raw-not-distributed/D056-2026-icomputing-qml-orthogonality/paper.md,2026-08-29 12:39:18
6959,academic/wiki/papers/D056-2026-icomputing-qml-orthogonality,raw-not-distributed/D056-2026-icomputing-qml-orthogonality/paper.md,2026-08-29 12:39:18
6960,academic/wiki/papers/D056-2026-icomputing-qml-orthogonality,raw-not-distributed/D056-2026-icomputing-qml-orthogonality/paper.md,2026-08-29 12:39:18
